hypothesis,registration,coil,point,combo,mode,retcode,Id_A,Id_target_A,Id_err_rel,T_mN,T_target_mN,T_err_rel,T_err_sigma,Id_rms_rel,Id_pp_rel,Id_f_dominant_Hz,current_eff,anode_eff,error
H1a,L38-hist,1p6kW,Xe1,a=1/16_b=0.8_c=0.9L_w=0.1L,vacuum,success,7.345854106008513,6.960964151571712,0.05529262125992947,87.65717013883679,72.8,0.2040820074016043,3.0320755385381206,2.2192674542694304,11.73152948386987,4994.999999999999,0.5392556475343029,0.4532071877138641,
H1a,L38-hist,1p6kW,Xe1,a=1/16_b=0.8_c=0.9L_w=0.25L,vacuum,success,5.838057531116431,6.960964151571712,-0.16131481156985142,81.70999236286495,72.8,0.12239000498440868,1.818365788339786,0.7245343330736277,3.6283028568177302,5993.999999999999,0.6299326001433501,0.49550285927506593,
H1a,L38-hist,1p6kW,Xe1,a=1/16_b=0.8_c=1.1L_w=0.1L,vacuum,success,6.306236577113851,6.960964151571712,-0.09405702431466056,76.21264400721995,72.8,0.04687697812115301,0.6964579606571304,2.6384053603706503,13.85568932207416,3995.999999999999,0.6339326839894724,0.3990690008115766,
H1a,L38-hist,1p6kW,Xe1,a=1/16_b=0.8_c=1.1L_w=0.25L,vacuum,success,5.771451836005032,6.960964151571712,-0.17088326985538357,73.59056415087139,72.8,0.010859397676804649,0.1613396226268119,1.0249089505337325,3.887441711136509,4994.999999999999,0.609799035491439,0.4065588173088465,
H1a,L38-hist,1p6kW,Xe1,a=1/16_b=0.8_c=1L_w=0.1L,vacuum,success,6.08932699823627,6.960964151571712,-0.12521787705782617,66.01388702845824,72.8,-0.09321583752117803,-1.3849210146003592,2.630050349381457,14.871281938979438,3995.999999999999,0.507897417018758,0.31007411324551004,
H1a,L38-hist,1p6kW,Xe1,a=1/16_b=0.8_c=1L_w=0.25L,vacuum,success,6.2762558980361485,6.960964151571712,-0.09836399651346629,83.25587370227689,72.8,0.14362463876753956,2.133851775974873,0.8217615697638583,3.2386527771516156,5993.999999999999,0.6106735359484903,0.47851253450222997,
H1a,L38-hist,1p6kW,Xe1,a=1/16_b=0.97_c=0.9L_w=0.1L,vacuum,success,5.754955003817826,6.960964151571712,-0.17325317606779833,85.65399573754608,72.8,0.17656587551574274,2.623264436233892,0.013325539745428964,0.07291166387599558,4994.999999999999,0.6344239689605568,0.5523540187666559,
H1a,L38-hist,1p6kW,Xe1,a=1/16_b=0.97_c=0.9L_w=0.25L,vacuum,success,4.132575668177345,6.960964151571712,-0.4063213689666463,73.07358843967961,72.8,0.0037580829626319154,0.05583437544481702,0.2851327950899369,1.1140044851133306,8990.999999999998,0.8456694256237799,0.5598404199407649,
H1a,L38-hist,1p6kW,Xe1,a=1/16_b=0.97_c=1.1L_w=0.1L,vacuum,success,4.450409099135169,6.960964151571712,-0.36066197121122745,64.73777275935437,72.8,-0.11074487967919826,-1.6453524980909453,3.3949140308249075,20.380592897599747,6992.999999999998,0.8079288903512167,0.4080184186437877,
H1a,L38-hist,1p6kW,Xe1,a=1/16_b=0.97_c=1.1L_w=0.25L,vacuum,success,4.786116775457785,6.960964151571712,-0.3124347904625927,77.22123972507683,72.8,0.06073131490490145,0.90229382144425,3.0968947739959463,16.50168506134866,6992.999999999998,0.8421207103127673,0.5398268030970672,
H1a,L38-hist,1p6kW,Xe1,a=1/16_b=0.97_c=1L_w=0.1L,vacuum,success,5.272906861763826,6.960964151571712,-0.24250337353436022,76.70649530235261,72.8,0.05366064975759062,0.797243939255632,2.3278384764586213,9.092396886894017,3995.999999999999,0.6897073923251221,0.48347984712939973,
H1a,L38-hist,1p6kW,Xe1,a=1/16_b=0.97_c=1L_w=0.25L,vacuum,success,4.1554971662893205,6.960964151571712,-0.4030285064244939,62.545913608459514,72.8,-0.1408528350486331,-2.09267069215112,0.9095657153243188,3.500356924371246,4994.999999999999,0.8637338497648175,0.4078862697029488,
H1a,L38-hist,1p6kW,Xe1,a=1/16_b=0.9_c=0.9L_w=0.1L,vacuum,success,6.687730034822119,6.960964151571712,-0.03925233786585442,87.12885608405266,72.8,0.1968249462095145,2.9242563436842146,1.5394028860971933,5.406703253195838,4994.999999999999,0.554061509290198,0.491823738205981,
H1a,L38-hist,1p6kW,Xe1,a=1/16_b=0.9_c=0.9L_w=0.25L,vacuum,success,4.9886103481004636,6.960964151571712,-0.2833449160955544,73.27212691881343,72.8,0.006485259873810679,0.09635243241090152,0.45699408276041475,2.1562890890988786,5993.999999999999,0.7221186903060173,0.4662965570558161,
H1a,L38-hist,1p6kW,Xe1,a=1/16_b=0.9_c=1.1L_w=0.1L,vacuum,success,6.245471110112185,6.960964151571712,-0.1027864855902147,73.59025460451147,72.8,0.010855145666366384,0.16127644990030054,2.8427021956435667,15.55045310686673,3995.999999999999,0.610363622285647,0.375698622490854,
H1a,L38-hist,1p6kW,Xe1,a=1/16_b=0.9_c=1.1L_w=0.25L,vacuum,success,5.175570922362904,6.960964151571712,-0.256486485253007,71.12969095010234,72.8,-0.02294380563046242,-0.34087939793829874,0.8850199851949914,3.6314428891231056,4994.999999999999,0.7175621514869084,0.4235530122983955,
H1a,L38-hist,1p6kW,Xe1,a=1/16_b=0.9_c=1L_w=0.1L,vacuum,success,6.786594878969596,6.960964151571712,-0.025049586351158795,79.73143525413295,72.8,0.09521202272160627,1.4145786232924358,2.587303575764329,13.372492312950406,3995.999999999999,0.5788972952166133,0.40585549870060617,
H1a,L38-hist,1p6kW,Xe1,a=1/16_b=0.9_c=1L_w=0.25L,vacuum,success,5.289598165293759,6.960964151571712,-0.2401055299071719,73.67704974128866,72.8,0.012047386556162724,0.17898974312013188,0.7820446282435667,3.0738024811531304,5993.999999999999,0.6985697587324132,0.4446373778904524,
H1a,L38-hist,1p6kW,Xe1,a=1/32_b=0.8_c=0.9L_w=0.1L,vacuum,success,4.286186840611725,6.960964151571712,-0.38425385517264166,54.02153610802567,72.8,-0.25794593258206494,-3.832339569790679,2.829410319471098,15.207848681838458,3995.999999999999,0.7738305432569669,0.2950033551789041,
H1a,L38-hist,1p6kW,Xe1,a=1/32_b=0.8_c=0.9L_w=0.25L,vacuum,success,3.493672198551552,6.960964151571712,-0.4981051299103849,49.72980462933595,72.8,-0.3168982880585721,-4.708203136870214,3.129907171801455,17.873854326855202,3995.999999999999,0.8778816863978448,0.30670125118325015,
H1a,L38-hist,1p6kW,Xe1,a=1/32_b=0.8_c=1.1L_w=0.1L,vacuum,success,5.164713518386735,6.960964151571712,-0.258046241019558,71.07096775694312,72.8,-0.023750442899133042,-0.3528637230728337,1.2319662642903295,4.521905215739099,3995.999999999999,0.7881937824853167,0.4237428831672484,
H1a,L38-hist,1p6kW,Xe1,a=1/32_b=0.8_c=1.1L_w=0.25L,vacuum,success,4.375096194100909,6.960964151571712,-0.371481292126313,65.7521228642879,72.8,-0.09681149911692448,-1.4383422725943065,3.1499159429283754,18.245680328534824,9989.999999999998,0.979697192497944,0.42815019608546107,
H1a,L38-hist,1p6kW,Xe1,a=1/32_b=0.8_c=1L_w=0.1L,vacuum,success,4.343894979485452,6.960964151571712,-0.37596360433710235,57.47548675148286,72.8,-0.2105015556114992,-3.127451683370845,2.3658925938434323,13.010479053254475,3995.999999999999,0.8022832803799659,0.32949603618590334,
H1a,L38-hist,1p6kW,Xe1,a=1/32_b=0.8_c=1L_w=0.25L,vacuum,success,3.1739867867971077,6.960964151571712,-0.5440305800051485,49.87597651145944,72.8,-0.31489043253489785,-4.678372140518482,3.5374086115990564,22.964478781603226,6992.999999999998,0.9709434629072133,0.33957984403487396,
H1a,L38-hist,1p6kW,Xe1,a=1/32_b=0.97_c=0.9L_w=0.1L,vacuum,success,2.9958665289216597,6.960964151571712,-0.5696190263750712,47.708297928132914,72.8,-0.34466623725092155,-5.120755524870834,3.4468654730482635,20.556301593087383,3995.999999999999,0.9228400727596823,0.32917707356314513,
H1a,L38-hist,1p6kW,Xe1,a=1/32_b=0.97_c=0.9L_w=0.25L,vacuum,success,2.365781119966408,6.960964151571712,-0.6601360000636923,42.42588274239944,72.8,-0.41722688540660113,-6.198799440326645,2.965634381338396,15.847810345957987,3995.999999999999,0.9871296082386446,0.32964873123297306,
H1a,L38-hist,1p6kW,Xe1,a=1/32_b=0.97_c=1.1L_w=0.1L,vacuum,success,3.437747681181603,6.960964151571712,-0.5061391487836644,50.20392759470155,72.8,-0.3103856099628909,-4.611443348020092,3.881116646351473,26.22833730924582,2996.9999999999995,0.99316582812053,0.31766223474394506,
H1a,L38-hist,1p6kW,Xe1,a=1/32_b=0.97_c=1.1L_w=0.25L,vacuum,success,3.073752329989943,6.960964151571712,-0.5584300876918146,50.46664336737486,72.8,-0.30677687682177396,-4.557827884209213,3.449607881897739,20.947111103698916,2996.9999999999995,0.9769286233596343,0.3590080314963929,
H1a,L38-hist,1p6kW,Xe1,a=1/32_b=0.97_c=1L_w=0.1L,vacuum,success,4.304700097824058,6.960964151571712,-0.38159427284909925,64.00446165734341,72.8,-0.12081783437715095,-1.7950078250319568,3.2035884623034607,18.070540307418828,9989.999999999998,0.9133526592591878,0.41232701829715884,
H1a,L38-hist,1p6kW,Xe1,a=1/32_b=0.97_c=1L_w=0.25L,vacuum,success,2.74295987635645,6.960964151571712,-0.605951156099961,47.811415889853166,72.8,-0.3432497817327862,-5.099711042887109,3.2173177633902243,18.338897941045733,2996.9999999999995,0.9932310690925188,0.3610837556077901,
H1a,L38-hist,1p6kW,Xe1,a=1/32_b=0.9_c=0.9L_w=0.1L,vacuum,success,4.197509548673794,6.960964151571712,-0.3969930806602358,62.16157557804522,72.8,-0.1461322035982799,-2.17110702488873,3.052994545766548,16.92339253836738,3995.999999999999,0.9141065669510935,0.39885636806314007,
H1a,L38-hist,1p6kW,Xe1,a=1/32_b=0.9_c=0.9L_w=0.25L,vacuum,success,2.6323082269351006,6.960964151571712,-0.6218471795547528,44.02535610442525,72.8,-0.39525609746668616,-5.872376305219337,3.303309989544905,19.57085022603127,6992.999999999998,0.9780055957838826,0.3190312381806595,
H1a,L38-hist,1p6kW,Xe1,a=1/32_b=0.9_c=1.1L_w=0.1L,vacuum,success,4.205133882530974,6.960964151571712,-0.3958977821223948,59.98507645798271,72.8,-0.17602916953320463,-2.61529051877904,1.37181719331246,5.212315072871002,3995.999999999999,0.8620617629060455,0.37074115760571474,
H1a,L38-hist,1p6kW,Xe1,a=1/32_b=0.9_c=1.1L_w=0.25L,vacuum,success,3.206941271711905,6.960964151571712,-0.5392963960333266,51.003039588638195,72.8,-0.2994087968593655,-4.448359267624858,3.661879479584039,23.653803363095292,2996.9999999999995,1.019694503121355,0.35145142378705724,
H1a,L38-hist,1p6kW,Xe1,a=1/32_b=0.9_c=1L_w=0.1L,vacuum,success,3.3464901212152225,6.960964151571712,-0.5192490510873238,47.22161193179944,72.8,-0.35135148445330444,-5.220079197591951,3.7012705184834584,24.874412632313206,6992.999999999998,0.8851808122325386,0.2887063019628452,
H1a,L38-hist,1p6kW,Xe1,a=1/32_b=0.9_c=1L_w=0.25L,vacuum,success,3.1990121195861114,6.960964151571712,-0.5404354842333431,49.41267416726707,72.8,-0.32125447572435345,-4.772923639333251,3.273624243976884,20.123218538579227,2996.9999999999995,0.939149051207616,0.33069301853615146,
H1a,L38-hist,1p6kW,Xe1,a=1/8_b=0.8_c=0.9L_w=0.1L,vacuum,success,10.946243026931048,6.960964151571712,0.5725182300298878,88.15276915189928,72.8,0.21088968615246254,3.133218194265157,0.006171852306925403,0.034581799389479084,5993.999999999999,0.3333704592461774,0.30758916152800997,
H1a,L38-hist,1p6kW,Xe1,a=1/8_b=0.8_c=0.9L_w=0.25L,vacuum,success,8.903471311909362,6.960964151571712,0.2790571992672958,89.1226582538036,72.8,0.22421233865114842,3.331154745674205,0.16655504650586478,0.5648210211430543,6992.999999999998,0.4111495249231196,0.3865281206993233,
H1a,L38-hist,1p6kW,Xe1,a=1/8_b=0.8_c=1.1L_w=0.1L,vacuum,success,11.374974388832202,6.960964151571712,0.6341090316150892,88.76978108963915,72.8,0.21936512485768056,3.2591389978855396,0.02210931454067459,0.11387288091115035,5993.999999999999,0.3213626934388491,0.3001539519292752,
H1a,L38-hist,1p6kW,Xe1,a=1/8_b=0.8_c=1.1L_w=0.25L,vacuum,success,9.183138739868667,6.960964151571712,0.31923373542948236,88.45818021162553,72.8,0.2150848930168342,3.1955469819643936,0.4807966248779979,1.5400439374974175,5993.999999999999,0.3927098366456784,0.36918925369331945,
H1a,L38-hist,1p6kW,Xe1,a=1/8_b=0.8_c=1L_w=0.1L,vacuum,success,11.147567506460303,6.960964151571712,0.6014401545141272,88.50581864650665,72.8,0.2157392671223441,3.205269111531969,0.011525505614373311,0.06180290628783071,5993.999999999999,0.32755826037512725,0.3044582393173478,
H1a,L38-hist,1p6kW,Xe1,a=1/8_b=0.8_c=1L_w=0.25L,vacuum,success,9.072945032930726,6.960964151571712,0.3034034991951726,89.13426832708397,72.8,0.22437181767972486,3.333524148384483,0.34868407157869263,1.0161022495847034,5993.999999999999,0.40197095098778907,0.379406986165694,
H1a,L38-hist,1p6kW,Xe1,a=1/8_b=0.97_c=0.9L_w=0.1L,vacuum,success,8.04146644130452,6.960964151571712,0.15522307918923006,88.14634211494118,72.8,0.21080140267776326,3.1319065540696256,0.24797749488673718,0.9165768327861578,5993.999999999999,0.45237318336573396,0.4186369243521483,
H1a,L38-hist,1p6kW,Xe1,a=1/8_b=0.97_c=0.9L_w=0.25L,vacuum,success,5.747187484859227,6.960964151571712,-0.17436904432820954,86.65420724228375,72.8,0.1903050445368646,2.827389233119131,0.008294512930595284,0.05108199787924448,7991.999999999998,0.6313972883717428,0.5660934599308657,
H1a,L38-hist,1p6kW,Xe1,a=1/8_b=0.97_c=1.1L_w=0.1L,vacuum,success,8.367593815912812,6.960964151571712,0.20207397046047104,91.53342514944553,72.8,0.2573272685363398,3.823147989682762,0.596958197952341,1.776880520130234,4994.999999999999,0.4429560389751771,0.43383344834941456,
H1a,L38-hist,1p6kW,Xe1,a=1/8_b=0.97_c=1.1L_w=0.25L,vacuum,success,6.026548015851161,6.960964151571712,-0.1342365964504457,86.60105106554511,72.8,0.1895748772739712,2.816541033784715,0.030558777889136735,0.15945356381822742,6992.999999999998,0.6069054787379697,0.5391900886837306,
H1a,L38-hist,1p6kW,Xe1,a=1/8_b=0.97_c=1L_w=0.1L,vacuum,success,8.032752853278494,6.960964151571712,0.15397130029247208,87.96246038071925,72.8,0.20827555468020947,3.0943796695345402,0.4705452112318962,1.4702689786565728,4994.999999999999,0.44680137812861676,0.4173443393244985,
H1a,L38-hist,1p6kW,Xe1,a=1/8_b=0.97_c=1L_w=0.25L,vacuum,success,5.716611652417629,6.960964151571712,-0.178761515223882,83.7348695341716,72.8,0.15020425184301642,2.231606027381958,0.2602949043328822,0.8312129220261157,7991.999999999998,0.6287131330372995,0.5314203747050802,
H1a,L38-hist,1p6kW,Xe1,a=1/8_b=0.9_c=0.9L_w=0.1L,vacuum,success,9.834975677752116,6.960964151571712,0.41287549592271383,88.89086025685319,72.8,0.22102830023149986,3.2838490320108544,0.007522370777203355,0.033199760719077584,5993.999999999999,0.37301926097124527,0.3481008819748921,
H1a,L38-hist,1p6kW,Xe1,a=1/8_b=0.9_c=0.9L_w=0.25L,vacuum,success,7.53078300612203,6.960964151571712,0.08185918532875351,89.5244612375081,72.8,0.22973161040533113,3.4131553545934907,0.017629188056495007,0.09969167469433828,5993.999999999999,0.48747022746346763,0.46111313534381276,
H1a,L38-hist,1p6kW,Xe1,a=1/8_b=0.9_c=1.1L_w=0.1L,vacuum,success,10.254589802178351,6.960964151571712,0.47315653103356,89.43108182141302,72.8,0.2284489261183106,3.3940983309006145,0.03967052994679282,0.13642313443061307,5993.999999999999,0.3567763984679698,0.33792698339577504,
H1a,L38-hist,1p6kW,Xe1,a=1/8_b=0.9_c=1.1L_w=0.25L,vacuum,success,7.8156288488681405,6.960964151571712,0.12277964355030531,89.1100160723146,72.8,0.22403868231201365,3.328574708635631,0.5689387891904105,2.1173902231064208,4994.999999999999,0.46135555881325674,0.4402033185477684,
H1a,L38-hist,1p6kW,Xe1,a=1/8_b=0.9_c=1L_w=0.1L,vacuum,success,10.034830118883953,6.960964151571712,0.4415862372482114,89.30869643359605,72.8,0.2267678081537919,3.3691217211420508,0.015226874229433189,0.06112546545661528,5993.999999999999,0.36528554747169223,0.3443829735560927,
H1a,L38-hist,1p6kW,Xe1,a=1/8_b=0.9_c=1L_w=0.25L,vacuum,success,7.721034351559491,6.960964151571712,0.10919036263333769,90.32383053110956,72.8,0.24071195784491156,3.5762919451244,0.11950637358278234,0.6049306193031446,5993.999999999999,0.475604457935815,0.45781857086067435,
H1a,L38-hist,1p6kW,Xe2,a=1/16_b=0.8_c=0.9L_w=0.1L,vacuum,success,7.633182615604029,8.044447084198758,-0.051124019375123037,91.62912415146381,83.4,0.09867055337486592,1.6794130921354729,1.9140369468395129,10.109449442596128,4994.999999999999,0.4949370569703347,0.4394409941431514,
H1a,L38-hist,1p6kW,Xe2,a=1/16_b=0.8_c=0.9L_w=0.25L,vacuum,success,6.325542517089825,8.044447084198758,-0.2136759119822266,89.91421485369493,83.4,0.07810809177092236,1.3294316027948825,0.42968984482995665,2.1688614903014445,6992.999999999998,0.5749290997117636,0.5106203086627132,
H1a,L38-hist,1p6kW,Xe2,a=1/16_b=0.8_c=1.1L_w=0.1L,vacuum,success,6.313504024942102,8.044447084198758,-0.21517240913382943,70.27463793391031,83.4,-0.15737844203944473,-2.6786453196101405,2.5301992328985055,12.99484031749526,3995.999999999999,0.5337750352412993,0.31251144154013,
H1a,L38-hist,1p6kW,Xe2,a=1/16_b=0.8_c=1.1L_w=0.25L,vacuum,success,5.518875412539257,8.044447084198758,-0.3139521766039502,74.69127751729789,83.4,-0.1044211328861165,-1.7772903025922684,2.6163025084620894,14.170921141132464,3995.999999999999,0.5994662476577604,0.4038576702786818,
H1a,L38-hist,1p6kW,Xe2,a=1/16_b=0.8_c=1L_w=0.1L,vacuum,success,7.688293067441994,8.044447084198758,-0.044273274847731525,87.68682310410702,83.4,0.051400756643969106,0.8748618579810251,2.207740080648797,10.211269774430743,8990.999999999998,0.52096873515698,0.39955621685320936,
H1a,L38-hist,1p6kW,Xe2,a=1/16_b=0.8_c=1L_w=0.25L,vacuum,success,6.137735540752195,8.044447084198758,-0.2370220754129648,86.44725756701907,83.4,0.036537860515816166,0.6218892993916465,0.7802923203350479,3.1703928990801127,5993.999999999999,0.5829916984541558,0.48644463650784625,
H1a,L38-hist,1p6kW,Xe2,a=1/16_b=0.97_c=0.9L_w=0.1L,vacuum,success,5.967058670993071,8.044447084198758,-0.25823880640425634,90.13986182449646,83.4,0.08081369094120452,1.3754820049992766,0.0460876291781346,0.29925856262588885,5993.999999999999,0.6147370145415033,0.5440171843336578,
H1a,L38-hist,1p6kW,Xe2,a=1/16_b=0.97_c=0.9L_w=0.25L,vacuum,success,4.229819969529526,8.044447084198758,-0.47419382273793353,75.1289173956632,83.4,-0.09917365233017748,-1.6879760417013878,0.23965131698693612,1.023918544663407,8990.999999999998,0.8347722656803651,0.5331280444756067,
H1a,L38-hist,1p6kW,Xe2,a=1/16_b=0.97_c=1.1L_w=0.1L,vacuum,success,4.468473297025734,8.044447084198758,-0.44452698236987626,58.654680067744934,83.4,-0.2967064740078545,-5.050065292296952,3.537830731357961,21.319333145591724,6992.999999999998,0.6329740064779844,0.3075992866325252,
H1a,L38-hist,1p6kW,Xe2,a=1/16_b=0.97_c=1.1L_w=0.25L,vacuum,success,4.179406058474522,8.044447084198758,-0.480460743326426,64.27368684990796,83.4,-0.22933229196753047,-3.903329214304498,0.7356143748801639,4.7784590454230855,4994.999999999999,0.8385883426252863,0.3949035223693351,
H1a,L38-hist,1p6kW,Xe2,a=1/16_b=0.97_c=1L_w=0.1L,vacuum,success,5.468952067478645,8.044447084198758,-0.32015811525182497,82.7164842044908,83.4,-0.008195633039678773,-0.13949301949167542,2.4314484269655834,9.249580921350962,3995.999999999999,0.7066822883262773,0.49982637224953336,
H1a,L38-hist,1p6kW,Xe2,a=1/16_b=0.97_c=1L_w=0.25L,vacuum,success,4.10402775495958,8.044447084198758,-0.48983097135154463,65.55115733768127,83.4,-0.21401490002780252,-3.642620951493618,0.823058053106352,3.2616517050222225,5993.999999999999,0.840863003795348,0.41830166067925084,
H1a,L38-hist,1p6kW,Xe2,a=1/16_b=0.9_c=0.9L_w=0.1L,vacuum,success,7.011506734592533,8.044447084198758,-0.12840414497040695,92.81080905061071,83.4,0.11283943705768244,1.9205732756348397,1.7402843208194314,6.956016888223797,4994.999999999999,0.5392217836388109,0.49082300714177135,
H1a,L38-hist,1p6kW,Xe2,a=1/16_b=0.9_c=0.9L_w=0.25L,vacuum,success,5.198984236339829,8.044447084198758,-0.35371764125941074,78.31094121920431,83.4,-0.06101988945798201,-1.0385834246521835,0.19757320237108134,1.0592566581870702,45953.99999999999,0.682761197269968,0.4712653804926332,
H1a,L38-hist,1p6kW,Xe2,a=1/16_b=0.9_c=1.1L_w=0.1L,vacuum,success,6.219454297545462,8.044447084198758,-0.22686366975276945,75.28103737119527,83.4,-0.09734967180821029,-1.6569311487356606,2.6879905445139833,14.15921050235182,3995.999999999999,0.5995333323440708,0.3640475055471385,
H1a,L38-hist,1p6kW,Xe2,a=1/16_b=0.9_c=1.1L_w=0.25L,vacuum,success,5.20746913873838,8.044447084198758,-0.3526628885449306,74.98814032925522,83.4,-0.1008616267475394,-1.7167060552540379,0.8666868274061089,3.5943969231384165,4994.999999999999,0.689577791381677,0.43141735554910804,
H1a,L38-hist,1p6kW,Xe2,a=1/16_b=0.9_c=1L_w=0.1L,vacuum,success,5.858370577962998,8.044447084198758,-0.271749752761721,74.79177624220792,83.4,-0.10321611220374209,-1.7567803587330795,1.763861117115535,6.269815781584317,4994.999999999999,0.5407229781727977,0.38147844645816875,
H1a,L38-hist,1p6kW,Xe2,a=1/16_b=0.9_c=1L_w=0.25L,vacuum,success,5.471297976019386,8.044447084198758,-0.3198664968825092,79.54037902935998,83.4,-0.04627842890455661,-0.7876777491102083,0.6850859206687265,2.886687289294193,5993.999999999999,0.6756067799205739,0.4619809790688426,
H1a,L38-hist,1p6kW,Xe2,a=1/32_b=0.8_c=0.9L_w=0.1L,vacuum,success,4.6384526327021804,8.044447084198758,-0.4233969613880332,65.4110178778401,83.4,-0.2156952292824929,-3.6712208412571234,0.7584199930787804,3.1649108492923337,5993.999999999999,0.7768607805814469,0.3685257503310998,
H1a,L38-hist,1p6kW,Xe2,a=1/32_b=0.8_c=0.9L_w=0.25L,vacuum,success,3.8739353692511953,8.044447084198758,-0.5184336065979547,61.295848004440096,83.4,-0.2650377937117495,-4.511051427665286,3.1107393499440104,18.140040541368013,3995.999999999999,0.9362989377848593,0.38747964656784417,
H1a,L38-hist,1p6kW,Xe2,a=1/32_b=0.8_c=1.1L_w=0.1L,vacuum,success,4.484554533107954,8.044447084198758,-0.4425279343416025,68.08470369815721,83.4,-0.18363664630506946,-3.1255706738454676,1.6462920959595866,6.871857155750999,4994.999999999999,0.8035989312236853,0.41297041910310267,
H1a,L38-hist,1p6kW,Xe2,a=1/32_b=0.8_c=1.1L_w=0.25L,vacuum,success,3.3009811636343698,8.044447084198758,-0.5896571723222226,47.259482594531676,83.4,-0.4333395372358313,-7.375615797034352,3.5922728873686998,25.338052531847197,6992.999999999998,0.8493485676002127,0.2703174173267157,
H1a,L38-hist,1p6kW,Xe2,a=1/32_b=0.8_c=1L_w=0.1L,vacuum,success,4.6105159645346045,8.044447084198758,-0.42686975049027615,59.99157571104188,83.4,-0.2806765502273156,-4.777229446726146,0.4730479515996541,2.650375701241589,5993.999999999999,0.7148679737347459,0.31186752834521486,
H1a,L38-hist,1p6kW,Xe2,a=1/32_b=0.8_c=1L_w=0.25L,vacuum,success,3.1563917609219923,8.044447084198758,-0.6076309872033455,47.7132722666188,83.4,-0.4278984140693189,-7.283005659873712,3.779824747253092,25.052500815872214,6992.999999999998,0.9034518832708475,0.28815532789450776,
H1a,L38-hist,1p6kW,Xe2,a=1/32_b=0.97_c=0.9L_w=0.1L,vacuum,success,4.053369025142348,8.044447084198758,-0.4961283252015983,65.73537868039837,83.4,-0.21180601102639843,-3.6050247591023727,3.1620113070410625,17.63779873929984,3995.999999999999,0.9003669738330344,0.4259134394579463,
H1a,L38-hist,1p6kW,Xe2,a=1/32_b=0.97_c=0.9L_w=0.25L,vacuum,success,2.5602374006730146,8.044447084198758,-0.6817385491040222,46.29619822016839,83.4,-0.44488970959030705,-7.572204444863592,3.2178234975276134,19.087294640378584,3995.999999999999,0.9864767707560081,0.3344641471485781,
H1a,L38-hist,1p6kW,Xe2,a=1/32_b=0.97_c=1.1L_w=0.1L,vacuum,success,3.2736885359965155,8.044447084198758,-0.5930499011638932,48.5068120582617,83.4,-0.4183835484620899,-7.121058763620059,2.7887382006332513,17.044328952646666,6992.999999999998,0.92470889110835,0.2871489674556353,
H1a,L38-hist,1p6kW,Xe2,a=1/32_b=0.97_c=1.1L_w=0.25L,vacuum,success,3.1640606500796205,8.044447084198758,-0.6066776725656383,52.33167266995077,83.4,-0.372521910432245,-6.340474965316169,3.8168825536028033,25.203497615963176,2996.9999999999995,0.9718668882313384,0.345798880747977,
H1a,L38-hist,1p6kW,Xe2,a=1/32_b=0.97_c=1L_w=0.1L,vacuum,success,3.3190444560422994,8.044447084198758,-0.587411736157516,50.597526274098826,83.4,-0.3933150326846664,-6.694382393041056,3.907978861257341,26.632594235956983,6992.999999999998,0.8821541504141065,0.30816594950324616,
H1a,L38-hist,1p6kW,Xe2,a=1/32_b=0.97_c=1L_w=0.25L,vacuum,success,2.8769712722689134,8.044447084198758,-0.6423655669362309,50.98047653000649,83.4,-0.38872330299752406,-6.616229279590511,3.5368625074573035,22.190928731735216,2996.9999999999995,1.0011031804669435,0.3609203803389896,
H1a,L38-hist,1p6kW,Xe2,a=1/32_b=0.9_c=0.9L_w=0.1L,vacuum,success,4.4120058985872275,8.044447084198758,-0.45154640804916535,61.42057841090824,83.4,-0.26354222528887,-4.485596242671787,0.7465423214486572,3.1940023343950146,5993.999999999999,0.7871214418107019,0.34161023170573374,
H1a,L38-hist,1p6kW,Xe2,a=1/32_b=0.9_c=0.9L_w=0.25L,vacuum,success,2.9334405378637554,8.044447084198758,-0.6353459091519487,48.024299113099886,83.4,-0.42416907538249543,-7.219530793244921,3.380188477348062,21.375832569709136,3995.999999999999,0.945665495814836,0.31411156868447193,
H1a,L38-hist,1p6kW,Xe2,a=1/32_b=0.9_c=1.1L_w=0.1L,vacuum,success,4.629221571752005,8.044447084198758,-0.42454446858816225,66.47283202842848,83.4,-0.20296364474306366,-3.45452407583092,0.8287288845836593,3.5104140939575177,3995.999999999999,0.7557373389298665,0.3813463079965308,
H1a,L38-hist,1p6kW,Xe2,a=1/32_b=0.9_c=1.1L_w=0.25L,vacuum,success,3.289264429658039,8.044447084198758,-0.5911136719242083,54.272827961600804,83.4,-0.34924666712708874,-5.944320824163102,3.9445727772226253,27.14456066932781,2996.9999999999995,1.029925279868976,0.35777110737467055,
H1a,L38-hist,1p6kW,Xe2,a=1/32_b=0.9_c=1L_w=0.1L,vacuum,success,4.912346022941644,8.044447084198758,-0.3893494516744749,73.99694740014765,83.4,-0.1127464340509875,-1.9189903265004808,0.9315875010394001,4.083124147917852,4994.999999999999,0.8229316766658951,0.44532574997514773,
H1a,L38-hist,1p6kW,Xe2,a=1/32_b=0.9_c=1L_w=0.25L,vacuum,success,4.031014579613666,8.044447084198758,-0.49890719182781934,67.52438816196559,83.4,-0.190355058010005,-3.23992078327233,3.2582309976393558,19.113924200662066,9989.999999999998,1.004692437760889,0.4519039078604129,
H1a,L38-hist,1p6kW,Xe2,a=1/8_b=0.8_c=0.9L_w=0.1L,vacuum,success,11.291084172229153,8.044447084198758,0.403587350883018,91.68169574514182,83.4,0.09930090821512967,1.6901419888044518,0.0026572858320957557,0.017763446264737387,6992.999999999998,0.3230924279274924,0.2974190487327233,
H1a,L38-hist,1p6kW,Xe2,a=1/8_b=0.8_c=0.9L_w=0.25L,vacuum,success,9.154888644326357,8.044447084198758,0.1380382701887337,92.59134541930169,83.4,0.1102079786487012,1.8757847794493223,0.0682016142419446,0.2436964809240859,6992.999999999998,0.39937524700056365,0.37413373864321536,
H1a,L38-hist,1p6kW,Xe2,a=1/8_b=0.8_c=1.1L_w=0.1L,vacuum,success,11.680868121948507,8.044447084198758,0.4520411408874278,92.07847951685514,83.4,0.10405850739634466,1.7711182687459477,0.011409349034885625,0.06384046296832258,5993.999999999999,0.3122152915666847,0.2899881878774176,
H1a,L38-hist,1p6kW,Xe2,a=1/8_b=0.8_c=1.1L_w=0.25L,vacuum,success,9.608429823718266,8.044447084198758,0.19441768006548876,93.24766639020794,83.4,0.11807753465477146,2.009727834736314,0.2086496249044378,0.6001487576264658,5993.999999999999,0.38062323286134647,0.36154525972653334,
H1a,L38-hist,1p6kW,Xe2,a=1/8_b=0.8_c=1L_w=0.1L,vacuum,success,11.471665603529445,8.044447084198758,0.42603531149612184,91.90990535469213,83.4,0.10203723446873046,1.7367153785085958,0.006351630704619522,0.036465134183761634,5993.999999999999,0.31782274431377866,0.2941963696218748,
H1a,L38-hist,1p6kW,Xe2,a=1/8_b=0.8_c=1L_w=0.25L,vacuum,success,9.367977023550251,8.044447084198758,0.16452714841660485,93.08638470255748,83.4,0.11614370146951411,1.9768132046035665,0.14689067860165203,0.45529536200843534,5993.999999999999,0.39085607651199333,0.3695435788524137,
H1a,L38-hist,1p6kW,Xe2,a=1/8_b=0.97_c=0.9L_w=0.1L,vacuum,success,8.277217575136849,8.044447084198758,0.028935548770692786,91.3116184794236,83.4,0.09486353092834045,1.6146160162088963,0.25337986611975133,0.8436442034354835,5993.999999999999,0.43708281379139974,0.4024453005755022,
H1a,L38-hist,1p6kW,Xe2,a=1/8_b=0.97_c=0.9L_w=0.25L,vacuum,success,5.924059080925581,8.044447084198758,-0.2635840575591743,90.75313384798645,83.4,0.08816707251782305,1.5006395608135594,0.010105871367376479,0.05874131089586607,7991.999999999998,0.6134117796443943,0.5554475186088446,
H1a,L38-hist,1p6kW,Xe2,a=1/8_b=0.97_c=1.1L_w=0.1L,vacuum,success,8.247032145972796,8.044447084198758,0.025183217647358706,91.1700944596701,83.4,0.0931666002358525,1.5857335631979792,0.5251046896127601,1.5819998559039121,4994.999999999999,0.4305346050845168,0.402667216443666,
H1a,L38-hist,1p6kW,Xe2,a=1/8_b=0.97_c=1.1L_w=0.25L,vacuum,success,6.111306394098316,8.044447084198758,-0.2403074654935078,89.53119776406626,83.4,0.07351556072021893,1.2512648498094405,0.2446072178425948,0.7856174975979041,6992.999999999998,0.5972404619757884,0.5240272624734015,
H1a,L38-hist,1p6kW,Xe2,a=1/8_b=0.97_c=1L_w=0.1L,vacuum,success,8.318003342767613,8.044447084198758,0.034005601094223764,91.83534371110554,83.4,0.10114320996529416,1.7214987165521494,0.37160621437825636,1.1621154089041426,4994.999999999999,0.43290605349842837,0.4050790393322628,
H1a,L38-hist,1p6kW,Xe2,a=1/8_b=0.97_c=1L_w=0.25L,vacuum,success,6.055923683647004,8.044447084198758,-0.2471920543125575,92.46841485677919,83.4,0.10873399108847945,1.8506969095467725,0.0038021932844275906,0.024177506964863035,6992.999999999998,0.6045624498107915,0.5640863393124377,
H1a,L38-hist,1p6kW,Xe2,a=1/8_b=0.9_c=0.9L_w=0.1L,vacuum,success,10.123863117087879,8.044447084198758,0.25849085849213893,92.26196765807784,83.4,0.10625860501292375,1.8085648281791509,0.007583435656397132,0.03730784784362156,5993.999999999999,0.36149980420946076,0.3359218944774767,
H1a,L38-hist,1p6kW,Xe2,a=1/8_b=0.9_c=0.9L_w=0.25L,vacuum,success,7.754267934420181,8.044447084198758,-0.036071981920119706,93.46156521615734,83.4,0.12064226877886494,2.0533806563586396,0.031874096928264616,0.17275749212400646,5993.999999999999,0.4746490750964462,0.4500538146398485,
H1a,L38-hist,1p6kW,Xe2,a=1/8_b=0.9_c=1.1L_w=0.1L,vacuum,success,10.551263429075584,8.044447084198758,0.31162071409492154,93.08770322153607,83.4,0.1161595110495932,1.9770822901094023,0.020649804195877818,0.08230364115214135,5993.999999999999,0.3472656726323374,0.3281098847642195,
H1a,L38-hist,1p6kW,Xe2,a=1/8_b=0.9_c=1.1L_w=0.25L,vacuum,success,7.941287808833822,8.044447084198758,-0.012823662619096067,91.55577973279904,83.4,0.0977911238944728,1.6644448434283736,0.5574647104339933,1.8642907801218702,4994.999999999999,0.4482706543389696,0.4217156767183508,
H1a,L38-hist,1p6kW,Xe2,a=1/8_b=0.9_c=1L_w=0.1L,vacuum,success,10.328457186189,8.044447084198758,0.28392381453743304,92.84070798052727,83.4,0.11319793741639404,1.9266750980667882,0.011317334431791894,0.050718884435675286,5993.999999999999,0.35484783022970867,0.33341150662550884,
H1a,L38-hist,1p6kW,Xe2,a=1/8_b=0.9_c=1L_w=0.25L,vacuum,success,7.8553245658176865,8.044447084198758,-0.023509697608994663,93.22756549831887,83.4,0.1178365167664133,2.0056256119018094,0.15662852720722661,0.7087300113267847,5993.999999999999,0.46378024719611777,0.4420421711072724,
H1a,L38-hist,1p6kW,Xe3,a=1/16_b=0.8_c=0.9L_w=0.1L,vacuum,success,7.260583254074586,6.946746435450754,0.04517752613255822,89.92701478745663,86.8,0.03602551598452333,0.6381662831544131,1.3469647868583232,7.186085320089023,4994.999999999999,0.46798539536563716,0.4060532925662159,
H1a,L38-hist,1p6kW,Xe3,a=1/16_b=0.8_c=0.9L_w=0.25L,vacuum,success,6.664416732636664,6.946746435450754,-0.04064200492093676,97.9634323882107,86.8,0.12861097221440898,2.278251507798102,0.4014286952769012,1.5560428839243177,5993.999999999999,0.5606246951430893,0.5249767051729212,
H1a,L38-hist,1p6kW,Xe3,a=1/16_b=0.8_c=1.1L_w=0.1L,vacuum,success,7.939355288212236,6.946746435450754,0.14288830922285925,91.08208869369034,86.8,0.04933281905173192,0.8738956517735368,2.192835280658163,9.85831168240577,8990.999999999998,0.5135425158684555,0.3809385442520273,
H1a,L38-hist,1p6kW,Xe3,a=1/16_b=0.8_c=1.1L_w=0.25L,vacuum,success,5.845266978185469,6.946746435450754,-0.15856048115477428,90.01336230648579,86.8,0.037020303070112816,0.6557882258134269,2.9483864316464503,17.88644048284813,3995.999999999999,0.6837977709965439,0.5053401549026644,
H1a,L38-hist,1p6kW,Xe3,a=1/16_b=0.8_c=1L_w=0.1L,vacuum,success,6.466469051540545,6.946746435450754,-0.06913702527837333,76.19768611892762,86.8,-0.12214647328424405,-2.1637375267494656,2.4146466009362344,11.755590046603125,4994.999999999999,0.4776596804524229,0.32733357658807477,
H1a,L38-hist,1p6kW,Xe3,a=1/16_b=0.8_c=1L_w=0.25L,vacuum,success,6.575632446184702,6.946746435450754,-0.05342270553768544,95.98340974201358,86.8,0.1057996514056864,1.8741652534721587,0.7695628344479454,2.760062767943998,5993.999999999999,0.5559785865292798,0.5107742683865265,
H1a,L38-hist,1p6kW,Xe3,a=1/16_b=0.97_c=0.9L_w=0.1L,vacuum,success,6.035868341948288,6.946746435450754,-0.13112297993979702,92.57961918434728,86.8,0.06658547447404693,1.1795141192545453,0.5626003227771079,1.8050595702709302,4994.999999999999,0.5914046012944316,0.5176845624457671,
H1a,L38-hist,1p6kW,Xe3,a=1/16_b=0.97_c=0.9L_w=0.25L,vacuum,success,4.345450891693236,6.946746435450754,-0.3744624289843865,79.10271522471822,86.8,-0.08867839602859195,-1.5708744439350573,0.1551502916320941,0.7306509655642127,90908.99999999999,0.8462900024753909,0.5249550624014485,
H1a,L38-hist,1p6kW,Xe3,a=1/16_b=0.97_c=1.1L_w=0.1L,vacuum,success,4.525346259719414,6.946746435450754,-0.3485660802839167,63.226321021734975,86.8,-0.2715861633440671,-4.810954893523474,3.4268541113205457,19.748534616062656,3995.999999999999,0.6581177799186642,0.32204621657017846,
H1a,L38-hist,1p6kW,Xe3,a=1/16_b=0.97_c=1.1L_w=0.25L,vacuum,success,4.659582550943071,6.946746435450754,-0.3292424598709677,74.10795658006113,86.8,-0.14622169838639257,-2.5902129428446683,0.30377502610253093,2.1004477123092395,4994.999999999999,0.7838520906178439,0.42969159517378613,
H1a,L38-hist,1p6kW,Xe3,a=1/16_b=0.97_c=1L_w=0.1L,vacuum,success,5.587329916832397,6.946746435450754,-0.19569110967991568,81.56193175798916,86.8,-0.06034640831809724,-1.0689935187777224,2.4345116931465483,9.49248978400762,3995.999999999999,0.6247032707020328,0.4340551195425651,
H1a,L38-hist,1p6kW,Xe3,a=1/16_b=0.97_c=1L_w=0.25L,vacuum,success,4.553552297456626,6.946746435450754,-0.34450575679301304,78.39039341665566,86.8,-0.09688486847170905,-1.7162462414988457,0.6873282812092598,2.741371415057976,5993.999999999999,0.8519314468078458,0.49198238291528895,
H1a,L38-hist,1p6kW,Xe3,a=1/16_b=0.9_c=0.9L_w=0.1L,vacuum,success,6.927051369668286,6.946746435450754,-0.0028351496582572446,93.65754011596816,86.8,0.07900391838672996,1.3994979828506449,1.478066392157515,6.365660278325274,4994.999999999999,0.5174023638415075,0.4616483398265741,
H1a,L38-hist,1p6kW,Xe3,a=1/16_b=0.9_c=0.9L_w=0.25L,vacuum,success,5.47447446203371,6.946746435450754,-0.2119369099041417,88.78032833128283,86.8,0.022814842526299815,0.40414863903731096,0.16096147827406826,0.6357300428423834,37961.99999999999,0.6716326777453612,0.5248863174385286,
H1a,L38-hist,1p6kW,Xe3,a=1/16_b=0.9_c=1.1L_w=0.1L,vacuum,success,6.311510209253421,6.946746435450754,-0.09144370420022596,74.41521380691267,86.8,-0.14268186858395543,-2.5275073863443533,2.615159858845481,13.202355437972082,3995.999999999999,0.526381790382938,0.3198632687881403,
H1a,L38-hist,1p6kW,Xe3,a=1/16_b=0.9_c=1.1L_w=0.25L,vacuum,success,5.332267512562123,6.946746435450754,-0.23240792475878988,79.80476404553946,86.8,-0.0805902759730477,-1.427599174379702,0.8051825515551952,3.3304337086916047,4994.999999999999,0.6606505727666317,0.4354315554623095,
H1a,L38-hist,1p6kW,Xe3,a=1/16_b=0.9_c=1L_w=0.1L,vacuum,success,6.117464715951961,6.946746435450754,-0.11937699572087279,78.6543784452145,86.8,-0.09384356629937213,-1.6623717458745917,1.971887958289591,7.78491922622508,4994.999999999999,0.5112337265020166,0.368679106404349,
H1a,L38-hist,1p6kW,Xe3,a=1/16_b=0.9_c=1L_w=0.25L,vacuum,success,5.591046738262866,6.946746435450754,-0.1951560647542075,87.29499980674753,86.8,0.005702762750547533,0.10102036872398486,0.4040619482252989,1.906582971597763,5993.999999999999,0.6713178687772121,0.49688948487208395,
H1a,L38-hist,1p6kW,Xe3,a=1/32_b=0.8_c=0.9L_w=0.1L,vacuum,success,4.914095970321483,6.946746435450754,-0.2926046724199136,66.65171932812316,86.8,-0.23212304921517093,-4.111894014668741,0.7819619471497543,3.0714501441299094,5993.999999999999,0.6751643830767488,0.3295742498348097,
H1a,L38-hist,1p6kW,Xe3,a=1/32_b=0.8_c=0.9L_w=0.25L,vacuum,success,3.9345881165547585,6.946746435450754,-0.4336070629445028,62.88401625263579,86.8,-0.2755297666747029,-4.8808130096661655,3.1966243281825286,19.367616655817066,3995.999999999999,0.9039528806878462,0.36639999494305364,
H1a,L38-hist,1p6kW,Xe3,a=1/32_b=0.8_c=1.1L_w=0.1L,vacuum,success,5.093244594630699,6.946746435450754,-0.26681581918137,72.57115044181805,86.8,-0.16392683822790277,-2.903846848608563,1.4553189858478752,5.460354337632749,4994.999999999999,0.6872849598916753,0.376970768644004,
H1a,L38-hist,1p6kW,Xe3,a=1/32_b=0.8_c=1.1L_w=0.25L,vacuum,success,4.564168361160709,6.946746435450754,-0.34297755019979315,75.7576855354004,86.8,-0.12721560443087104,-2.253533564204001,0.45487509408094406,1.5416237537885351,3995.999999999999,0.8609657121672767,0.4584225076662631,
H1a,L38-hist,1p6kW,Xe3,a=1/32_b=0.8_c=1L_w=0.1L,vacuum,success,4.9467875458110395,6.946746435450754,-0.2878986455347629,74.37563391106045,86.8,-0.1431378581675064,-2.535584916110113,0.6842723499663914,3.0227989914495415,5993.999999999999,0.7862779108060581,0.40767332382595844,
H1a,L38-hist,1p6kW,Xe3,a=1/32_b=0.8_c=1L_w=0.25L,vacuum,success,4.4198712886923435,6.946746435450754,-0.3637494430289291,75.48333747459775,86.8,-0.130376296375602,-2.309522964367807,0.9401150012696522,4.341341608750384,4994.999999999999,0.8963492363137817,0.46996634463428555,
H1a,L38-hist,1p6kW,Xe3,a=1/32_b=0.97_c=0.9L_w=0.1L,vacuum,success,4.235874599481704,6.946746435450754,-0.3902361862720197,62.69468083845705,86.8,-0.2777110502481906,-4.919452890110804,0.36379329572332636,1.5193104123782304,5993.999999999999,0.8187201711653228,0.33829259345400053,
H1a,L38-hist,1p6kW,Xe3,a=1/32_b=0.97_c=0.9L_w=0.25L,vacuum,success,3.384294625299696,6.946746435450754,-0.512823066633193,64.2559745811823,86.8,-0.2597237951476693,-4.600821514044427,3.1496674296619327,17.850070773846753,3995.999999999999,1.01157732869052,0.44476751345036986,
H1a,L38-hist,1p6kW,Xe3,a=1/32_b=0.97_c=1.1L_w=0.1L,vacuum,success,4.156287391657311,6.946746435450754,-0.40169294643505704,68.69168158283381,86.8,-0.20862117992126944,-3.6955751871767726,1.024373335778771,5.209188877061977,3995.999999999999,0.9111765131841303,0.4138823619341922,
H1a,L38-hist,1p6kW,Xe3,a=1/32_b=0.97_c=1.1L_w=0.25L,vacuum,success,3.2450689358888103,6.946746435450754,-0.5328649222996654,55.49208157452655,86.8,-0.36069030444093836,-6.389371107239479,4.138968896220892,28.772960358829433,2996.9999999999995,0.9820381867313626,0.3459491735005277,
H1a,L38-hist,1p6kW,Xe3,a=1/32_b=0.97_c=1L_w=0.1L,vacuum,success,4.460858717102239,6.946746435450754,-0.3578492091869786,68.62158894533722,86.8,-0.20942869878643755,-3.709879807074036,1.0169791328053515,4.985627122665324,4994.999999999999,0.8260507635274509,0.38483739285063345,
H1a,L38-hist,1p6kW,Xe3,a=1/32_b=0.97_c=1L_w=0.25L,vacuum,success,3.8780988926497155,6.946746435450754,-0.4417388156189298,71.47120899866522,86.8,-0.1765989746697556,-3.1283246941499563,3.3589734993133735,19.836509677433863,9989.999999999998,1.0147723317187156,0.48019492975747735,
H1a,L38-hist,1p6kW,Xe3,a=1/32_b=0.9_c=0.9L_w=0.1L,vacuum,success,4.629261998655585,6.946746435450754,-0.33360717255613975,67.30001236877641,86.8,-0.22465423538276033,-3.9795893124946113,0.48019309502872737,2.0058926663678833,5993.999999999999,0.7950771246851466,0.35669146666018176,
H1a,L38-hist,1p6kW,Xe3,a=1/32_b=0.9_c=0.9L_w=0.25L,vacuum,success,3.7081433662695065,6.946746435450754,-0.46620430143440295,65.41210381893268,86.8,-0.24640433388326402,-4.364876771646391,3.281543088409216,19.40440534398431,3995.999999999999,0.9927505942694609,0.42066260837149083,
H1a,L38-hist,1p6kW,Xe3,a=1/32_b=0.9_c=1.1L_w=0.1L,vacuum,success,4.720421130108588,6.946746435450754,-0.3204846075827304,73.19690544198986,86.8,-0.15671767923974825,-2.7761417465326828,0.46065170928571114,1.9234915723190178,5993.999999999999,0.8444337294017571,0.4137889492118177,
H1a,L38-hist,1p6kW,Xe3,a=1/32_b=0.9_c=1.1L_w=0.25L,vacuum,success,3.421518174472278,6.946746435450754,-0.5074646517956193,54.409689776189346,86.8,-0.37316025603468495,-6.610267392614419,4.103797271428193,29.45658665092555,2996.9999999999995,0.9314717201514073,0.31543351872330533,
H1a,L38-hist,1p6kW,Xe3,a=1/32_b=0.9_c=1L_w=0.1L,vacuum,success,4.533374401431758,6.946746435450754,-0.34741041096635317,64.63060040275917,86.8,-0.2554078294612999,-4.524367264743026,0.6949534581755549,2.8849377061550854,5993.999999999999,0.7806631724915598,0.33591468130386615,
H1a,L38-hist,1p6kW,Xe3,a=1/32_b=0.9_c=1L_w=0.25L,vacuum,success,3.100055432692522,6.946746435450754,-0.5537399469667891,51.51940515239085,86.8,-0.4064584659862805,-7.2001213974712535,4.036482011398226,28.33272556228894,6992.999999999998,0.9536109522390696,0.3121378342658797,
H1a,L38-hist,1p6kW,Xe3,a=1/8_b=0.8_c=0.9L_w=0.1L,vacuum,success,11.696591298374512,6.946746435450754,0.6837510058930998,95.84579701740306,86.8,0.1042142513525698,1.8460810239598078,0.0016602770524215768,0.011625962713119088,6992.999999999998,0.31181547906884566,0.2863261565599838,
H1a,L38-hist,1p6kW,Xe3,a=1/8_b=0.8_c=0.9L_w=0.25L,vacuum,success,9.476820636905126,6.946746435450754,0.3642099542517998,97.08364621237075,86.8,0.1184751867784649,2.0987033086470923,0.018443112872118257,0.07353328741238616,6992.999999999998,0.38690693289600586,0.3625798702946355,
H1a,L38-hist,1p6kW,Xe3,a=1/8_b=0.8_c=1.1L_w=0.1L,vacuum,success,12.064277059608603,6.946746435450754,0.7366802101832853,96.15370192217026,86.8,0.10776154288214572,1.908918759626581,0.0047926510505679224,0.028100267403688487,5993.999999999999,0.3020986129072274,0.2793861728506647,
H1a,L38-hist,1p6kW,Xe3,a=1/8_b=0.8_c=1.1L_w=0.25L,vacuum,success,9.9158648099546,6.946746435450754,0.4274113647436146,97.62448418858565,86.8,0.12470603903900525,2.209078405833807,0.034661383804792806,0.11275643168627396,5993.999999999999,0.36954874842854507,0.3503975813796932,
H1a,L38-hist,1p6kW,Xe3,a=1/8_b=0.8_c=1L_w=0.1L,vacuum,success,11.871605073509974,6.946746435450754,0.708944638158462,96.08031794978722,86.8,0.10691610541229513,1.893942438732085,0.002996322319303853,0.018317515288421356,5993.999999999999,0.3071903015408972,0.28348730468578026,
H1a,L38-hist,1p6kW,Xe3,a=1/8_b=0.8_c=1L_w=0.25L,vacuum,success,9.683613873773252,6.946746435450754,0.39397831254580856,97.61523630619321,86.8,0.12459949661512905,2.2071910828965713,0.024592078034348118,0.08618749283427402,5993.999999999999,0.3793658878222693,0.3587335112051214,
H1a,L38-hist,1p6kW,Xe3,a=1/8_b=0.97_c=0.9L_w=0.1L,vacuum,success,8.673813948022172,6.946746435450754,0.24861530914066735,96.51539907820273,86.8,0.11192856080878727,1.98273450575566,0.14617604325088673,0.47828922691866077,5993.999999999999,0.4224325105928146,0.3915230286778735,
H1a,L38-hist,1p6kW,Xe3,a=1/8_b=0.97_c=0.9L_w=0.25L,vacuum,success,6.148731830879535,6.946746435450754,-0.11487602318385734,95.3013921157331,86.8,0.09794230548079592,1.7349779828026703,0.01422218567404305,0.08654839113077206,8990.999999999998,0.5903983400068904,0.5385017629449709,
H1a,L38-hist,1p6kW,Xe3,a=1/8_b=0.97_c=1.1L_w=0.1L,vacuum,success,8.63773163295406,6.946746435450754,0.24342117755642287,97.08894480180933,86.8,0.11853623043559142,2.0997846534304765,0.3730335316176108,1.0986437709188508,4994.999999999999,0.41923754572366445,0.39784513134345895,
H1a,L38-hist,1p6kW,Xe3,a=1/8_b=0.97_c=1.1L_w=0.25L,vacuum,success,6.302000766832139,6.946746435450754,-0.09281261013477303,94.91209909236238,86.8,0.09345736281523478,1.6555304270127302,0.19243217739310028,0.667379696418729,4994.999999999999,0.5798488419954275,0.5211213875463024,
H1a,L38-hist,1p6kW,Xe3,a=1/8_b=0.97_c=1L_w=0.1L,vacuum,success,8.874597692339213,6.946746435450754,0.2775185872698932,99.43397760397224,86.8,0.14555273737295205,2.5783627763208643,0.2425818908810664,0.7499238823174287,5993.999999999999,0.4208208927180626,0.4061581227415372,
H1a,L38-hist,1p6kW,Xe3,a=1/8_b=0.97_c=1L_w=0.25L,vacuum,success,6.231982731371522,6.946746435450754,-0.10289186610175342,96.91908190766752,86.8,0.11657928465054737,2.065118756666839,0.012681619347370648,0.06963374205310023,6992.999999999998,0.5846983730780858,0.5494985290125779,
H1a,L38-hist,1p6kW,Xe3,a=1/8_b=0.9_c=0.9L_w=0.1L,vacuum,success,10.460913227339546,6.946746435450754,0.5058723280808461,96.29092492109011,86.8,0.10934245300795051,1.9369234532836945,0.005943991859037622,0.03359181025962722,6992.999999999998,0.3492345746930733,0.3231285333572142,
H1a,L38-hist,1p6kW,Xe3,a=1/8_b=0.9_c=0.9L_w=0.25L,vacuum,success,8.00803340962519,6.946746435450754,0.15277468150535314,97.82778560310784,86.8,0.12704822123396128,2.250568490430171,0.05141746287444829,0.2655580067396019,6992.999999999998,0.4596611073436695,0.43568515465060154,
H1a,L38-hist,1p6kW,Xe3,a=1/8_b=0.9_c=1.1L_w=0.1L,vacuum,success,10.873041796353878,6.946746435450754,0.5651991759575946,97.17012096768308,86.8,0.11947143971985102,2.1163512178945036,0.020774576410925234,0.09955437257870293,5993.999999999999,0.33673177926762177,0.31658375188952126,
H1a,L38-hist,1p6kW,Xe3,a=1/8_b=0.9_c=1.1L_w=0.25L,vacuum,success,8.31824094794548,6.946746435450754,0.19742976445716975,97.16256675489242,86.8,0.11938440961857621,2.1148095418147785,0.6146168040564072,1.8966817592045389,4994.999999999999,0.4343444184437819,0.41375252247553834,
H1a,L38-hist,1p6kW,Xe3,a=1/8_b=0.9_c=1L_w=0.1L,vacuum,success,10.645848273176473,6.946746435450754,0.5324941499013697,96.78996543655998,86.8,0.11509176770230399,2.0387684564408133,0.010925538995132725,0.05831723244014259,5993.999999999999,0.34350075886764786,0.3208149437040124,
H1a,L38-hist,1p6kW,Xe3,a=1/8_b=0.9_c=1L_w=0.25L,vacuum,success,8.07906193033928,6.946746435450754,0.1629993991302281,97.28830376021892,86.8,0.12083299262925022,2.1404701551467182,0.22215514796112448,0.8564538902525822,5993.999999999999,0.45002673285350614,0.42710486471321835,
H1b,L38-hist,3p0kW,Xe1,a=1/16_b=0.8_c=0.9L_w=0.1L,vacuum,success,6.31194410538141,6.960964151571712,-0.09323709073315088,76.37895560809511,72.8,0.0491614781331746,0.7303991036928796,2.5598909736103956,13.69501746037081,8990.999999999998,0.5546687738996228,0.40045016999952,
H1b,L38-hist,3p0kW,Xe1,a=1/16_b=0.8_c=0.9L_w=0.25L,vacuum,success,6.059491285598538,6.960964151571712,-0.12950402363006439,82.55596766944664,72.8,0.13401054490998132,1.991013810091151,0.7490072381216119,2.6061808923902623,5993.999999999999,0.5910069122148245,0.48733205071298213,
H1b,L38-hist,3p0kW,Xe1,a=1/16_b=0.8_c=1.1L_w=0.1L,vacuum,success,6.858000976008223,6.960964151571712,-0.014791510676037744,78.05930501688945,72.8,0.07224320078144854,1.0733275544672354,2.838830987186929,16.156577158386717,3995.999999999999,0.5845409492387392,0.38496036157519775,
H1b,L38-hist,3p0kW,Xe1,a=1/16_b=0.8_c=1.1L_w=0.25L,vacuum,success,5.951411424126165,6.960964151571712,-0.14503058850225528,76.64108761696698,72.8,0.05276219254075528,0.7838954320340783,1.175926210810794,4.779253461456952,4994.999999999999,0.605956745072748,0.42762938407816137,
H1b,L38-hist,3p0kW,Xe1,a=1/16_b=0.8_c=1L_w=0.1L,vacuum,success,7.694320507622617,6.960964151571712,0.10535269828753833,87.38224035486564,72.8,0.20030549938002262,2.9759674193603356,2.6006191393196225,14.665490781804364,3995.999999999999,0.530743158554589,0.42997209700255135,
H1b,L38-hist,3p0kW,Xe1,a=1/16_b=0.8_c=1L_w=0.25L,vacuum,success,6.024162387882777,6.960964151571712,-0.13457931161409806,81.03411049864658,72.8,0.1131059134429476,1.680430714009507,0.778046816999306,3.87296461810982,4994.999999999999,0.6064898629569491,0.4722840337373298,
H1b,L38-hist,3p0kW,Xe1,a=1/16_b=0.97_c=0.9L_w=0.1L,vacuum,success,5.754677902446259,6.960964151571712,-0.17329298396876336,85.0675561425536,72.8,0.16851038657353837,2.5035828862354266,0.01279087594305072,0.06676467230558852,6992.999999999998,0.6362363233351891,0.5448426388863141,
H1b,L38-hist,3p0kW,Xe1,a=1/16_b=0.97_c=0.9L_w=0.25L,vacuum,success,4.064915745077482,6.960964151571712,-0.41604127581095685,67.1882228256194,72.8,-0.07708485129643669,-1.1452606478327736,0.15949279007191705,0.810691945130473,7991.999999999998,0.8627267915122147,0.48117045743304976,
H1b,L38-hist,3p0kW,Xe1,a=1/16_b=0.97_c=1.1L_w=0.1L,vacuum,success,5.796544895251285,6.960964151571712,-0.1672784446185539,77.11190716189911,72.8,0.059229493982130614,0.8799810534487976,2.89474800554347,13.74454600371499,6992.999999999998,0.6926741973588619,0.4444653201971923,
H1b,L38-hist,3p0kW,Xe1,a=1/16_b=0.97_c=1.1L_w=0.25L,vacuum,success,4.623946072560989,6.960964151571712,-0.3357319515117814,74.94302273736217,72.8,0.02943712551321656,0.43735157905350314,1.6745351033486293,11.839941418206253,3995.999999999999,0.9345290280488744,0.5262763413317391,
H1b,L38-hist,3p0kW,Xe1,a=1/16_b=0.97_c=1L_w=0.1L,vacuum,success,5.554344211828118,6.960964151571712,-0.20207257344171126,80.5065940421133,72.8,0.10585980827078703,1.5727742943088356,1.0145582283104173,4.329157953912558,3995.999999999999,0.6372545384753414,0.5055851534498887,
H1b,L38-hist,3p0kW,Xe1,a=1/16_b=0.97_c=1L_w=0.25L,vacuum,success,4.265121192489815,6.960964151571712,-0.38728010953385017,66.91125580675607,72.8,-0.08088934331379033,-1.2017845292334561,0.6209596257372921,2.3648089497273133,4994.999999999999,0.8869885178651705,0.4548112317782157,
H1b,L38-hist,3p0kW,Xe1,a=1/16_b=0.9_c=0.9L_w=0.1L,vacuum,success,6.745400778952588,6.960964151571712,-0.030967459094075705,86.86056840964459,72.8,0.19313967595665626,2.8695037570703215,1.3262412104187946,4.257726084015774,4994.999999999999,0.5463502114748746,0.48462048860570783,
H1b,L38-hist,3p0kW,Xe1,a=1/16_b=0.9_c=0.9L_w=0.25L,vacuum,success,5.138840295526296,6.960964151571712,-0.2617631432039483,76.18350431217945,72.8,0.046476707584882475,0.6905110841182539,0.19072117439263991,0.8255511910565685,50948.99999999999,0.6940560856103689,0.4893515472000491,
H1b,L38-hist,3p0kW,Xe1,a=1/16_b=0.9_c=1.1L_w=0.1L,vacuum,success,5.135710494058331,6.960964151571712,-0.2622127650379091,65.70746780667002,72.8,-0.09742489276552165,-1.4474555496591786,3.5731340577991206,24.716795268144313,6992.999999999998,0.6534405505943064,0.36424460113152396,
H1b,L38-hist,3p0kW,Xe1,a=1/16_b=0.9_c=1.1L_w=0.25L,vacuum,success,5.140567472025096,6.960964151571712,-0.2615150200329059,68.64627036830399,72.8,-0.05705672571011002,-0.8476999248359203,0.9690678063975864,4.068160880605431,4994.999999999999,0.6761936023510335,0.3971796828444651,
H1b,L38-hist,3p0kW,Xe1,a=1/16_b=0.9_c=1L_w=0.1L,vacuum,success,7.211014886865094,6.960964151571712,0.035921853618068524,91.84435021350717,72.8,0.26159821721850507,3.886602084389218,1.3218130507621373,4.474618706611822,4994.999999999999,0.5439236774262498,0.5068421158274926,
H1b,L38-hist,3p0kW,Xe1,a=1/16_b=0.9_c=1L_w=0.25L,vacuum,success,4.867820684343627,6.960964151571712,-0.3006973490526417,70.64588456893696,72.8,-0.029589497679437422,-0.4396153940944988,0.7819254138422602,3.3569519841634228,4994.999999999999,0.7281132859699655,0.4442253707476266,
H1b,L38-hist,3p0kW,Xe1,a=1/32_b=0.8_c=0.9L_w=0.1L,vacuum,success,3.4643921132030164,6.960964151571712,-0.502311456032884,46.669349924643036,72.8,-0.3589375010351232,-5.332785729664686,3.453773626666729,21.507145619981475,6992.999999999998,0.8414514476092995,0.2723959569274436,
H1b,L38-hist,3p0kW,Xe1,a=1/32_b=0.8_c=0.9L_w=0.25L,vacuum,success,3.055054750319561,6.960964151571712,-0.561116149459014,48.557769382387704,72.8,-0.3329976733188502,-4.947394003594346,3.3780106235866083,20.76056065629611,6992.999999999998,0.963304498969338,0.3343972167840048,
H1b,L38-hist,3p0kW,Xe1,a=1/32_b=0.8_c=1.1L_w=0.1L,vacuum,success,3.604312508072031,6.960964151571712,-0.48221073552602406,49.38057315328324,72.8,-0.3216954237186369,-4.779474866676891,3.08687434325329,19.427783314292736,6992.999999999998,0.8799256846395129,0.29312577572675946,
H1b,L38-hist,3p0kW,Xe1,a=1/32_b=0.8_c=1.1L_w=0.25L,vacuum,success,3.509544432560326,6.960964151571712,-0.495824952385668,51.65407781916355,72.8,-0.29046596402247876,-4.315494322619684,3.726554449267278,24.712890156711417,2996.9999999999995,0.9385115146385644,0.32939930257815775,
H1b,L38-hist,3p0kW,Xe1,a=1/32_b=0.8_c=1L_w=0.1L,vacuum,success,3.61970119126984,6.960964151571712,-0.4800000240695752,43.6433200794127,72.8,-0.40050384506301234,-5.950342840936183,3.609226729473308,23.704172987709995,6992.999999999998,0.7688512222649139,0.22799590004640982,
H1b,L38-hist,3p0kW,Xe1,a=1/32_b=0.8_c=1L_w=0.25L,vacuum,success,3.5635595210047595,6.960964151571712,-0.48806523874998764,52.44888639360568,72.8,-0.2795482638240978,-4.153288491100882,3.3715714046560548,21.062937421433013,2996.9999999999995,0.9104686615283606,0.334466573979783,
H1b,L38-hist,3p0kW,Xe1,a=1/32_b=0.97_c=0.9L_w=0.1L,vacuum,success,3.0936154753921614,6.960964151571712,-0.5555765827793187,50.95331085465278,72.8,-0.30009188386465974,-4.458507988846373,3.353451546445675,19.422792171151926,6992.999999999998,0.9302263212185892,0.3636157461595519,
H1b,L38-hist,3p0kW,Xe1,a=1/32_b=0.97_c=0.9L_w=0.25L,vacuum,success,3.1420221050691346,6.960964151571712,-0.5486225705731154,57.02620941814375,72.8,-0.2166729475529705,-3.2191409350727045,2.522823527511085,11.711750796535883,6992.999999999998,0.9891790844154509,0.4484396125128951,
H1b,L38-hist,3p0kW,Xe1,a=1/32_b=0.97_c=1.1L_w=0.1L,vacuum,success,3.6327929066580653,6.960964151571712,-0.4781192910126079,54.75008842896708,72.8,-0.24793834575594675,-3.68365542265978,3.8589635360659797,25.267581689603645,2996.9999999999995,0.9612912606070877,0.3575141246304991,
H1b,L38-hist,3p0kW,Xe1,a=1/32_b=0.97_c=1.1L_w=0.25L,vacuum,success,2.1290768188777527,6.960964151571712,-0.6941405281627503,35.346232185259964,72.8,-0.5144748326200554,-7.643626084640823,4.164774393257317,29.78775999744077,4994.999999999999,0.951000892587149,0.25424891953347,
H1b,L38-hist,3p0kW,Xe1,a=1/32_b=0.97_c=1L_w=0.1L,vacuum,success,3.374736713233661,6.960964151571712,-0.5151911948186544,53.36508279961966,72.8,-0.2669631483568729,-3.9663096327306824,3.6321068344613066,22.44182601526848,2996.9999999999995,0.9344937653503499,0.3656273498256666,
H1b,L38-hist,3p0kW,Xe1,a=1/32_b=0.97_c=1L_w=0.25L,vacuum,success,2.813579852356959,6.960964151571712,-0.5958060132055583,49.44565449511173,72.8,-0.3208014492429707,-4.766192960181279,3.1005889014112475,17.172694741360772,2996.9999999999995,0.974493179129696,0.376496731127774,
H1b,L38-hist,3p0kW,Xe1,a=1/32_b=0.9_c=0.9L_w=0.1L,vacuum,success,3.322256658019318,6.960964151571712,-0.5227303882510029,48.579946068495815,72.8,-0.33269304850967296,-4.942868149286569,3.4705016650010463,21.62023448257519,6992.999999999998,0.8924374125665079,0.3077833141471126,
H1b,L38-hist,3p0kW,Xe1,a=1/32_b=0.9_c=0.9L_w=0.25L,vacuum,success,3.643216622493038,6.960964151571712,-0.47662183812993236,61.387723415285116,72.8,-0.15676204099883084,-2.3290360376969153,2.774072496457728,14.233635019385687,6992.999999999998,0.9721267647451892,0.4481694573906829,
H1b,L38-hist,3p0kW,Xe1,a=1/32_b=0.9_c=1.1L_w=0.1L,vacuum,success,3.714671031270669,6.960964151571712,-0.4663568220744341,53.462902714569815,72.8,-0.26561946820645865,-3.946346384781671,3.8135562982025335,25.708607577294252,2996.9999999999995,0.9691993092979465,0.3333871878918732,
H1b,L38-hist,3p0kW,Xe1,a=1/32_b=0.9_c=1.1L_w=0.25L,vacuum,success,3.3793738876581436,6.960964151571712,-0.5145250264081426,52.70611162830456,72.8,-0.2760149501606517,-4.100793545243968,3.6206733571091227,23.263222591146693,2996.9999999999995,0.9448883549805043,0.3561639068361615,
H1b,L38-hist,3p0kW,Xe1,a=1/32_b=0.9_c=1L_w=0.1L,vacuum,success,4.751098931179053,6.960964151571712,-0.3174653930510036,71.11131426545487,72.8,-0.023196232617378326,-0.34462974174390654,3.19245527206827,18.627884405833086,9989.999999999998,0.9436895012163858,0.46115564828943056,
H1b,L38-hist,3p0kW,Xe1,a=1/32_b=0.9_c=1L_w=0.25L,vacuum,success,3.0834375805557457,6.960964151571712,-0.5570387214449972,50.5233024515541,72.8,-0.30599859269843277,-4.546264805805286,3.4178987523699456,20.795632334637556,2996.9999999999995,0.9625145334724653,0.3586844053887101,
H1b,L38-hist,3p0kW,Xe1,a=1/8_b=0.8_c=0.9L_w=0.1L,vacuum,success,11.034147238908513,6.960964151571712,0.5851463961952913,88.14543795249531,72.8,0.21078898286394654,3.131722031121491,0.0035719628157564244,0.022708385673917822,5993.999999999999,0.3313679839138578,0.30508798213514626,
H1b,L38-hist,3p0kW,Xe1,a=1/8_b=0.8_c=0.9L_w=0.25L,vacuum,success,9.098359888307856,6.960964151571712,0.3070545531043343,90.05479144504449,72.8,0.2370163660033582,3.5213860091927502,0.12624579286645785,0.4696303351014676,5993.999999999999,0.4072726787064241,0.38620219129859334,
H1b,L38-hist,3p0kW,Xe1,a=1/8_b=0.8_c=1.1L_w=0.1L,vacuum,success,11.411147504087673,6.960964151571712,0.6393055984221893,88.7102217073979,72.8,0.21854700147524594,3.2469840219179398,0.011201916542431736,0.05646526986773166,5993.999999999999,0.3205884499809601,0.29880110938041904,
H1b,L38-hist,3p0kW,Xe1,a=1/8_b=0.8_c=1.1L_w=0.25L,vacuum,success,9.618451416672634,6.960964151571712,0.3817699972640844,92.22578114290104,72.8,0.2668376530618275,3.9644451312042936,0.3770502862130057,1.0882580316062491,5993.999999999999,0.3914544337380326,0.3831454958866715,
H1b,L38-hist,3p0kW,Xe1,a=1/8_b=0.8_c=1L_w=0.1L,vacuum,success,11.211893838887333,6.960964151571712,0.6106811635218385,88.52123815913306,72.8,0.215951073614465,3.2084159508434795,0.006409850576865219,0.034768779569399964,5993.999999999999,0.3263225162893849,0.30281694816137567,
H1b,L38-hist,3p0kW,Xe1,a=1/8_b=0.8_c=1L_w=0.25L,vacuum,success,9.138555382930312,6.960964151571712,0.3128289679335473,89.25969385258266,72.8,0.22609469577723426,3.359121194404623,0.25342979665490056,0.8124332884686938,5993.999999999999,0.40012198407290556,0.37774387684447674,
H1b,L38-hist,3p0kW,Xe1,a=1/8_b=0.97_c=0.9L_w=0.1L,vacuum,success,8.116112388036786,6.960964151571712,0.1659465860349609,88.2928441568596,72.8,0.21281379336345604,3.1618049299713467,0.1563768741734068,0.6428173533333179,5993.999999999999,0.45064261814420004,0.41616653728946634,
H1b,L38-hist,3p0kW,Xe1,a=1/8_b=0.97_c=0.9L_w=0.25L,vacuum,success,5.765353751673015,6.960964151571712,-0.1717593100416616,86.27906600971906,72.8,0.18515200562800901,2.750829797901848,0.006747733660757096,0.039651366510796544,7991.999999999998,0.628573775471863,0.5594343199641654,
H1b,L38-hist,3p0kW,Xe1,a=1/8_b=0.97_c=1.1L_w=0.1L,vacuum,success,8.40437610779752,6.960964151571712,0.20735805052234035,92.04224435342734,72.8,0.26431654331630955,3.9269886435565984,0.44453928362123407,1.4507530910181894,4994.999999999999,0.44425681564795877,0.4367502034205826,
H1b,L38-hist,3p0kW,Xe1,a=1/8_b=0.97_c=1.1L_w=0.25L,vacuum,success,6.050838963138583,6.960964151571712,-0.13074700122218452,86.55276023395477,72.8,0.18891154167520274,2.8066857620315835,0.32673477634188325,1.1014536892805185,6992.999999999998,0.614349113106595,0.5364267733154258,
H1b,L38-hist,3p0kW,Xe1,a=1/8_b=0.97_c=1L_w=0.1L,vacuum,success,8.012302725154502,6.960964151571712,0.15103347046334212,87.55798418550157,72.8,0.20271956298765878,3.011833507245216,0.3351926670060632,1.15107800056456,4994.999999999999,0.447056448748079,0.41457046116999724,
H1b,L38-hist,3p0kW,Xe1,a=1/8_b=0.97_c=1L_w=0.25L,vacuum,success,5.738593441418088,6.960964151571712,-0.17560364965787478,83.15852758528041,72.8,0.14228746683077473,2.1139852214857955,0.26430952132735847,1.037132088637275,5993.999999999999,0.6334451978683374,0.5221223932136944,
H1b,L38-hist,3p0kW,Xe1,a=1/8_b=0.9_c=0.9L_w=0.1L,vacuum,success,9.891747083762212,6.960964151571712,0.4210311773447016,88.74366074338167,72.8,0.2190063288926052,3.2538083149758483,0.007514702258958857,0.03801223715419983,5993.999999999999,0.3711705494243991,0.3449577221050173,
H1b,L38-hist,3p0kW,Xe1,a=1/8_b=0.9_c=0.9L_w=0.25L,vacuum,success,7.5700046508984355,6.960964151571712,0.087493698583293,89.18438398130714,72.8,0.22506021952344965,3.343751832919823,0.013350521097103427,0.08799900354724559,5993.999999999999,0.4841224467194918,0.4552455224029935,
H1b,L38-hist,3p0kW,Xe1,a=1/8_b=0.9_c=1.1L_w=0.1L,vacuum,success,10.290583256311281,6.960964151571712,0.4783272880363529,89.69645874271845,72.8,0.23209421349887974,3.44825688626907,0.03937607069743098,0.15264918799397795,5993.999999999999,0.35712246359150596,0.33874648644743716,
H1b,L38-hist,3p0kW,Xe1,a=1/8_b=0.9_c=1.1L_w=0.25L,vacuum,success,7.819844959721937,6.960964151571712,0.12338532270077829,89.19685806551401,72.8,0.22523156683398346,3.346297564390611,0.3341376070371211,1.3813185226058253,4994.999999999999,0.46180009427730273,0.44082393443540796,
H1b,L38-hist,3p0kW,Xe1,a=1/8_b=0.9_c=1L_w=0.1L,vacuum,success,10.058550586106973,6.960964151571712,0.4449938783028869,89.19258066426318,72.8,0.22517281132229636,3.3454246253598314,0.01664699527082232,0.07104343094469262,5993.999999999999,0.36471663119131226,0.34267802148397636,
H1b,L38-hist,3p0kW,Xe1,a=1/8_b=0.9_c=1L_w=0.25L,vacuum,success,7.720519170202278,6.960964151571712,0.10911635257582337,89.92365746321352,72.8,0.2352150750441416,3.4946239720843892,0.06855059349232505,0.36009050410310955,5993.999999999999,0.4743726331999338,0.4538011740337813,
H1b,L38-hist,3p0kW,Xe2,a=1/16_b=0.8_c=0.9L_w=0.1L,vacuum,success,7.800741980237257,8.044447084198758,-0.030294823424247126,91.22412127907761,83.4,0.09381440382587064,1.5967594447097164,1.4420587135630742,9.699641721561415,4994.999999999999,0.4709536599636681,0.4262089983194353,
H1b,L38-hist,3p0kW,Xe2,a=1/16_b=0.8_c=0.9L_w=0.25L,vacuum,success,6.252692512713915,8.044447084198758,-0.22273184878104094,89.03094785695373,83.4,0.06751736039512862,1.1491730320313729,0.42415246138800955,1.406783707623867,5993.999999999999,0.5761397221591101,0.5064704044915903,
H1b,L38-hist,3p0kW,Xe2,a=1/16_b=0.8_c=1.1L_w=0.1L,vacuum,success,6.908428180782265,8.044447084198758,-0.1412177731453923,75.11323422200749,83.4,-0.09936169997592932,-1.6911766893862252,2.687264964862077,14.177077923314243,3995.999999999999,0.5148371844955537,0.3262817836427203,
H1b,L38-hist,3p0kW,Xe2,a=1/16_b=0.8_c=1.1L_w=0.25L,vacuum,success,7.00585427154094,8.044447084198758,-0.12910679898657867,84.25822960848829,83.4,0.010290522883552632,0.17514889969148764,2.4050583142926167,10.946462035496822,3995.999999999999,0.5391044075057123,0.40485798612209817,
H1b,L38-hist,3p0kW,Xe2,a=1/16_b=0.8_c=1L_w=0.1L,vacuum,success,6.627918828251009,8.044447084198758,-0.17608770884081681,77.2924361502295,83.4,-0.0732321804528837,-1.2464416019939795,2.701303737193915,14.666795305712304,3995.999999999999,0.5324095793562414,0.36011064638892176,
H1b,L38-hist,3p0kW,Xe2,a=1/16_b=0.8_c=1L_w=0.25L,vacuum,success,6.612124659300004,8.044447084198758,-0.17805107174017995,93.70990759737049,83.4,0.12361999517230807,2.1040627749735696,0.7472631098828912,2.8170106317920482,5993.999999999999,0.5810407651165378,0.5306023106327228,
H1b,L38-hist,3p0kW,Xe2,a=1/16_b=0.97_c=0.9L_w=0.1L,vacuum,success,5.895640178954606,8.044447084198758,-0.26711679283277645,87.73255157173156,83.4,0.05194905961308819,0.8841941983125621,0.4182825731057159,1.4562088290667208,5993.999999999999,0.6171057823942859,0.521590534130579,
H1b,L38-hist,3p0kW,Xe2,a=1/16_b=0.97_c=0.9L_w=0.25L,vacuum,success,4.286366019613261,8.044447084198758,-0.4671646199236338,75.65846868277913,83.4,-0.09282411651343969,-1.5799043504532386,0.1720611495664608,0.799174165126691,87911.99999999999,0.8425599725189473,0.5335375509768374,
H1b,L38-hist,3p0kW,Xe2,a=1/16_b=0.97_c=1.1L_w=0.1L,vacuum,success,5.445626106058062,8.044447084198758,-0.3230577503885146,82.5706261801736,83.4,-0.00994453021374575,-0.16925996322987663,3.1096027403018778,15.580078093019436,6992.999999999998,0.7431864236613077,0.5001986174748047,
H1b,L38-hist,3p0kW,Xe2,a=1/16_b=0.97_c=1.1L_w=0.25L,vacuum,success,4.386223415732874,8.044447084198758,-0.45475141177216777,67.51106310973842,83.4,-0.19051483081848433,-3.242640181686039,0.516876764722472,2.5466292888660322,4994.999999999999,0.8348549498098796,0.4151435504896931,
H1b,L38-hist,3p0kW,Xe2,a=1/16_b=0.97_c=1L_w=0.1L,vacuum,success,5.75628801190202,8.044447084198758,-0.2844395703455165,85.38836443384832,83.4,0.023841300166047057,0.4057886599690458,1.039011857066407,4.6294371811855175,3995.999999999999,0.6184823872347371,0.5060506941277477,
H1b,L38-hist,3p0kW,Xe2,a=1/16_b=0.97_c=1L_w=0.25L,vacuum,success,4.098973922602984,8.044447084198758,-0.490459209974249,69.05060675067564,83.4,-0.1720550749319467,-2.928447601902929,0.5775235717646546,2.2166463340389746,4994.999999999999,0.8871475400841015,0.46472816433358954,
H1b,L38-hist,3p0kW,Xe2,a=1/16_b=0.9_c=0.9L_w=0.1L,vacuum,success,7.087940899514809,8.044447084198758,-0.11890266349849685,92.28802211476297,83.4,0.10657100857029926,1.813882064237338,1.5862619765377892,5.897967692802105,4994.999999999999,0.5294307688460681,0.4800757174202846,
H1b,L38-hist,3p0kW,Xe2,a=1/16_b=0.9_c=0.9L_w=0.25L,vacuum,success,5.3400811161442885,8.044447084198758,-0.3361779796359776,81.65349672278826,83.4,-0.02094128629750283,-0.35642924024729306,0.17327455318552,0.7851049620618235,36962.99999999999,0.6738004441352686,0.49881656996473195,
H1b,L38-hist,3p0kW,Xe2,a=1/16_b=0.9_c=1.1L_w=0.1L,vacuum,success,6.686228381745452,8.044447084198758,-0.16883928606121065,83.52693761441076,83.4,0.0015220337459322783,0.025905635594031022,2.9116989917562006,15.776452051512464,3995.999999999999,0.6211260330812067,0.4168800013816755,
H1b,L38-hist,3p0kW,Xe2,a=1/16_b=0.9_c=1.1L_w=0.25L,vacuum,success,5.401950499666505,8.044447084198758,-0.3284870366942628,79.33261088500417,83.4,-0.048769653657024424,-0.83007941122364,0.8522181099452742,3.8284286668875946,4994.999999999999,0.6898264792205845,0.4654703745583958,
H1b,L38-hist,3p0kW,Xe2,a=1/16_b=0.9_c=1L_w=0.1L,vacuum,success,7.6267482312440675,8.044447084198758,-0.05192387352204134,98.15665451919327,83.4,0.17693830358744922,3.0115621467741356,1.6543971845691448,5.678710492912454,8990.999999999998,0.5308530866922604,0.504706893025077,
H1b,L38-hist,3p0kW,Xe2,a=1/16_b=0.9_c=1L_w=0.25L,vacuum,success,5.214922498052987,8.044447084198758,-0.3517363662822324,76.29367847066959,83.4,-0.08520769219820637,-1.450269699863349,0.5445559012342459,2.4372940479441993,4994.999999999999,0.6770750268410375,0.4459317566545143,
H1b,L38-hist,3p0kW,Xe2,a=1/32_b=0.8_c=0.9L_w=0.1L,vacuum,success,4.647658342135682,8.044447084198758,-0.42225260561850064,63.37147954676525,83.4,-0.24015012533854616,-4.087453153721377,0.8323627099631012,4.025507105148493,4994.999999999999,0.7387105789536518,0.34521737764636934,
H1b,L38-hist,3p0kW,Xe2,a=1/32_b=0.8_c=0.9L_w=0.25L,vacuum,success,3.0840962634592515,8.044447084198758,-0.6166179936073962,48.91361810757752,83.4,-0.41350577808660044,-7.038037120902546,3.624953858763946,23.46673450657632,6992.999999999998,0.9369312191527388,0.3099351282091439,
H1b,L38-hist,3p0kW,Xe2,a=1/32_b=0.8_c=1.1L_w=0.1L,vacuum,success,4.6314304907723125,8.044447084198758,-0.42426987929729026,60.37770048070091,83.4,-0.2760467568261282,-4.698428473326345,2.2734524411683217,10.712307953911644,3995.999999999999,0.7714848519901973,0.3144684913841304,
H1b,L38-hist,3p0kW,Xe2,a=1/32_b=0.8_c=1.1L_w=0.25L,vacuum,success,3.8693811829427984,8.044447084198758,-0.5189997345444413,53.327958391564174,83.4,-0.3605760384704536,-6.137151348660373,3.695874467730353,25.08383489499737,2996.9999999999995,0.8267074201396165,0.2936348172286097,
H1b,L38-hist,3p0kW,Xe2,a=1/32_b=0.8_c=1L_w=0.1L,vacuum,success,4.6415870071401155,8.044447084198758,-0.42300732933437823,68.03174502017501,83.4,-0.1842716424439448,-3.1363785673112234,2.6165115816042777,18.420251548661696,3995.999999999999,0.8541017100708593,0.39837848547685045,
H1b,L38-hist,3p0kW,Xe2,a=1/32_b=0.8_c=1L_w=0.25L,vacuum,success,4.435638595921844,8.044447084198758,-0.4486086427699285,70.34585633689586,83.4,-0.15652450435376672,-2.6641109516539068,3.3024222459131125,19.6434590177457,9989.999999999998,0.9481244220165261,0.4457178615288442,
H1b,L38-hist,3p0kW,Xe2,a=1/32_b=0.97_c=0.9L_w=0.1L,vacuum,success,3.1554202459873033,8.044447084198758,-0.6077517555948236,50.59058704772148,83.4,-0.39339823683787195,-6.695798561689494,3.54002543869902,20.935598101315456,3995.999999999999,0.8813103970055287,0.32405698013961615,
H1b,L38-hist,3p0kW,Xe2,a=1/32_b=0.97_c=0.9L_w=0.25L,vacuum,success,2.51825078346629,8.044447084198758,-0.6869578782595581,46.66410993718781,83.4,-0.44047829811525413,-7.497120420982079,3.251191824713776,18.882234918014788,6992.999999999998,0.9937328370745725,0.3454666636730853,
H1b,L38-hist,3p0kW,Xe2,a=1/32_b=0.97_c=1.1L_w=0.1L,vacuum,success,3.6973000985920783,8.044447084198758,-0.5403910225409436,53.958729032846534,83.4,-0.3530128413327754,-6.008422646357849,4.045099386617572,27.766009312906977,2996.9999999999995,0.8980810591647086,0.31461387451019185,
H1b,L38-hist,3p0kW,Xe2,a=1/32_b=0.97_c=1.1L_w=0.25L,vacuum,success,3.2734869815040333,8.044447084198758,-0.5930749562721402,57.02473148140945,83.4,-0.3162502220454503,-5.382707860936847,3.703468902369088,23.682411545986895,2996.9999999999995,0.9750279620317459,0.3968761766136391,
H1b,L38-hist,3p0kW,Xe2,a=1/32_b=0.97_c=1L_w=0.1L,vacuum,success,4.58955131489482,8.044447084198758,-0.4294758524908679,78.06029029832823,83.4,-0.0640252961831148,-1.089736673810566,3.2704350849611856,18.430299849474594,9989.999999999998,0.985816017742865,0.5304314236551951,
H1b,L38-hist,3p0kW,Xe2,a=1/32_b=0.97_c=1L_w=0.25L,vacuum,success,2.9068677080088996,8.044447084198758,-0.6386491603980227,52.86558278973262,83.4,-0.3661201104348607,-6.231513716381097,3.4665701084813074,21.07104968977515,2996.9999999999995,0.9932328046351425,0.3841138187114349,
H1b,L38-hist,3p0kW,Xe2,a=1/32_b=0.9_c=0.9L_w=0.1L,vacuum,success,4.3444051871019385,8.044447084198758,-0.45994980865305185,61.09381392123565,83.4,-0.2674602647333855,-4.552282873217215,3.1727236623487074,17.678475564369954,10988.999999999998,0.8222920819903299,0.34324427508586464,
H1b,L38-hist,3p0kW,Xe2,a=1/32_b=0.9_c=0.9L_w=0.25L,vacuum,success,2.840806729167464,8.044447084198758,-0.6468611578355091,49.194198059691786,83.4,-0.41014151007563804,-6.9807759061853485,3.5024952873027186,21.998426251081735,6992.999999999998,0.979778989484491,0.34034959093749434,
H1b,L38-hist,3p0kW,Xe2,a=1/32_b=0.9_c=1.1L_w=0.1L,vacuum,success,3.702139039831031,8.044447084198758,-0.5397894968937108,50.05150653431434,83.4,-0.39986203196265785,-6.805814992997073,3.7232458152336703,26.251294666147302,9989.999999999998,0.8183283383846565,0.270346488725948,
H1b,L38-hist,3p0kW,Xe2,a=1/32_b=0.9_c=1.1L_w=0.25L,vacuum,success,3.4673984493582233,8.044447084198758,-0.5689699474599027,55.704589910768625,83.4,-0.3320792576646448,-5.652124508006403,3.8998094442836444,26.604367668512044,2996.9999999999995,0.9513991496427804,0.3575340121712705,
H1b,L38-hist,3p0kW,Xe2,a=1/32_b=0.9_c=1L_w=0.1L,vacuum,success,3.6171505996657074,8.044447084198758,-0.5503543547734104,56.36637356006064,83.4,-0.32414420191773824,-5.517066620395789,3.8463844789366837,26.49327225886552,6992.999999999998,0.9464036803198016,0.35092373942760996,
H1b,L38-hist,3p0kW,Xe2,a=1/32_b=0.9_c=1L_w=0.25L,vacuum,success,3.175995039119721,8.044447084198758,-0.6051941164038304,53.384191222006244,83.4,-0.35990178390879807,-6.1256752608150515,3.703440967532442,24.218007327083523,2996.9999999999995,0.9708242611122418,0.35849629360461177,
H1b,L38-hist,3p0kW,Xe2,a=1/8_b=0.8_c=0.9L_w=0.1L,vacuum,success,11.366559341466282,8.044447084198758,0.41296962022324146,91.56449290659229,83.4,0.09789559840038725,1.666223042161693,0.0019783279220684066,0.013717346329969503,5993.999999999999,0.32114552357528764,0.29468926526005473,
H1b,L38-hist,3p0kW,Xe2,a=1/8_b=0.8_c=0.9L_w=0.25L,vacuum,success,9.282503466899207,8.044447084198758,0.15390198602117625,93.02441866720616,83.4,0.11540070344371896,1.9641670749400326,0.061652969135454726,0.24257776207645904,6992.999999999998,0.3964203195077164,0.37244998375260885,
H1b,L38-hist,3p0kW,Xe2,a=1/8_b=0.8_c=1.1L_w=0.1L,vacuum,success,11.732598811757223,8.044447084198758,0.4584717493888284,92.14359733512867,83.4,0.10483929658427657,1.7844076194140133,0.007118951733530597,0.03943032887822346,5993.999999999999,0.31148564351110314,0.28911808360506724,
H1b,L38-hist,3p0kW,Xe2,a=1/8_b=0.8_c=1.1L_w=0.25L,vacuum,success,9.593465948567191,8.044447084198758,0.19255753044992752,93.13149512662298,83.4,0.11668459384440028,1.9860194135965268,0.19116644963624965,0.6048351087214117,5993.999999999999,0.3812419241787415,0.36120750249548256,
H1b,L38-hist,3p0kW,Xe2,a=1/8_b=0.8_c=1L_w=0.1L,vacuum,success,11.537475568276786,8.044447084198758,0.4342161055343607,91.9356871771978,83.4,0.10234636903114866,1.7419769749383258,0.004247110677759822,0.02530032125425937,5993.999999999999,0.31663632316665313,0.2926824010549181,
H1b,L38-hist,3p0kW,Xe2,a=1/8_b=0.8_c=1L_w=0.25L,vacuum,success,9.397026015657598,8.044447084198758,0.1681382097864293,92.95469605075954,83.4,0.11456470084843569,1.9499379695427623,0.12952208932492618,0.44555602732506866,5993.999999999999,0.3896865617142134,0.3673595982560196,
H1b,L38-hist,3p0kW,Xe2,a=1/8_b=0.97_c=0.9L_w=0.1L,vacuum,success,8.376057777287318,8.044447084198758,0.0412223101995318,91.8006833003225,83.4,0.10072761750986205,1.7144251633311212,0.17426385002225345,0.6690056884038409,5993.999999999999,0.4356643707013978,0.4019678450426386,
H1b,L38-hist,3p0kW,Xe2,a=1/8_b=0.97_c=0.9L_w=0.25L,vacuum,success,5.943471688008193,8.044447084198758,-0.261170888962324,90.33139780069304,83.4,0.08311028538001236,1.4145709797332715,0.012629626288056148,0.07730781913207788,8990.999999999998,0.6104830952114425,0.5484997239798243,
H1b,L38-hist,3p0kW,Xe2,a=1/8_b=0.97_c=1.1L_w=0.1L,vacuum,success,8.26594415764905,8.044447084198758,0.02753415755389407,92.03978169996185,83.4,0.10359450479570566,1.7632207550942551,0.45926513464693286,1.4409989652369235,4994.999999999999,0.43475202382175815,0.40944714130111387,
H1b,L38-hist,3p0kW,Xe2,a=1/8_b=0.97_c=1.1L_w=0.25L,vacuum,success,6.054350942304897,8.044447084198758,-0.24738756076883048,89.0380676259669,83.4,0.06760272932814028,1.1506260461156936,0.3328962276766003,1.179140344046088,6992.999999999998,0.6026522111484447,0.5231461229358257,
H1b,L38-hist,3p0kW,Xe2,a=1/8_b=0.97_c=1L_w=0.1L,vacuum,success,8.245394756063614,8.044447084198758,0.024979674769639082,91.05184360657107,83.4,0.09174872429941322,1.5616007360349105,0.2888959298187227,0.9832291732382005,4994.999999999999,0.4342200149316147,0.40170310177663204,
H1b,L38-hist,3p0kW,Xe2,a=1/8_b=0.97_c=1L_w=0.25L,vacuum,success,6.0269368767883735,8.044447084198758,-0.25079538547444274,91.96299870257397,83.4,0.102673845354604,1.7475507556273413,0.015427038663461652,0.08489254987806574,6992.999999999998,0.6049133190559064,0.5606202178693486,
H1b,L38-hist,3p0kW,Xe2,a=1/8_b=0.9_c=0.9L_w=0.1L,vacuum,success,10.201495411104082,8.044447084198758,0.2681412786146967,92.25765104770532,83.4,0.106206847094788,1.8076838872867997,0.0028537398785158687,0.015095004293825666,5993.999999999999,0.3595519323945165,0.33333437136705024,
H1b,L38-hist,3p0kW,Xe2,a=1/8_b=0.9_c=0.9L_w=0.25L,vacuum,success,7.799475178545203,8.044447084198758,-0.030452298721031983,93.12992625825856,83.4,0.1166657824731243,1.9856992363792991,0.02090313584988737,0.11438596423603334,5993.999999999999,0.47119786731875124,0.4442754221881438,
H1b,L38-hist,3p0kW,Xe2,a=1/8_b=0.9_c=1.1L_w=0.1L,vacuum,success,10.545993485893062,8.044447084198758,0.3109656108755997,92.94748940955981,83.4,0.11447829028249171,1.948467226440777,0.006684735230170611,0.028956727345122068,5993.999999999999,0.34741884497301123,0.3272856612978761,
H1b,L38-hist,3p0kW,Xe2,a=1/8_b=0.9_c=1.1L_w=0.25L,vacuum,success,7.966759691763733,8.044447084198758,-0.009657269371268764,91.98513410201713,83.4,0.10293925781795114,1.7520681840851273,0.3268000578945605,1.2404557346543525,4994.999999999999,0.44931436065201114,0.42431924016717004,
H1b,L38-hist,3p0kW,Xe2,a=1/8_b=0.9_c=1L_w=0.1L,vacuum,success,10.357211343573422,8.044447084198758,0.2874982251940587,92.72538672169942,83.4,0.11181518850958545,1.903140147285597,0.00210651024408149,0.011095623353795422,5993.999999999999,0.354123694848101,0.3316603988189438,
H1b,L38-hist,3p0kW,Xe2,a=1/8_b=0.9_c=1L_w=0.25L,vacuum,success,7.905799060118114,8.044447084198758,-0.01723524595655335,93.47892129209711,83.4,0.12085037520500137,2.0569227126728804,0.09021504807748086,0.4608764339952843,5993.999999999999,0.4628288720126767,0.44159155866101335,
H1b,L38-hist,3p0kW,Xe3,a=1/16_b=0.8_c=0.9L_w=0.1L,vacuum,success,7.587948565282028,6.946746435450754,0.09230250964092786,93.77207593678584,86.8,0.0803234554929244,1.4228726401603748,0.7154173816043102,2.694122496553647,5993.999999999999,0.4581827787289976,0.42247097322123245,
H1b,L38-hist,3p0kW,Xe3,a=1/16_b=0.8_c=0.9L_w=0.25L,vacuum,success,6.5021043880974245,6.946746435450754,-0.06400723727070624,94.59722965010036,86.8,0.08982983467857547,1.5912713571633368,0.6118007712110404,2.037374991972348,5993.999999999999,0.560288069623361,0.5017381113454981,
H1b,L38-hist,3p0kW,Xe3,a=1/16_b=0.8_c=1.1L_w=0.1L,vacuum,success,6.8780034727600725,6.946746435450754,-0.009895706332373239,75.98913195958527,86.8,-0.12454917097252007,-2.206299600084641,2.604194620062671,12.821069490288819,3995.999999999999,0.4837412371667928,0.3060657751071433,
H1b,L38-hist,3p0kW,Xe3,a=1/16_b=0.8_c=1.1L_w=0.25L,vacuum,success,6.200149708943637,6.946746435450754,-0.1074743023146882,82.05099839102633,86.8,-0.0547120001033834,-0.9691840018313631,3.0191204553214606,17.940329570045254,3995.999999999999,0.5476853544029898,0.3958583007248252,
H1b,L38-hist,3p0kW,Xe3,a=1/16_b=0.8_c=1L_w=0.1L,vacuum,success,8.03688357925259,6.946746435450754,0.15692772925158607,95.16505455363715,86.8,0.0963715962400593,1.707153990538193,2.09200247913294,10.790975011189468,8990.999999999998,0.47478680670053625,0.41081048261901376,
H1b,L38-hist,3p0kW,Xe3,a=1/16_b=0.8_c=1L_w=0.25L,vacuum,success,6.933106481397275,6.946746435450754,-0.0019635025087241928,100.09550098369179,86.8,0.15317397446649536,2.713367547692203,0.9371879504270979,3.455295119994712,5993.999999999999,0.5527086497102914,0.5268359921460799,
H1b,L38-hist,3p0kW,Xe3,a=1/16_b=0.97_c=0.9L_w=0.1L,vacuum,success,6.164352547959446,6.946746435450754,-0.11262738531790684,93.79685034508474,86.8,0.08060887494337254,1.4279286418540278,0.6454644617154424,2.0130464158373957,4994.999999999999,0.5912909705289254,0.5203112715523557,
H1b,L38-hist,3p0kW,Xe3,a=1/16_b=0.97_c=0.9L_w=0.25L,vacuum,success,4.4441678976354515,6.946746435450754,-0.3602518907332073,82.54914590962831,86.8,-0.04897297339137897,-0.8675212429329988,0.16636436853911013,0.7495136557809536,77921.99999999999,0.83207867421853,0.5589962608753615,
H1b,L38-hist,3p0kW,Xe3,a=1/16_b=0.97_c=1.1L_w=0.1L,vacuum,success,4.830433743470399,6.946746435450754,-0.30464804086994623,72.08711304814538,86.8,-0.1695033058969426,-3.002629990174411,3.2746608918043183,17.675437510334884,6992.999999999998,0.6948410079265142,0.39219615290059134,
H1b,L38-hist,3p0kW,Xe3,a=1/16_b=0.97_c=1.1L_w=0.25L,vacuum,success,4.542468269576531,6.946746435450754,-0.34610132789713893,72.57383417732993,86.8,-0.16389591961601463,-2.903299147483687,0.5049736259712152,2.512603453930197,4994.999999999999,0.7979618001979206,0.42270990677314674,
H1b,L38-hist,3p0kW,Xe3,a=1/16_b=0.97_c=1L_w=0.1L,vacuum,success,6.254156555719868,6.946746435450754,-0.09969989349207407,95.48479591206453,86.8,0.10005525244313974,1.772407328992761,0.584456651180113,2.7783638615360924,4994.999999999999,0.5895819925354162,0.5314640495205003,
H1b,L38-hist,3p0kW,Xe3,a=1/16_b=0.97_c=1L_w=0.25L,vacuum,success,4.312126195176682,6.946746435450754,-0.37925959508598633,70.17048191617043,86.8,-0.19158430972153892,-3.393779200781546,0.5176639337004838,2.159637566854183,4994.999999999999,0.7719664898913633,0.41628584969515886,
H1b,L38-hist,3p0kW,Xe3,a=1/16_b=0.9_c=0.9L_w=0.1L,vacuum,success,7.437472702600257,6.946746435450754,0.07064116586222587,101.38202637333009,86.8,0.1679956955452775,2.975923749659201,0.36678532139594494,1.1979383637827692,4994.999999999999,0.5039588341682799,0.5038145927728384,
H1b,L38-hist,3p0kW,Xe3,a=1/16_b=0.9_c=0.9L_w=0.25L,vacuum,success,5.55872476523531,6.946746435450754,-0.19980888652161946,89.5209338906644,86.8,0.03134716463899076,0.5552926307478363,0.16465351934313158,0.6194225230413222,29969.999999999993,0.6538737675014529,0.5255913749696255,
H1b,L38-hist,3p0kW,Xe3,a=1/16_b=0.9_c=1.1L_w=0.1L,vacuum,success,6.735024606714514,6.946746435450754,-0.030477840339151727,80.08920968372671,86.8,-0.0773132524916278,-1.3695490441374065,2.716715946762893,13.682751181783011,3995.999999999999,0.5296249086665767,0.34720264244999843,
H1b,L38-hist,3p0kW,Xe3,a=1/16_b=0.9_c=1.1L_w=0.25L,vacuum,success,5.603646685021956,6.946746435450754,-0.193342273668529,85.33901267371978,86.8,-0.01683165122442652,-0.2981606788326983,0.6451283156845382,2.811804587202431,4994.999999999999,0.6571557029499002,0.4738039484255998,
H1b,L38-hist,3p0kW,Xe3,a=1/16_b=0.9_c=1L_w=0.1L,vacuum,success,7.97741188694467,6.946746435450754,0.14836664344536984,104.43621853254932,86.8,0.20318224115840228,3.59922827194884,1.8931367507951178,7.080869861078104,3995.999999999999,0.5193703601662839,0.4984417970029084,
H1b,L38-hist,3p0kW,Xe3,a=1/16_b=0.9_c=1L_w=0.25L,vacuum,success,5.539429610617389,6.946746435450754,-0.20258646805524985,85.68022507915245,86.8,-0.012900632728658467,-0.2285254940505214,0.25050327348063395,1.3573334934729142,4994.999999999999,0.6629150846310573,0.48313704824277687,
H1b,L38-hist,3p0kW,Xe3,a=1/32_b=0.8_c=0.9L_w=0.1L,vacuum,success,5.379852959175901,6.946746435450754,-0.2255578911414782,81.4720526264403,86.8,-0.06138188218386747,-1.0873361986856522,0.9827273530599671,4.3256852121844505,4994.999999999999,0.7774432560518069,0.4498017108117124,
H1b,L38-hist,3p0kW,Xe3,a=1/32_b=0.8_c=0.9L_w=0.25L,vacuum,success,4.186830962472206,6.946746435450754,-0.3972961297239957,66.31320068234017,86.8,-0.2360230336135925,-4.180979452583638,3.196890089271243,18.911175271769586,3995.999999999999,0.8861324432030058,0.38290297924362415,
H1b,L38-hist,3p0kW,Xe3,a=1/32_b=0.8_c=1.1L_w=0.1L,vacuum,success,4.794060664131585,6.946746435450754,-0.30988402863440445,66.41814748274474,86.8,-0.2348139690928025,-4.159561738215358,2.7339264642294254,15.578047280811822,3995.999999999999,0.7090411556882197,0.33546265781847123,
H1b,L38-hist,3p0kW,Xe3,a=1/32_b=0.8_c=1.1L_w=0.25L,vacuum,success,3.6527002053918833,6.946746435450754,-0.4741854709491969,60.86112041838372,86.8,-0.2988350182213857,-5.293648894207403,4.089581518868302,29.918887253816056,2996.9999999999995,0.9707879483341515,0.36969199750273896,
H1b,L38-hist,3p0kW,Xe3,a=1/32_b=0.8_c=1L_w=0.1L,vacuum,success,4.84610529108448,6.946746435450754,-0.3023920858326204,64.2494128061048,86.8,-0.25979939163473736,-4.602160651815347,0.6690745508903081,3.2786448498113523,4994.999999999999,0.6735636376421724,0.310541518534897,
H1b,L38-hist,3p0kW,Xe3,a=1/32_b=0.8_c=1L_w=0.25L,vacuum,success,3.416271207036745,6.946746435450754,-0.5082199647301401,57.48926006140401,86.8,-0.33768133569811054,-5.981783660937957,3.9397888892023385,27.47699285291767,6992.999999999998,0.9539685900095212,0.35269174074458126,
H1b,L38-hist,3p0kW,Xe3,a=1/32_b=0.97_c=0.9L_w=0.1L,vacuum,success,4.357508062296026,6.946746435450754,-0.37272677176487723,73.75296336460141,86.8,-0.15031148197463817,-2.662660537836447,3.2084197597937854,17.892441321972264,10988.999999999998,0.8696756541289643,0.4550875375554499,
H1b,L38-hist,3p0kW,Xe3,a=1/32_b=0.97_c=0.9L_w=0.25L,vacuum,success,3.4619757008071796,6.946746435450754,-0.5016406985664589,65.87564845674729,86.8,-0.24106395787157506,-4.270275825153615,3.05660617249634,16.898471065410263,3995.999999999999,0.9949144046376078,0.45698293610741914,
H1b,L38-hist,3p0kW,Xe3,a=1/32_b=0.97_c=1.1L_w=0.1L,vacuum,success,4.9100962670258355,6.946746435450754,-0.293180438835575,72.69602453723272,86.8,-0.16248819657566,-2.878362339340262,3.634194857510882,22.85653897713591,2996.9999999999995,0.8708316439779191,0.39237877654885284,
H1b,L38-hist,3p0kW,Xe3,a=1/32_b=0.97_c=1.1L_w=0.25L,vacuum,success,3.357211507762021,6.946746435450754,-0.5167217431991699,60.632236591945635,86.8,-0.3014719286642208,-5.340359879194768,4.003361633867005,27.111767615016912,2996.9999999999995,0.9787523772297864,0.39921115372363397,
H1b,L38-hist,3p0kW,Xe3,a=1/32_b=0.97_c=1L_w=0.1L,vacuum,success,3.5289218171863603,6.946746435450754,-0.4920036523605487,58.41253053282489,86.8,-0.3270445791149207,-5.793361115750023,4.004417926832494,27.218876712826724,6992.999999999998,0.887268444664269,0.35248788732115127,
H1b,L38-hist,3p0kW,Xe3,a=1/32_b=0.97_c=1L_w=0.25L,vacuum,success,3.0955539467420543,6.946746435450754,-0.5543879461405455,56.94819763362692,86.8,-0.3439147738061415,-6.092204564565934,3.659870315661109,23.85247509624162,2996.9999999999995,0.9826221380113083,0.38194056178654484,
H1b,L38-hist,3p0kW,Xe3,a=1/32_b=0.9_c=0.9L_w=0.1L,vacuum,success,4.738697700344829,6.946746435450754,-0.31785365359497975,70.42839171502476,86.8,-0.18861299867483003,-3.3411445479541317,0.7987531123767708,3.3038416456685096,5993.999999999999,0.7818336879288345,0.3816020773661724,
H1b,L38-hist,3p0kW,Xe3,a=1/32_b=0.9_c=0.9L_w=0.25L,vacuum,success,3.3860712573149696,6.946746435450754,-0.5125673164007954,54.95998086557717,86.8,-0.3668204969403552,-6.49796308865772,3.418240005045121,21.376588500177455,3995.999999999999,0.8913072069212346,0.3252155064641918,
H1b,L38-hist,3p0kW,Xe3,a=1/32_b=0.9_c=1.1L_w=0.1L,vacuum,success,4.467788214436083,6.946746435450754,-0.3568516922345128,59.92498917943088,86.8,-0.30961994032913737,-5.484696085830433,2.1130937259195264,9.557754481952813,3995.999999999999,0.7171091307677564,0.29302018809567415,
H1b,L38-hist,3p0kW,Xe3,a=1/32_b=0.9_c=1.1L_w=0.25L,vacuum,success,3.547787168251056,6.946746435450754,-0.4892879420291018,58.37808870988722,86.8,-0.3274413743100551,-5.8003900592066895,4.135871107460656,29.145751234328866,2996.9999999999995,0.9401128385490566,0.3502001905650977,
H1b,L38-hist,3p0kW,Xe3,a=1/32_b=0.9_c=1L_w=0.1L,vacuum,success,4.846920951257183,6.946746435450754,-0.30227466968964145,73.068878007299,86.8,-0.15819264968549526,-2.802269794428773,0.7115470159291698,4.195925291591243,4994.999999999999,0.7676446531952422,0.40158097787414876,
H1b,L38-hist,3p0kW,Xe3,a=1/32_b=0.9_c=1L_w=0.25L,vacuum,success,4.319514185949378,6.946746435450754,-0.37819607695683827,75.55033941896818,86.8,-0.1296043845740994,-2.2958490981697603,3.39228495870907,20.431986671476814,9989.999999999998,0.9695847453516354,0.481739355596839,
H1b,L38-hist,3p0kW,Xe3,a=1/8_b=0.8_c=0.9L_w=0.1L,vacuum,success,11.769154639130795,6.946746435450754,0.6941966643650971,95.66358655913658,86.8,0.10211505252461495,1.8088952161503216,0.0008962767212702525,0.006291770251841595,5993.999999999999,0.30981897802880665,0.28347988077331815,
H1b,L38-hist,3p0kW,Xe3,a=1/8_b=0.8_c=0.9L_w=0.25L,vacuum,success,9.554096471853118,6.946746435450754,0.37533398701534454,96.93802602197772,86.8,0.11679753481541151,2.0689849024444324,0.015212344082439405,0.06375219103855151,6992.999999999998,0.38385564662286004,0.3585691434649093,
H1b,L38-hist,3p0kW,Xe3,a=1/8_b=0.8_c=1.1L_w=0.1L,vacuum,success,12.109406919753297,6.946746435450754,0.7431767565253811,96.17372857098398,86.8,0.10799226464267259,1.9130058308130569,0.003639034102634901,0.022106224167970735,5993.999999999999,0.3014083416307742,0.2784609024386869,
H1b,L38-hist,3p0kW,Xe3,a=1/8_b=0.8_c=1.1L_w=0.25L,vacuum,success,9.91544814452645,6.946746435450754,0.42735138480451346,97.43030443090906,86.8,0.12246894505655605,2.169449883858993,0.05553214272882365,0.19782431114558066,5993.999999999999,0.3692763896104595,0.3490197184772091,
H1b,L38-hist,3p0kW,Xe3,a=1/8_b=0.8_c=1L_w=0.1L,vacuum,success,11.923492062179934,6.946746435450754,0.7164138885697292,95.98159893428416,86.8,0.10577878956548575,1.8737957008743187,0.0020222034652452713,0.01406618517427835,5993.999999999999,0.30599284668528415,0.2816739515172619,
H1b,L38-hist,3p0kW,Xe3,a=1/8_b=0.8_c=1L_w=0.25L,vacuum,success,9.708862929180903,6.946746435450754,0.39761297168332926,97.31863839193103,86.8,0.12118246995312242,2.146660896312454,0.038007140224867966,0.148344698362922,5993.999999999999,0.37777927168014214,0.3556295749112319,
H1b,L38-hist,3p0kW,Xe3,a=1/8_b=0.97_c=0.9L_w=0.1L,vacuum,success,8.720856398989458,6.946746435450754,0.25538717729569577,96.2338453693605,86.8,0.10868485448572,1.9252745651756114,0.11410849573050925,0.4008682653961729,5993.999999999999,0.42073812756204293,0.387142399060174,
H1b,L38-hist,3p0kW,Xe3,a=1/8_b=0.97_c=0.9L_w=0.25L,vacuum,success,6.174270007243085,6.946746435450754,-0.11119974442503815,94.80240771687637,86.8,0.09219363729120238,1.6331444320155848,0.01429374438136229,0.09017302300886007,8990.999999999998,0.5865441137478896,0.530673388040166,
H1b,L38-hist,3p0kW,Xe3,a=1/8_b=0.97_c=1.1L_w=0.1L,vacuum,success,8.603829920737354,6.946746435450754,0.2385409487281908,97.02775657946691,86.8,0.1178312969984667,2.0872972611156957,0.29651503282435576,0.9503741479435306,4994.999999999999,0.4214994158601892,0.39890947842947877,
H1b,L38-hist,3p0kW,Xe3,a=1/8_b=0.97_c=1.1L_w=0.25L,vacuum,success,6.363018648632524,6.946746435450754,-0.08402894682312576,97.73322788942299,86.8,0.1259588466523385,2.231270997841425,0.008287478026629698,0.04663071653304826,5993.999999999999,0.5753724041958025,0.547262237468938,
H1b,L38-hist,3p0kW,Xe3,a=1/8_b=0.97_c=1L_w=0.1L,vacuum,success,8.7546042100951,6.946746435450754,0.26024525170782903,97.68964783787693,86.8,0.12545677232577115,2.222377109770803,0.20914052305117684,0.6926085505568884,4994.999999999999,0.4200071190595444,0.3974063147513746,
H1b,L38-hist,3p0kW,Xe3,a=1/8_b=0.97_c=1L_w=0.25L,vacuum,success,6.208116521282108,6.946746435450754,-0.10632746150043097,96.35306004352533,86.8,0.1100582954323194,1.949604090515372,0.0127680495040004,0.07187686450889423,6992.999999999998,0.5854100705621191,0.5451868303182009,
H1b,L38-hist,3p0kW,Xe3,a=1/8_b=0.9_c=0.9L_w=0.1L,vacuum,success,10.53999387458436,6.946746435450754,0.5172561676926172,96.26728914146014,86.8,0.10907015139931035,1.9320998247877832,0.002877960046463738,0.017919794811582342,5993.999999999999,0.3472916617695634,0.3205467062433231,
H1b,L38-hist,3p0kW,Xe3,a=1/8_b=0.9_c=0.9L_w=0.25L,vacuum,success,8.07556794284019,6.946746435450754,0.16249643165738922,97.71548982881744,86.8,0.1257544911154082,2.227650985472945,0.03330451552533847,0.17579979321753975,5993.999999999999,0.45621290571991435,0.43105029219863317,
H1b,L38-hist,3p0kW,Xe3,a=1/8_b=0.9_c=1.1L_w=0.1L,vacuum,success,10.875884151820191,6.946746435450754,0.5656083395124653,97.0746057900536,86.8,0.11837103444762209,2.096858324500734,0.008061333031034606,0.04016653068561792,5993.999999999999,0.336811442950737,0.3158790990758083,
H1b,L38-hist,3p0kW,Xe3,a=1/8_b=0.9_c=1.1L_w=0.25L,vacuum,success,8.226419239927882,6.946746435450754,0.18421182007546444,96.41203689133545,86.8,0.11073775220432534,1.9616401819051916,0.40276138269320827,1.4116412007862942,4994.999999999999,0.43631830399250915,0.4119323224633846,
H1b,L38-hist,3p0kW,Xe3,a=1/8_b=0.9_c=1L_w=0.1L,vacuum,success,10.692635633714923,6.946746435450754,0.5392292972071191,96.79493744944514,86.8,0.11514904895674127,2.039783152947988,0.004797343931731306,0.025882580753283178,5993.999999999999,0.3426512386936663,0.3194439824799417,
H1b,L38-hist,3p0kW,Xe3,a=1/8_b=0.9_c=1L_w=0.25L,vacuum,success,8.116833294038113,6.946746435450754,0.16843667311882177,97.47264123409354,86.8,0.12295669624531735,2.1780900477741927,0.12848579754564068,0.5718595507883864,5993.999999999999,0.4495364511317536,0.42672986149449554,
H2a,L32-anode,1p6kW,Xe1,a=1/16_b=0.8_c=0.9L_w=0.1L,vacuum,success,7.5313843422017435,6.960964151571712,0.0819455722238185,83.74139550227876,72.8,0.15029389426207077,2.2329378576079084,2.02156298170976,10.946882510349665,4994.999999999999,0.49525174172719283,0.40343146951139763,
H2a,L32-anode,1p6kW,Xe1,a=1/16_b=0.8_c=0.9L_w=0.25L,vacuum,success,6.76750493779293,6.960964151571712,-0.0277920140897581,90.06940072196912,72.8,0.2372170428841911,3.5243674942794105,0.2862851830779205,1.6433222577421598,6992.999999999998,0.5456145578030009,0.5193859060610923,
H2a,L32-anode,1p6kW,Xe1,a=1/16_b=0.8_c=1.1L_w=0.1L,vacuum,success,6.81776768446085,6.960964151571712,-0.02057135534572898,71.04834032140458,72.8,-0.02406125932136564,-0.35748156706028944,2.654039850769113,13.355052853542063,8990.999999999998,0.4713215441158857,0.3207966848738538,
H2a,L32-anode,1p6kW,Xe1,a=1/16_b=0.8_c=1.1L_w=0.25L,vacuum,success,7.126663325109564,6.960964151571712,0.02380405500298957,91.34923805566726,72.8,0.2547972260393854,3.7855587868708684,1.3550739079447451,4.73294464498731,5993.999999999999,0.5402157298255658,0.5073268076800325,
H2a,L32-anode,1p6kW,Xe1,a=1/16_b=0.8_c=1L_w=0.1L,vacuum,success,7.728470505946035,6.960964151571712,0.11025862763580357,86.59096494317673,72.8,0.18943633163704285,2.8144826414646364,2.1839280417532403,11.288426476541852,4994.999999999999,0.4897546342400572,0.4203545960782337,
H2a,L32-anode,1p6kW,Xe1,a=1/16_b=0.8_c=1L_w=0.25L,vacuum,success,6.612699205490053,6.960964151571712,-0.05003113627629084,86.97760438084285,72.8,0.19474731292366537,2.8933886491515994,1.083201513673694,4.332260243861031,5993.999999999999,0.5525448061865101,0.49567876130396726,
H2a,L32-anode,1p6kW,Xe1,a=1/16_b=0.97_c=0.9L_w=0.1L,vacuum,success,6.181310012449945,6.960964151571712,-0.1120037572590759,86.24684403893767,72.8,0.18470939613925352,2.7442538854974807,0.02004483539976373,0.1197466634343629,5993.999999999999,0.5840711643727292,0.5213988808174282,
H2a,L32-anode,1p6kW,Xe1,a=1/16_b=0.97_c=0.9L_w=0.25L,vacuum,success,4.545075957305903,6.960964151571712,-0.34706229505869923,75.56445772785801,72.8,0.037973320437609995,0.5641750465016342,0.13679806326496688,0.5089290323388517,36962.99999999999,0.7818940265854339,0.5443248857851627,
H2a,L32-anode,1p6kW,Xe1,a=1/16_b=0.97_c=1.1L_w=0.1L,vacuum,success,6.02747296326234,6.960964151571712,-0.1341037201144902,84.17036307705978,72.8,0.15618630600356825,2.3204822606244426,0.1948577281934734,0.8942206185445221,6992.999999999998,0.6010924141430508,0.5092690994782336,
H2a,L32-anode,1p6kW,Xe1,a=1/16_b=0.97_c=1.1L_w=0.25L,vacuum,success,4.493792488550888,6.960964151571712,-0.35442958896200655,69.1809867059852,72.8,-0.0497117210716319,-0.7385741416356739,0.18486055788976977,1.0578333067614039,51947.99999999999,0.7876540080454619,0.4614500372579049,
H2a,L32-anode,1p6kW,Xe1,a=1/16_b=0.97_c=1L_w=0.1L,vacuum,success,6.221489716816702,6.960964151571712,-0.10623161083052621,88.4205408669106,72.8,0.21456786905096978,3.1878654830429793,0.01534642648579774,0.1139740693933327,4994.999999999999,0.5843253870869604,0.5444727415933968,
H2a,L32-anode,1p6kW,Xe1,a=1/16_b=0.97_c=1L_w=0.25L,vacuum,success,4.491109483457622,6.960964151571712,-0.3548150248060713,72.97655613234585,72.8,0.0024252215981572923,0.03603186374405119,0.14869834426259115,0.5417689911041043,50948.99999999999,0.8079276147929038,0.5137801039169527,
H2a,L32-anode,1p6kW,Xe1,a=1/16_b=0.9_c=0.9L_w=0.1L,vacuum,success,7.027489586171122,6.960964151571712,0.009556928200009397,86.34413810070998,72.8,0.18604585303173046,2.7641098164714237,0.7544307452040043,2.4571573600105276,5993.999999999999,0.5058946399349681,0.45965258002623016,
H2a,L32-anode,1p6kW,Xe1,a=1/16_b=0.9_c=0.9L_w=0.25L,vacuum,success,5.816549203087103,6.960964151571712,-0.16440466055642775,87.4221901799386,72.8,0.20085426071344228,2.984120444885428,0.002689038879765034,0.019279934253483406,9989.999999999998,0.6269696560961886,0.5693012725252328,
H2a,L32-anode,1p6kW,Xe1,a=1/16_b=0.9_c=1.1L_w=0.1L,vacuum,success,7.9910039088353075,6.960964151571712,0.14797371956455532,94.93768810972219,72.8,0.30408912238629365,4.517895532596362,2.117181367088991,8.170086946377316,8990.999999999998,0.5130187756721688,0.48869754333618226,
H2a,L32-anode,1p6kW,Xe1,a=1/16_b=0.9_c=1.1L_w=0.25L,vacuum,success,5.904259567153568,6.960964151571712,-0.15180434224468045,86.81426974809311,72.8,0.19250370533094932,2.8600550506312468,0.050969149380856706,0.2897922619399673,6992.999999999998,0.6208029040704902,0.5530711265793117,
H2a,L32-anode,1p6kW,Xe1,a=1/16_b=0.9_c=1L_w=0.1L,vacuum,success,7.439051883839667,6.960964151571712,0.06868125188663814,88.41264325362648,72.8,0.21445938535201203,3.186253725229893,2.0856093862770466,9.585085843041378,4994.999999999999,0.5182520992101862,0.4552766293917185,
H2a,L32-anode,1p6kW,Xe1,a=1/16_b=0.9_c=1L_w=0.25L,vacuum,success,5.816663348378232,6.960964151571712,-0.16438826264248307,85.84838706690127,72.8,0.17923608608380848,2.6629361361022967,0.15854665468033682,0.45234144437421453,10988.999999999998,0.6292695783711149,0.5489775019287285,
H2a,L32-anode,1p6kW,Xe1,a=1/32_b=0.8_c=0.9L_w=0.1L,vacuum,success,4.894245514153622,6.960964151571712,-0.29690120397351094,73.73987829569059,72.8,0.012910416149595991,0.19181189707971186,2.4515791423499143,11.913455897432152,8990.999999999998,0.8463259748360978,0.4813747178205727,
H2a,L32-anode,1p6kW,Xe1,a=1/32_b=0.8_c=0.9L_w=0.25L,vacuum,success,4.423673455119124,6.960964151571712,-0.36450276731847486,69.51068890154029,72.8,-0.04518284475906203,-0.671287979277493,2.4266122546986613,11.763952657058088,8990.999999999998,0.9426515160892556,0.4732431320954498,
H2a,L32-anode,1p6kW,Xe1,a=1/32_b=0.8_c=1.1L_w=0.1L,vacuum,success,5.104702616845222,6.960964151571712,-0.26666730273382694,74.71861995486024,72.8,0.02635466970961872,0.39155509282862094,0.9594582018628088,4.214624874984771,4994.999999999999,0.7870199760134409,0.4738615086388719,
H2a,L32-anode,1p6kW,Xe1,a=1/32_b=0.8_c=1.1L_w=0.25L,vacuum,success,3.343914282588235,6.960964151571712,-0.519619091583281,48.89779975592387,72.8,-0.3283269264296172,-4.878000049811455,3.4489806525614983,22.23382334798051,3995.999999999999,0.888957705471097,0.3098044806942933,
H2a,L32-anode,1p6kW,Xe1,a=1/32_b=0.8_c=1L_w=0.1L,vacuum,success,4.510394912327432,6.960964151571712,-0.35204451364556555,55.23491855288502,72.8,-0.24127859130652454,-3.5847104994112216,2.7155794303690604,14.263001723072058,3995.999999999999,0.7307543434010897,0.2930738454450243,
H2a,L32-anode,1p6kW,Xe1,a=1/32_b=0.8_c=1L_w=0.25L,vacuum,success,3.9182993079746344,6.960964151571712,-0.4371039380960001,56.683899279942125,72.8,-0.22137500989090486,-3.2890001469505865,2.918248680579323,16.051864798346674,3995.999999999999,0.8651933694331799,0.3552924864988097,
H2a,L32-anode,1p6kW,Xe1,a=1/32_b=0.97_c=0.9L_w=0.1L,vacuum,success,4.148074596267286,6.960964151571712,-0.4040948199207873,67.1124323670402,72.8,-0.07812592902417308,-1.1607280883591427,2.4544448839111412,11.058665931728845,4994.999999999999,0.8988943700022873,0.47046096632252965,
H2a,L32-anode,1p6kW,Xe1,a=1/32_b=0.97_c=0.9L_w=0.25L,vacuum,success,3.11665323902262,6.960964151571712,-0.5522670177350486,57.07410499523226,72.8,-0.2160150412742822,-3.209366327503621,2.463705814190509,11.380432669521118,4994.999999999999,1.0097186930647497,0.4528495391896095,
H2a,L32-anode,1p6kW,Xe1,a=1/32_b=0.97_c=1.1L_w=0.1L,vacuum,success,3.235866820483998,6.960964151571712,-0.5351410020186107,47.550088391778964,72.8,-0.34683944516787146,-5.153043185351232,3.6270980867018303,22.041744082307073,3995.999999999999,0.8939192297856643,0.30274446638450364,
H2a,L32-anode,1p6kW,Xe1,a=1/32_b=0.97_c=1.1L_w=0.25L,vacuum,success,3.466946635487415,6.960964151571712,-0.501944477805619,60.51133655282112,72.8,-0.16880032207663298,-2.5078904994242612,3.01403087461709,15.983155950106772,10988.999999999998,0.9899681938351652,0.45760475626263825,
H2a,L32-anode,1p6kW,Xe1,a=1/32_b=0.97_c=1L_w=0.1L,vacuum,success,3.9616581802641573,6.960964151571712,-0.430875077934476,62.573040130325204,72.8,-0.14048021799003843,-2.0871346672805706,2.9487154270812765,15.639573595249095,3995.999999999999,0.896875888277017,0.4282148323255869,
H2a,L32-anode,1p6kW,Xe1,a=1/32_b=0.97_c=1L_w=0.25L,vacuum,success,3.108655566898212,6.960964151571712,-0.5534159493988616,54.275754325386444,72.8,-0.2544539241018346,-3.7804583009415427,2.7824050848493793,14.203596478095138,3995.999999999999,0.9722238350428045,0.41058523320194323,
H2a,L32-anode,1p6kW,Xe1,a=1/32_b=0.9_c=0.9L_w=0.1L,vacuum,success,4.424106741526164,6.960964151571712,-0.3644405221470294,67.69302278279197,72.8,-0.07015078595065972,-1.0422402484098015,2.5161060830446433,12.49237215663928,8990.999999999998,0.8548939078631126,0.44877268370761225,
H2a,L32-anode,1p6kW,Xe1,a=1/32_b=0.9_c=0.9L_w=0.25L,vacuum,success,3.976840965774532,6.960964151571712,-0.428693945381603,64.2456200333441,72.8,-0.11750521932219654,-1.745791829929777,2.4345485849834194,11.459012908478218,8990.999999999998,0.9367423305418451,0.4496897839080639,
H2a,L32-anode,1p6kW,Xe1,a=1/32_b=0.9_c=1.1L_w=0.1L,vacuum,success,4.545745477963652,6.960964151571712,-0.3469661128857745,63.35289140519311,72.8,-0.1297679752033914,-1.9279813458789576,3.0943343550176117,17.559334251136278,3995.999999999999,0.8527057388882887,0.38255330788757075,
H2a,L32-anode,1p6kW,Xe1,a=1/32_b=0.9_c=1.1L_w=0.25L,vacuum,success,3.1743789102091786,6.960964151571712,-0.5439742482379488,55.789754472708296,72.8,-0.23365721878147952,-3.471478679039124,3.459723139625906,21.93768620843305,6992.999999999998,1.0304685089142422,0.42482917155290634,
H2a,L32-anode,1p6kW,Xe1,a=1/32_b=0.9_c=1L_w=0.1L,vacuum,success,4.304337388063739,6.960964151571712,-0.3816463791022592,57.410956341118116,72.8,-0.21138796234727864,-3.1406211548738536,2.9657337500959136,16.328105461342936,3995.999999999999,0.7774206145773357,0.331777899092872,
H2a,L32-anode,1p6kW,Xe1,a=1/32_b=0.9_c=1L_w=0.25L,vacuum,success,3.586457881760477,6.960964151571712,-0.4847757000801832,57.75490387568675,72.8,-0.20666340830100624,-3.0704277804720923,2.9264334688570215,15.77638893379246,3995.999999999999,0.9312046287067762,0.40297322525817025,
H2a,L32-anode,1p6kW,Xe1,a=1/8_b=0.8_c=0.9L_w=0.1L,vacuum,success,11.839725072808818,6.960964151571712,0.7008743063467053,86.93209462539603,72.8,0.19412217892027506,2.884100943958372,4.6132047151830724e-05,0.00029521276631485645,6992.999999999998,0.30757241024477006,0.27655586032608925,
H2a,L32-anode,1p6kW,Xe1,a=1/8_b=0.8_c=0.9L_w=0.25L,vacuum,success,9.754400942903695,6.960964151571712,0.4013002696905506,87.87136258387264,72.8,0.2070242113169318,3.0757882824229865,0.025055235084934672,0.13182660831985057,6992.999999999998,0.3752342496225749,0.342971722416052,
H2a,L32-anode,1p6kW,Xe1,a=1/8_b=0.8_c=1.1L_w=0.1L,vacuum,success,12.089823400054485,6.960964151571712,0.7368029969418431,87.6195179977849,72.8,0.20356480766188031,3.024391428119364,8.568182925792931e-05,0.0005446900226939048,5993.999999999999,0.3015424666304122,0.27513507436302,
H2a,L32-anode,1p6kW,Xe1,a=1/8_b=0.8_c=1.1L_w=0.25L,vacuum,success,10.011248743213983,6.960964151571712,0.438198577844069,89.1166298128794,72.8,0.22412953039669486,3.3299244516080377,0.0926176394464243,0.41542443991485795,6992.999999999998,0.36791741361668273,0.34371101601665666,
H2a,L32-anode,1p6kW,Xe1,a=1/8_b=0.8_c=1L_w=0.1L,vacuum,success,11.941067904606244,6.960964151571712,0.7154330412562285,87.3101394189967,72.8,0.1993151019092952,2.961252942652385,2.3850170976145517e-05,0.0001533186635196851,5993.999999999999,0.3051321638528399,0.2765988632342366,
H2a,L32-anode,1p6kW,Xe1,a=1/8_b=0.8_c=1L_w=0.25L,vacuum,success,9.776899837602935,6.960964151571712,0.404532421761634,88.0030019149523,72.8,0.20883244388670744,3.1026534520310816,0.05473852623354243,0.2611410063098508,6992.999999999998,0.3733835855465614,0.34320847477597377,
H2a,L32-anode,1p6kW,Xe1,a=1/8_b=0.97_c=0.9L_w=0.1L,vacuum,success,8.775234822227466,6.960964151571712,0.2606349682530847,86.56853891710931,72.8,0.18912828182842448,2.8099059014508776,0.05675871267133954,0.3299898869618322,6992.999999999998,0.4176104059570155,0.3700203622439468,
H2a,L32-anode,1p6kW,Xe1,a=1/8_b=0.97_c=0.9L_w=0.25L,vacuum,success,6.220605111904945,6.960964151571712,-0.10635869163319885,84.53726767013336,72.8,0.16122620426007364,2.395360749006808,0.029566707530782884,0.15681652070243773,9989.999999999998,0.5863391114259316,0.4977691492192558,
H2a,L32-anode,1p6kW,Xe1,a=1/8_b=0.97_c=1.1L_w=0.1L,vacuum,success,8.745051985777415,6.960964151571712,0.2562989544778614,89.48896620914468,72.8,0.22924404133440485,3.4059114712540146,0.2799978379806925,1.0826154872162244,5993.999999999999,0.42396352735625775,0.3967717857712759,
H2a,L32-anode,1p6kW,Xe1,a=1/8_b=0.97_c=1.1L_w=0.25L,vacuum,success,6.240908124183848,6.960964151571712,-0.1034419962104363,86.63863892929731,72.8,0.1900911940837542,2.824212026387205,0.010657684509575039,0.0604401198675857,7991.999999999998,0.5797997150292453,0.5211222884823292,
H2a,L32-anode,1p6kW,Xe1,a=1/8_b=0.97_c=1L_w=0.1L,vacuum,success,8.633734698463561,6.960964151571712,0.24030730664144492,86.62443285651094,72.8,0.18989605572130397,2.821312827859373,0.19761183273691058,0.7876845711812654,5993.999999999999,0.42055706831109924,0.3765705083886689,
H2a,L32-anode,1p6kW,Xe1,a=1/8_b=0.97_c=1L_w=0.25L,vacuum,success,6.166905125288523,6.960964151571712,-0.11407313828845084,85.35096153515504,72.8,0.17240331779059107,2.56142072146021,0.0162232979336689,0.09443263750565202,8990.999999999998,0.5874539202276047,0.5118158895524418,
H2a,L32-anode,1p6kW,Xe1,a=1/8_b=0.9_c=0.9L_w=0.1L,vacuum,success,10.59180470391498,6.960964151571712,0.5216002371630462,87.01086321351916,72.8,0.19520416502086746,2.900176166024316,0.0011078594811341131,0.007459672547151945,6992.999999999998,0.34440281227507474,0.30969998581281244,
H2a,L32-anode,1p6kW,Xe1,a=1/8_b=0.9_c=0.9L_w=0.25L,vacuum,success,8.202867805869348,6.960964151571712,0.17840971843206901,87.81701285264242,72.8,0.20627764907475837,3.064696500539267,0.014346737399832981,0.08845060495412307,6992.999999999998,0.4476728754103946,0.407338822181711,
H2a,L32-anode,1p6kW,Xe1,a=1/8_b=0.9_c=1.1L_w=0.1L,vacuum,success,10.81954233297901,6.960964151571712,0.5543166287583986,88.03522485808597,72.8,0.20927506673195012,3.109229562874687,0.0038511495420305857,0.02413225319694984,5993.999999999999,0.33744715061332314,0.31036179909391287,
H2a,L32-anode,1p6kW,Xe1,a=1/8_b=0.9_c=1.1L_w=0.25L,vacuum,success,8.303838486505809,6.960964151571712,0.19291499075324067,88.13694220230393,72.8,0.21067228299868035,3.129988204551822,0.19621872233792748,0.8637751759802934,5993.999999999999,0.43752593984915167,0.40532301122685305,
H2a,L32-anode,1p6kW,Xe1,a=1/8_b=0.9_c=1L_w=0.1L,vacuum,success,10.686907860971399,6.960964151571712,0.5352625912544612,87.64623167683315,72.8,0.2039317538026531,3.029843199353703,0.0021671730623574526,0.013138030810808965,5993.999999999999,0.34170714769876254,0.31144303821619773,
H2a,L32-anode,1p6kW,Xe1,a=1/8_b=0.9_c=1L_w=0.25L,vacuum,success,8.277167387634895,6.960964151571712,0.18908346708925347,88.85317777774942,72.8,0.22051068376029426,3.2761587301529427,0.05877633307448822,0.3351557804840965,6992.999999999998,0.445213895511902,0.4132647726892757,
H2a,L32-anode,1p6kW,Xe2,a=1/16_b=0.8_c=0.9L_w=0.1L,vacuum,success,8.046584215662055,8.044447084198758,0.00026566542621610006,91.60925561702673,83.4,0.09843232154708313,1.6753582891891292,1.1434576306659059,4.509908622735422,5993.999999999999,0.44843291181869627,0.4166834946881729,
H2a,L32-anode,1p6kW,Xe2,a=1/16_b=0.8_c=0.9L_w=0.25L,vacuum,success,6.7926875909912185,8.044447084198758,-0.15560541080148296,91.90430553822557,83.4,0.10197009038639766,1.7355725588215436,0.30280365927885955,1.4580162863062112,6992.999999999998,0.5318947402082217,0.49678585861893276,
H2a,L32-anode,1p6kW,Xe2,a=1/16_b=0.8_c=1.1L_w=0.1L,vacuum,success,8.535653652007476,8.044447084198758,0.061061569883847706,94.68765577403627,83.4,0.13534359441290494,2.303603219191076,2.1571278662638362,11.01681984637159,8990.999999999998,0.4604594060502122,0.4196518047096702,
H2a,L32-anode,1p6kW,Xe2,a=1/16_b=0.8_c=1.1L_w=0.25L,vacuum,success,6.601405069321203,8.044447084198758,-0.179383617018507,86.66521007886031,83.4,0.03915119998633467,0.6663694038490431,1.9090225233449516,7.176798022582149,4994.999999999999,0.5332554066611624,0.45456119305170845,
H2a,L32-anode,1p6kW,Xe2,a=1/16_b=0.8_c=1L_w=0.1L,vacuum,success,7.654421894942098,8.044447084198758,-0.04848377833484214,86.46521788701838,83.4,0.03675321207456096,0.6255546708200783,1.4920774768773977,7.23117648705648,4994.999999999999,0.44879957145811233,0.3902200991232048,
H2a,L32-anode,1p6kW,Xe2,a=1/16_b=0.8_c=1L_w=0.25L,vacuum,success,6.749075899672061,8.044447084198758,-0.1610267518660319,89.80032416160189,83.4,0.07674249594246879,1.3061886044085502,1.2333846513233724,4.495096616585105,5993.999999999999,0.5357183484917953,0.4773650804810234,
H2a,L32-anode,1p6kW,Xe2,a=1/16_b=0.97_c=0.9L_w=0.1L,vacuum,success,6.418164603756876,8.044447084198758,-0.20216212045651902,90.4694752732526,83.4,0.08476589056657785,1.442750055765835,0.04378951453142536,0.26461724176067203,5993.999999999999,0.5632858793405225,0.5094862199180202,
H2a,L32-anode,1p6kW,Xe2,a=1/16_b=0.97_c=0.9L_w=0.25L,vacuum,success,4.71851451859567,8.044447084198758,-0.41344452027486445,81.8963388919855,83.4,-0.018029509688423304,-0.30686961388051087,0.14792288953762223,0.5379174478235487,28970.999999999993,0.7633397836769014,0.567888180200835,
H2a,L32-anode,1p6kW,Xe2,a=1/16_b=0.97_c=1.1L_w=0.1L,vacuum,success,6.1393913689267885,8.044447084198758,-0.2368162404864295,88.95578176149967,83.4,0.06661608826738206,1.1338330125509517,0.33996400409233907,1.1136137391757948,4994.999999999999,0.5826766933452201,0.5149465970013186,
H2a,L32-anode,1p6kW,Xe2,a=1/16_b=0.97_c=1.1L_w=0.25L,vacuum,success,4.647941170823477,8.044447084198758,-0.42221744736774286,76.7093704352338,83.4,-0.08022337607633345,-1.3654346050543282,0.18623793416627918,0.93903733050391,47951.99999999999,0.790022177047193,0.5057959700285316,
H2a,L32-anode,1p6kW,Xe2,a=1/16_b=0.97_c=1L_w=0.1L,vacuum,success,6.420137982033687,8.044447084198758,-0.20191681108271664,92.67350280451384,83.4,0.11119307919081352,1.8925515927579277,0.03581242763273221,0.2045724996297341,4994.999999999999,0.5673470366591299,0.5344486018685897,
H2a,L32-anode,1p6kW,Xe2,a=1/16_b=0.97_c=1L_w=0.25L,vacuum,success,4.664757068201469,8.044447084198758,-0.4201270740702389,78.56731505257822,83.4,-0.05794586267891827,-0.9862622341677109,0.15344254028364035,0.5828899235447993,43955.99999999999,0.7730501254585782,0.5286812920841754,
H2a,L32-anode,1p6kW,Xe2,a=1/16_b=0.9_c=0.9L_w=0.1L,vacuum,success,7.375233804125963,8.044447084198758,-0.08318946884333321,91.39329468800557,83.4,0.09584286196649361,1.6312846302052175,0.7518848360418495,2.281755381034578,5993.999999999999,0.4891553419349061,0.45247232930329,
H2a,L32-anode,1p6kW,Xe2,a=1/16_b=0.9_c=0.9L_w=0.25L,vacuum,success,5.959660327628084,8.044447084198758,-0.25915848966993643,91.46201774439099,83.4,0.09666687942914849,1.6453097437532618,0.0017847997637424912,0.011751874907670292,9989.999999999998,0.6115626666440426,0.5607886289699251,
H2a,L32-anode,1p6kW,Xe2,a=1/16_b=0.9_c=1.1L_w=0.1L,vacuum,success,6.68223437334939,8.044447084198758,-0.16933577865470503,81.26062956290954,83.4,-0.025651923706120655,-0.43660621165111474,2.413852457386899,10.561089037363995,8990.999999999998,0.49913693791199815,0.394800606976907,
H2a,L32-anode,1p6kW,Xe2,a=1/16_b=0.9_c=1.1L_w=0.25L,vacuum,success,6.064972314108438,8.044447084198758,-0.24606722492817287,91.273747696295,83.4,0.09440944479970033,1.6068872849581648,0.008431574045231004,0.06951622551286599,11987.999999999998,0.6042113672920124,0.5487848249438247,
H2a,L32-anode,1p6kW,Xe2,a=1/16_b=0.9_c=1L_w=0.1L,vacuum,success,7.540351031225733,8.044447084198758,-0.06266385342545064,94.73720794826458,83.4,0.13593774518302854,2.3137159078090974,0.9108033225296571,2.766068430452585,5993.999999999999,0.49140667747023214,0.47554185608257005,
H2a,L32-anode,1p6kW,Xe2,a=1/16_b=0.9_c=1L_w=0.25L,vacuum,success,5.990112303628798,8.044447084198758,-0.25537302428219966,91.29092837161727,83.4,0.0946154481009265,1.610393545228014,0.05234251943577212,0.3304775944785302,5993.999999999999,0.6106185304031622,0.5558523331330507,
H2a,L32-anode,1p6kW,Xe2,a=1/32_b=0.8_c=0.9L_w=0.1L,vacuum,success,4.784606189792946,8.044447084198758,-0.40522870749052836,66.04708680858107,83.4,-0.2080685034942318,-3.541410855391619,1.2596091249591683,4.798199383393987,5993.999999999999,0.7257176176274229,0.36425060838223655,
H2a,L32-anode,1p6kW,Xe2,a=1/32_b=0.8_c=0.9L_w=0.25L,vacuum,success,3.6436539123731158,8.044447084198758,-0.5470597451588519,55.15511209982396,83.4,-0.338667720625612,-5.7642628367706195,2.751241854734098,14.646435815949035,4994.999999999999,0.8477651887519573,0.3335596997411088,
H2a,L32-anode,1p6kW,Xe2,a=1/32_b=0.8_c=1.1L_w=0.1L,vacuum,success,5.096931221229173,8.044447084198758,-0.36640378538373625,64.91766940620987,83.4,-0.2216106785826155,-3.771904202814312,0.7143366865736367,2.9219732139504138,5993.999999999999,0.6627135139673745,0.33033623686068725,
H2a,L32-anode,1p6kW,Xe2,a=1/32_b=0.8_c=1.1L_w=0.25L,vacuum,success,4.318892297789896,8.044447084198758,-0.46312129937764823,62.623493368408816,83.4,-0.24911878455145303,-4.240103394202282,3.183875021131546,18.842266997199985,3995.999999999999,0.8406544109603825,0.36277834683155036,
H2a,L32-anode,1p6kW,Xe2,a=1/32_b=0.8_c=1L_w=0.1L,vacuum,success,5.112191784831443,8.044447084198758,-0.3645067546192174,69.88353638375796,83.4,-0.16206790906765048,-2.758461962498377,0.9348157167293651,3.3006897900419068,5993.999999999999,0.7287444046536417,0.38166449433261107,
H2a,L32-anode,1p6kW,Xe2,a=1/32_b=0.8_c=1L_w=0.25L,vacuum,success,3.9578324997520493,8.044447084198758,-0.5080044087149022,58.20924528232709,83.4,-0.3020474186771332,-5.140970350545491,2.888798506176665,16.537583580909445,3995.999999999999,0.8585052725933767,0.34203116280377377,
H2a,L32-anode,1p6kW,Xe2,a=1/32_b=0.97_c=0.9L_w=0.1L,vacuum,success,3.8100382827351527,8.044447084198758,-0.5263766119838129,60.28813392610222,83.4,-0.27712069632970965,-4.716707362019956,2.579743203260816,12.995506600934341,4994.999999999999,0.8326505943627952,0.38113031519575097,
H2a,L32-anode,1p6kW,Xe2,a=1/32_b=0.97_c=0.9L_w=0.25L,vacuum,success,2.9298435143813144,8.044447084198758,-0.635793052808286,48.06520267826817,83.4,-0.4236786249608133,-7.211183126884046,2.640537477344434,14.233143603689305,4994.999999999999,0.9987583424821644,0.31503316863425723,
H2a,L32-anode,1p6kW,Xe2,a=1/32_b=0.97_c=1.1L_w=0.1L,vacuum,success,3.272252877823598,8.044447084198758,-0.5932283669003062,51.85688938010901,83.4,-0.37821475563418455,-6.437369514263467,3.8516772934102357,25.381363832189386,3995.999999999999,0.9030929819131616,0.3283259552130769,
H2a,L32-anode,1p6kW,Xe2,a=1/32_b=0.97_c=1.1L_w=0.25L,vacuum,success,2.744936271854969,8.044447084198758,-0.6587787522094977,48.527962973837006,83.4,-0.4181299403616666,-7.116742250237345,3.680170293216492,23.637876642101528,3995.999999999999,0.9776563238501892,0.34276068931168246,
H2a,L32-anode,1p6kW,Xe2,a=1/32_b=0.97_c=1L_w=0.1L,vacuum,success,4.053756226053037,8.044447084198758,-0.4960801925075006,66.71402036617744,83.4,-0.200071698247273,-3.405301966086238,3.0664252947372437,16.068223662959902,3995.999999999999,0.9054784996243632,0.43864759046395774,
H2a,L32-anode,1p6kW,Xe2,a=1/32_b=0.97_c=1L_w=0.25L,vacuum,success,3.216407862549982,8.044447084198758,-0.6001704245319998,57.8274792450503,83.4,-0.30662494910011634,-5.218881786724428,2.9920140730902327,16.249423141981975,3995.999999999999,0.9776321132554593,0.415371369223703,
H2a,L32-anode,1p6kW,Xe2,a=1/32_b=0.9_c=0.9L_w=0.1L,vacuum,success,5.101520298662418,8.044447084198758,-0.3658333201441477,71.06898692478295,83.4,-0.14785387380356182,-2.516533280656542,1.4188481214983937,5.869240963732757,10988.999999999998,0.7279319435278018,0.3955485353799826,
H2a,L32-anode,1p6kW,Xe2,a=1/32_b=0.9_c=0.9L_w=0.25L,vacuum,success,3.3315252948188023,8.044447084198758,-0.5858602511833629,56.862697261742184,83.4,-0.31819307839637667,-5.415776069032206,2.7724319414838665,14.816610305371833,4994.999999999999,0.9566465034945045,0.3877492337533403,
H2a,L32-anode,1p6kW,Xe2,a=1/32_b=0.9_c=1.1L_w=0.1L,vacuum,success,4.990575111794615,8.044447084198758,-0.3796248443727956,69.43012592082424,83.4,-0.16750448536181978,-2.850994710035871,1.3569766596513488,6.026710758301494,4994.999999999999,0.7182576608233144,0.38590860250964365,
H2a,L32-anode,1p6kW,Xe2,a=1/32_b=0.9_c=1.1L_w=0.25L,vacuum,success,3.0484137629118617,8.044447084198758,-0.6210536621093966,49.3374531052289,83.4,-0.4084238236783105,-6.951540182606346,3.786486179462157,25.09620332972419,3995.999999999999,0.9251709967196875,0.3190205723881448,
H2a,L32-anode,1p6kW,Xe2,a=1/32_b=0.9_c=1L_w=0.1L,vacuum,success,4.729668258948786,8.044447084198758,-0.4120580060450643,70.2295758125422,83.4,-0.15791875524529753,-2.6878416709097572,0.7358054728549266,3.7377830287881944,5993.999999999999,0.8119066739098235,0.4166281025187772,
H2a,L32-anode,1p6kW,Xe2,a=1/32_b=0.9_c=1L_w=0.25L,vacuum,success,3.662568931169875,8.044447084198758,-0.544708431439117,60.63061039852504,83.4,-0.2730142638066542,-4.646814204382644,3.055545943919445,16.93954792578741,3995.999999999999,0.9421841256625344,0.4009933998125932,
H2a,L32-anode,1p6kW,Xe2,a=1/8_b=0.8_c=0.9L_w=0.1L,vacuum,success,12.235277223233776,8.044447084198758,0.5209593767192308,90.50989440818566,83.4,0.08525053247225009,1.4509988588133993,5.58045462289698e-05,0.00039362292924816463,6992.999999999998,0.2976743281477079,0.26749609901640015,
H2a,L32-anode,1p6kW,Xe2,a=1/8_b=0.8_c=0.9L_w=0.25L,vacuum,success,10.029371240349073,8.044447084198758,0.24674463457521983,91.33126142139473,83.4,0.09509905781048841,1.618624779876476,0.008491094805254099,0.050011503012489834,6992.999999999998,0.36444678992141727,0.33228011731575435,
H2a,L32-anode,1p6kW,Xe2,a=1/8_b=0.8_c=1.1L_w=0.1L,vacuum,success,12.46398890735706,8.044447084198758,0.5493903778470184,91.13551288714446,83.4,0.09275195308326685,1.5786760994172355,8.272013376925229e-05,0.0005247564308870103,5993.999999999999,0.2924135489731226,0.2662302381255104,
H2a,L32-anode,1p6kW,Xe2,a=1/8_b=0.8_c=1.1L_w=0.25L,vacuum,success,10.243607638640018,8.044447084198758,0.2733762223087953,92.29389423001693,83.4,0.10664141762610234,1.8150804551054969,0.03774450093087206,0.1860464696440133,6992.999999999998,0.3579256755598516,0.3322248828042532,
H2a,L32-anode,1p6kW,Xe2,a=1/8_b=0.8_c=1L_w=0.1L,vacuum,success,12.327900620732972,8.044447084198758,0.5324733311936322,90.86353423373008,83.4,0.08949081815024065,1.523170251781647,6.389536893678073e-05,0.0004159340929205851,5993.999999999999,0.29553373138405636,0.2675649833193446,
H2a,L32-anode,1p6kW,Xe2,a=1/8_b=0.8_c=1L_w=0.25L,vacuum,success,10.059852469299159,8.044447084198758,0.2505337363781216,91.54022610130562,83.4,0.09760462951205776,1.6612706329195135,0.02153557603981259,0.11297674763205263,6992.999999999998,0.36272924662247136,0.3327909444718813,
H2a,L32-anode,1p6kW,Xe2,a=1/8_b=0.97_c=0.9L_w=0.1L,vacuum,success,9.052511415321227,8.044447084198758,0.12531182324544735,90.0705820687074,83.4,0.07998299842574814,1.3613432793280396,0.018653588471708008,0.10926450131356535,6992.999999999998,0.4032500033439265,0.3580436764576351,
H2a,L32-anode,1p6kW,Xe2,a=1/8_b=0.97_c=0.9L_w=0.25L,vacuum,success,6.463510154976099,8.044447084198758,-0.19652524439224694,88.68380487006192,83.4,0.06335497446117404,1.0783275245024313,0.026239086396476416,0.142763300495539,9989.999999999998,0.5655679134599715,0.4861377541892332,
H2a,L32-anode,1p6kW,Xe2,a=1/8_b=0.97_c=1.1L_w=0.1L,vacuum,success,8.885144797789954,8.044447084198758,0.10450658756181383,92.17045293062831,83.4,0.10516130612264159,1.7898883531894505,0.21319546641525874,0.8355533258407387,5993.999999999999,0.4139244088118752,0.38199535671622215,
H2a,L32-anode,1p6kW,Xe2,a=1/8_b=0.97_c=1.1L_w=0.25L,vacuum,success,6.390279604320372,8.044447084198758,-0.20562848665231095,90.50310253135726,83.4,0.08516909510020683,1.4496127615014793,0.010302781782279847,0.05710095153821899,7991.999999999998,0.566355581158101,0.5120899166303053,
H2a,L32-anode,1p6kW,Xe2,a=1/8_b=0.97_c=1L_w=0.1L,vacuum,success,8.951402134303962,8.044447084198758,0.11274299409423462,91.08580377462117,83.4,0.09215592055900676,1.5685313825757474,0.083205619697681,0.43125360222676573,5993.999999999999,0.4084871684196098,0.37029638527585557,
H2a,L32-anode,1p6kW,Xe2,a=1/8_b=0.97_c=1L_w=0.25L,vacuum,success,6.349262150153968,8.044447084198758,-0.2107273397788325,89.34173984265479,83.4,0.07124388300545301,1.2125999678887305,0.01645427490644414,0.09464067409659825,8990.999999999998,0.5714059118627824,0.5022555020741868,
H2a,L32-anode,1p6kW,Xe2,a=1/8_b=0.9_c=0.9L_w=0.1L,vacuum,success,10.953181932452287,8.044447084198758,0.3615829425948973,90.56388432548354,83.4,0.08589789359092971,1.4620172092823545,0.00019784649281059968,0.0014466409389351823,6992.999999999998,0.3327626740389592,0.29916372467935315,
H2a,L32-anode,1p6kW,Xe2,a=1/8_b=0.9_c=0.9L_w=0.25L,vacuum,success,8.447849904839744,8.044447084198758,0.05014674301647989,91.51147947052662,83.4,0.09725994568976765,1.6554039735768615,0.016483447625169234,0.10036052829265046,6992.999999999998,0.4346568080948639,0.3960446169222107,
H2a,L32-anode,1p6kW,Xe2,a=1/8_b=0.9_c=1.1L_w=0.1L,vacuum,success,11.132851980289116,8.044447084198758,0.3839176097207144,91.53074384800664,83.4,0.09749093342933612,1.659335479185027,0.0009786172180419348,0.005992241389429711,5993.999999999999,0.3279019299849871,0.3006538012500265,
H2a,L32-anode,1p6kW,Xe2,a=1/8_b=0.9_c=1.1L_w=0.25L,vacuum,success,8.506067889498425,8.044447084198758,0.05738378293349731,91.42318318897935,83.4,0.09620123727792984,1.6373843242814996,0.22513727612335177,0.9518606204157191,5993.999999999999,0.4256463646301555,0.39257531052547145,
H2a,L32-anode,1p6kW,Xe2,a=1/8_b=0.9_c=1L_w=0.1L,vacuum,success,11.017719666109775,8.044447084198758,0.3696055864114321,91.12486333723906,83.4,0.09262426063835796,1.5765027218855212,0.0005409926579260535,0.003408456188422257,5993.999999999999,0.3311317988021961,0.30110724991252286,
H2a,L32-anode,1p6kW,Xe2,a=1/8_b=0.9_c=1L_w=0.25L,vacuum,success,8.479857736630656,8.044447084198758,0.054125615828482465,92.25275039959503,83.4,0.1061480863260795,1.8066837550193937,0.06545947897625648,0.3888098996609957,6992.999999999998,0.433135079429118,0.40096755284727337,
H2a,L32-anode,1p6kW,Xe3,a=1/16_b=0.8_c=0.9L_w=0.1L,vacuum,success,8.308313698481175,6.946746435450754,0.19600071424545573,96.84269769082368,86.8,0.11569928215234654,2.049530140984424,0.67194085560776,2.3942145814124216,6992.999999999998,0.4371726900194751,0.4115239013455212,
H2a,L32-anode,1p6kW,Xe3,a=1/16_b=0.8_c=0.9L_w=0.25L,vacuum,success,7.010438294077999,6.946746435450754,0.009168588377173503,96.25205430031332,86.8,0.10889463479623637,1.9289906735333298,0.27706506007444415,1.224504215809842,6992.999999999998,0.5152396236414926,0.4817802982962527,
H2a,L32-anode,1p6kW,Xe3,a=1/16_b=0.8_c=1.1L_w=0.1L,vacuum,success,8.211053425448208,6.946746435450754,0.18199987602043763,93.63692762269564,86.8,0.07876644726607877,1.395291351570538,1.6244063274361076,8.070228527770357,4994.999999999999,0.4319037594301724,0.3892867528434324,
H2a,L32-anode,1p6kW,Xe3,a=1/16_b=0.8_c=1.1L_w=0.25L,vacuum,success,6.934138207872452,6.946746435450754,-0.0018149831284987798,92.97946932130348,86.8,0.07119204287215987,1.2611161880211175,2.09978958048174,8.503896256223683,4994.999999999999,0.5197491798308593,0.4545229587583413,
H2a,L32-anode,1p6kW,Xe3,a=1/16_b=0.8_c=1L_w=0.1L,vacuum,success,8.338298918659872,6.946746435450754,0.20031715510842943,96.43343953903666,86.8,0.11098432648659742,1.9660080691911541,0.9205904696265443,3.3815457636887327,5993.999999999999,0.43133455285063715,0.40658565019022175,
H2a,L32-anode,1p6kW,Xe3,a=1/16_b=0.8_c=1L_w=0.25L,vacuum,success,6.881450711758662,6.946746435450754,-0.009399468412849167,93.50466603103189,86.8,0.07724269621004473,1.3682991900065067,1.1523114386304343,3.8677233442106447,5993.999999999999,0.5197091265035275,0.46319168612111317,
H2a,L32-anode,1p6kW,Xe3,a=1/16_b=0.97_c=0.9L_w=0.1L,vacuum,success,6.716056608497219,6.946746435450754,-0.03320832696242872,95.73855907639755,86.8,0.10297879120273679,1.8241957298770515,0.09879066842003731,0.49174497699840336,5993.999999999999,0.5413175807134609,0.4975464339925507,
H2a,L32-anode,1p6kW,Xe3,a=1/16_b=0.97_c=0.9L_w=0.25L,vacuum,success,4.974430698223391,6.946746435450754,-0.2839193506707266,89.56250860446708,86.8,0.031826135996164566,0.5637772662177722,0.12562771972198208,0.7710035986364534,12986.999999999998,0.7283373158411232,0.5878727187882709,
H2a,L32-anode,1p6kW,Xe3,a=1/16_b=0.97_c=1.1L_w=0.1L,vacuum,success,6.263115909842086,6.946746435450754,-0.09841017402333167,93.58012842325823,86.8,0.07811207860896578,1.3836996782159652,0.3458204455772246,1.1878379264293075,4994.999999999999,0.5700088326489219,0.5097427023108605,
H2a,L32-anode,1p6kW,Xe3,a=1/16_b=0.97_c=1.1L_w=0.25L,vacuum,success,4.7974592540049645,6.946746435450754,-0.30939479386745866,82.35782015411863,86.8,-0.0511771871645319,-0.9065673154859937,0.20821315659222772,0.9324738117198434,44954.99999999999,0.752745038095549,0.5154334315655222,
H2a,L32-anode,1p6kW,Xe3,a=1/16_b=0.97_c=1L_w=0.1L,vacuum,success,6.667147743352596,6.946746435450754,-0.040248869696942545,97.86322588270349,86.8,0.1274565193859849,2.2578012005517323,0.08920598886097411,0.47867160163428824,5993.999999999999,0.5490606171269655,0.5236886578982248,
H2a,L32-anode,1p6kW,Xe3,a=1/16_b=0.97_c=1L_w=0.25L,vacuum,success,4.84055474385638,6.946746435450754,-0.30319109977096914,85.21487178612254,86.8,-0.018261845781998416,-0.3234955538525433,0.17316469141424196,0.6427305323425857,37961.99999999999,0.7443487875382065,0.546902421240204,
H2a,L32-anode,1p6kW,Xe3,a=1/16_b=0.9_c=0.9L_w=0.1L,vacuum,success,8.06202704143937,6.946746435450754,0.16054718800402693,101.75560247462967,86.8,0.1722995676800653,3.0521637703325846,0.7223726457073163,2.201749721156315,5993.999999999999,0.47535270401586854,0.46821637889569073,
H2a,L32-anode,1p6kW,Xe3,a=1/16_b=0.9_c=0.9L_w=0.25L,vacuum,success,6.1267632668513174,6.946746435450754,-0.11803844810210494,96.07619324037505,86.8,0.10686858571860647,1.8931006613010286,0.0011861622211183681,0.00763423987846589,8990.999999999998,0.5948050739618502,0.5492558187811064,
H2a,L32-anode,1p6kW,Xe3,a=1/16_b=0.9_c=1.1L_w=0.1L,vacuum,success,8.218318025466242,6.946746435450754,0.1830456317689074,102.41022573090505,86.8,0.17984131026388306,3.185760353245928,1.916109488576452,8.311770101420322,4994.999999999999,0.4789863660827093,0.4652409094344176,
H2a,L32-anode,1p6kW,Xe3,a=1/16_b=0.9_c=1.1L_w=0.25L,vacuum,success,6.184967592286388,6.946746435450754,-0.10965980264902758,94.7406623421899,86.8,0.09148228504827076,1.6205433351407963,0.19657215688302482,0.6364911721662959,7991.999999999998,0.5914586269102514,0.5290656886002644,
H2a,L32-anode,1p6kW,Xe3,a=1/16_b=0.9_c=1L_w=0.1L,vacuum,success,7.603259547914116,6.946746435450754,0.09450656052638308,95.93623068786056,86.8,0.10525611391544418,1.8645368750735825,0.8748037339986685,2.710020605682094,5993.999999999999,0.47050155200553173,0.44130584404094464,
H2a,L32-anode,1p6kW,Xe3,a=1/16_b=0.9_c=1L_w=0.25L,vacuum,success,6.179453485005016,6.946746435450754,-0.11045357097389868,97.2342306693654,86.8,0.12021003075305758,2.1294348304827344,0.002556125977181076,0.016081990162778375,6992.999999999998,0.5913071246400281,0.55777942416368,
H2a,L32-anode,1p6kW,Xe3,a=1/32_b=0.8_c=0.9L_w=0.1L,vacuum,success,5.170599717617145,6.946746435450754,-0.2556803727237756,72.5987532226296,86.8,-0.16360883384067287,-2.898213628034776,1.3011825767144958,5.04179553337497,5993.999999999999,0.6762627280186237,0.3716135995659881,
H2a,L32-anode,1p6kW,Xe3,a=1/32_b=0.8_c=0.9L_w=0.25L,vacuum,success,4.550124459851092,6.946746435450754,-0.3449992018377381,71.7593953149912,86.8,-0.17327885581807387,-3.0695111602058796,2.553828482779791,13.111692060834807,4994.999999999999,0.8478238431926296,0.4125802713643364,
H2a,L32-anode,1p6kW,Xe3,a=1/32_b=0.8_c=1.1L_w=0.1L,vacuum,success,5.252981256773218,6.946746435450754,-0.2438213621896266,72.8522035460483,86.8,-0.1606888992390748,-2.8464890722350393,0.8748919405659173,3.037725184983236,5993.999999999999,0.6913838056193059,0.36834410675935136,
H2a,L32-anode,1p6kW,Xe3,a=1/32_b=0.8_c=1.1L_w=0.25L,vacuum,success,4.381417926674624,6.946746435450754,-0.3692848922316643,68.17146612273244,86.8,-0.21461444559064016,-3.801741607605625,3.246453888314801,19.866273791688123,3995.999999999999,0.8251314652646484,0.38669163727348904,
H2a,L32-anode,1p6kW,Xe3,a=1/32_b=0.8_c=1L_w=0.1L,vacuum,success,5.316266274124641,6.946746435450754,-0.23471133954241066,76.20542942051694,86.8,-0.12205726474058837,-2.1621572611189936,0.9687868666099954,3.669177233978695,5993.999999999999,0.6942983628362787,0.39823488082676073,
H2a,L32-anode,1p6kW,Xe3,a=1/32_b=0.8_c=1L_w=0.25L,vacuum,success,4.5534830177824,6.946746435450754,-0.3445157297601955,76.31985528606076,86.8,-0.12073899440022164,-2.1388050436610686,2.925224398758036,16.20678804815264,12986.999999999998,0.9062002738180293,0.4663430916924436,
H2a,L32-anode,1p6kW,Xe3,a=1/32_b=0.97_c=0.9L_w=0.1L,vacuum,success,4.842272520569952,6.946746435450754,-0.3029438218935436,82.36456488841299,86.8,-0.05109948285238501,-0.9051908390993915,0.22835393637578885,1.4977024969581512,51947.99999999999,0.7497697328074135,0.5107469498563488,
H2a,L32-anode,1p6kW,Xe3,a=1/32_b=0.97_c=0.9L_w=0.25L,vacuum,success,3.4180897246773045,6.946746435450754,-0.5079581849664109,58.6377183320292,86.8,-0.324450249631,-5.747404422034856,2.299469081006804,11.461414799927708,4994.999999999999,1.097500539548267,0.36672866683550515,
H2a,L32-anode,1p6kW,Xe3,a=1/32_b=0.97_c=1.1L_w=0.1L,vacuum,success,4.400240365996448,6.946746435450754,-0.3665753591435168,67.15608607194935,86.8,-0.22631237244297997,-4.008962026132788,3.386936152269785,19.44576570674785,3995.999999999999,0.8073036131176329,0.37365306218293703,
H2a,L32-anode,1p6kW,Xe3,a=1/32_b=0.97_c=1.1L_w=0.25L,vacuum,success,3.6962656830438885,6.946746435450754,-0.46791412103642605,66.86891508198256,86.8,-0.22962079398637605,-4.067568350615804,3.3628503547715662,19.732972304657736,3995.999999999999,0.9756403346070218,0.4410213011484829,
H2a,L32-anode,1p6kW,Xe3,a=1/32_b=0.97_c=1L_w=0.1L,vacuum,success,4.158795652209522,6.946746435450754,-0.40133187660538666,73.42159116817537,86.8,-0.15412913400719622,-2.730287516698904,3.1417500782888426,17.19489740255417,3995.999999999999,0.9059636758585741,0.4725569942001355,
H2a,L32-anode,1p6kW,Xe3,a=1/32_b=0.97_c=1L_w=0.25L,vacuum,success,4.052191321896807,6.946746435450754,-0.4166778131964634,69.16350793341952,86.8,-0.20318539247212536,-3.5992840952205056,2.693253351845682,14.604174244843284,8990.999999999998,0.9634642794388788,0.4303663183526413,
H2a,L32-anode,1p6kW,Xe3,a=1/32_b=0.9_c=0.9L_w=0.1L,vacuum,success,5.1484459018560536,6.946746435450754,-0.2588694650516654,80.64385120816944,86.8,-0.07092337317777142,-1.2563568962919507,0.7815388436297088,3.748227900125981,5993.999999999999,0.6986560859591032,0.46051158277296456,
H2a,L32-anode,1p6kW,Xe3,a=1/32_b=0.9_c=0.9L_w=0.25L,vacuum,success,3.7643474984601863,6.946746435450754,-0.4581135883627615,61.7905937903232,86.8,-0.2881267996506544,-5.103960450954449,2.7192434362540614,14.391291070905238,4994.999999999999,0.8859222743300912,0.369767913002889,
H2a,L32-anode,1p6kW,Xe3,a=1/32_b=0.9_c=1.1L_w=0.1L,vacuum,success,4.974570825530933,6.946746435450754,-0.2838991790250729,68.44260909893889,86.8,-0.2114906785836534,-3.7464063063390025,0.4879856605982908,2.102325068870161,5993.999999999999,0.703054491033202,0.34329832757216955,
H2a,L32-anode,1p6kW,Xe3,a=1/32_b=0.9_c=1.1L_w=0.25L,vacuum,success,4.140283537867864,6.946746435450754,-0.4039967377045606,69.23986730325863,86.8,-0.20230567622973922,-3.5837005503553803,3.3590884822450793,20.325868803261404,3995.999999999999,0.908811314484961,0.42214005497710455,
H2a,L32-anode,1p6kW,Xe3,a=1/32_b=0.9_c=1L_w=0.1L,vacuum,success,5.1162657700869545,6.946746435450754,-0.2635018684462786,77.81667092498857,86.8,-0.10349457459690582,-1.8333324642880457,0.5841527770501365,2.6400049006511197,5993.999999999999,0.7406610836164633,0.4314856836246917,
H2a,L32-anode,1p6kW,Xe3,a=1/32_b=0.9_c=1L_w=0.25L,vacuum,success,3.8745769517313087,6.946746435450754,-0.4422458070502614,63.94983575933752,86.8,-0.26325074009979815,-4.663298824624996,3.0679068593667984,17.4878696082642,3995.999999999999,0.886400667982892,0.38479442261985297,
H2a,L32-anode,1p6kW,Xe3,a=1/8_b=0.8_c=0.9L_w=0.1L,vacuum,success,12.698885457705561,6.946746435450754,0.8280335370959265,94.66262496954757,86.8,0.09058323697635444,1.6046173407239928,4.6610132582719606e-05,0.00032680034061333764,6992.999999999998,0.2865688956692154,0.25725609487746304,
H2a,L32-anode,1p6kW,Xe3,a=1/8_b=0.8_c=0.9L_w=0.25L,vacuum,success,10.367410622808475,6.946746435450754,0.49241241481067016,95.4792535170694,86.8,0.09999139996623731,1.7712762279733465,0.002834520496572126,0.017560733661390562,6992.999999999998,0.35225512220998995,0.3205692950834012,
H2a,L32-anode,1p6kW,Xe3,a=1/8_b=0.8_c=1.1L_w=0.1L,vacuum,success,12.900190024000542,6.946746435450754,0.8570117887372533,95.2707586301272,86.8,0.09758938513971423,1.7287262510463661,9.718645242944662e-05,0.0006310771045733728,5993.999999999999,0.2824840213896653,0.25650588389619716,
H2a,L32-anode,1p6kW,Xe3,a=1/8_b=0.8_c=1.1L_w=0.25L,vacuum,success,10.543976773139752,6.946746435450754,0.5178295150275749,96.18282900008461,86.8,0.10809710829590562,1.9148630612417565,0.010880271658470596,0.06267212360328238,6992.999999999998,0.34647892205547387,0.3198636179920006,
H2a,L32-anode,1p6kW,Xe3,a=1/8_b=0.8_c=1L_w=0.1L,vacuum,success,12.78024935153612,6.946746435450754,0.8397460552634736,95.02913509822736,86.8,0.09480570389662851,1.6794153261688478,6.528603552478892e-05,0.00043096194627717424,5993.999999999999,0.28502783090365735,0.2576015182045759,
H2a,L32-anode,1p6kW,Xe3,a=1/8_b=0.8_c=1L_w=0.25L,vacuum,success,10.403759107149574,6.946746435450754,0.4976448620690881,95.80087527593882,86.8,0.1036967197688804,1.8369133216201667,0.005842332181174004,0.03479430544197049,6992.999999999998,0.35089731055304485,0.3216050492060696,
H2a,L32-anode,1p6kW,Xe3,a=1/8_b=0.97_c=0.9L_w=0.1L,vacuum,success,9.422292695762877,6.946746435450754,0.35636053270619955,94.46421033679445,86.8,0.08829735411053508,1.564124558529478,0.0056600470561024895,0.03527793058943984,6992.999999999998,0.38725978693216545,0.34526471595896246,
H2a,L32-anode,1p6kW,Xe3,a=1/8_b=0.97_c=0.9L_w=0.25L,vacuum,success,6.715547752079183,6.946746435450754,-0.033281578004879214,93.52468392030136,86.8,0.0774733170541631,1.3723844735308892,0.020427115956726367,0.1092003526903618,9989.999999999998,0.5452758244079579,0.4748377616061402,
H2a,L32-anode,1p6kW,Xe3,a=1/8_b=0.97_c=1.1L_w=0.1L,vacuum,success,9.08215979487823,6.946746435450754,0.30739762553157235,95.74392197095082,86.8,0.10304057570219831,1.825290198153227,0.061312430119234686,0.2980696545494544,5993.999999999999,0.4018413107265268,0.3679658212125192,
H2a,L32-anode,1p6kW,Xe3,a=1/8_b=0.97_c=1.1L_w=0.25L,vacuum,success,6.562217546466342,6.946746435450754,-0.055353810961355596,95.05187537291683,86.8,0.09506768862807405,1.6840561985544544,0.008209849474181786,0.045575131727241404,7991.999999999998,0.5514767379171068,0.5019320740290889,
H2a,L32-anode,1p6kW,Xe3,a=1/8_b=0.97_c=1L_w=0.1L,vacuum,success,9.275723517175711,6.946746435450754,0.33526156501692395,95.49679577639439,86.8,0.10019349972804592,1.7748562808968134,0.017957661479666622,0.0987513117616488,6992.999999999998,0.39458912161953935,0.358429706834588,
H2a,L32-anode,1p6kW,Xe3,a=1/8_b=0.97_c=1L_w=0.25L,vacuum,success,6.570713006255672,6.946746435450754,-0.054130870140315125,94.13584005496062,86.8,0.08451428634747253,1.4971102152980846,0.011963186489463215,0.06789739939074703,8990.999999999998,0.5531969486236361,0.4916677232286159,
H2a,L32-anode,1p6kW,Xe3,a=1/8_b=0.9_c=0.9L_w=0.1L,vacuum,success,11.351978090740094,6.946746435450754,0.6341431483389817,94.65329603562338,86.8,0.0904757607790713,1.6027134766578341,2.255614207852481e-05,0.00016408337712012753,6992.999999999998,0.32063382994607126,0.2877227028819654,
H2a,L32-anode,1p6kW,Xe3,a=1/8_b=0.9_c=0.9L_w=0.25L,vacuum,success,8.73119994178594,6.946746435450754,0.2568761538824468,95.74568643033507,86.8,0.1030609035752888,1.8256502919051156,0.016646739209866743,0.10136599730181926,7991.999999999998,0.42001860930302276,0.3827707058592929,
H2a,L32-anode,1p6kW,Xe3,a=1/8_b=0.9_c=1.1L_w=0.1L,vacuum,success,11.48838659542909,6.946746435450754,0.6537794638366762,95.55621678562292,86.8,0.10087807356708439,1.7869830174740662,0.00013625171778597933,0.0009862448213452935,6992.999999999998,0.3173761537014457,0.2897564051248775,
H2a,L32-anode,1p6kW,Xe3,a=1/8_b=0.9_c=1.1L_w=0.25L,vacuum,success,8.83278137838338,6.946746435450754,0.27149903346230997,96.30812275255518,86.8,0.10954058470685689,1.940433214807179,0.2190810762819429,0.924318982898809,5993.999999999999,0.412577880754132,0.38282698792557196,
H2a,L32-anode,1p6kW,Xe3,a=1/8_b=0.9_c=1L_w=0.1L,vacuum,success,11.397285165666057,6.946746435450754,0.6406652051531979,95.17448945499847,86.8,0.09648029326035101,1.709079480611932,6.0243560617270745e-05,0.0004927572097946418,6992.999999999998,0.319679229375834,0.28974362502051326,
H2a,L32-anode,1p6kW,Xe3,a=1/8_b=0.9_c=1L_w=0.25L,vacuum,success,8.724649581946332,6.946746435450754,0.2559332146373665,96.22612585117884,86.8,0.10859591994445655,1.9236991533018015,0.06673207401228978,0.34608793209433014,6992.999999999998,0.4193547987741117,0.3869120018917452,
H2b,L32-anode,3p0kW,Xe1,a=1/16_b=0.8_c=0.9L_w=0.1L,vacuum,success,7.854594398122809,6.960964151571712,0.12837736656772245,82.53122709112307,72.8,0.13367070180114096,1.985964712474094,2.1551283007956124,11.70925452445463,4994.999999999999,0.48101341557243354,0.37573100719101526,
H2b,L32-anode,3p0kW,Xe1,a=1/16_b=0.8_c=0.9L_w=0.25L,vacuum,success,5.777744489824464,6.960964151571712,-0.16997927815503688,72.69597569707425,72.8,-0.0014289052599692586,-0.021229449576686127,1.8793529157229711,8.261772333300645,5993.999999999999,0.5589108555182701,0.3963023094345553,
H2b,L32-anode,3p0kW,Xe1,a=1/16_b=0.8_c=1.1L_w=0.1L,vacuum,success,7.155254004251199,6.960964151571712,0.027911342229167767,86.65958481867328,72.8,0.19037891234441312,2.8284866976884233,2.7950361220302438,14.558797739514825,3995.999999999999,0.5772491578359006,0.4547496235075544,
H2b,L32-anode,3p0kW,Xe1,a=1/16_b=0.8_c=1.1L_w=0.25L,vacuum,success,6.275692731260832,6.960964151571712,-0.098444900072665,81.10225781833203,72.8,0.1140420029990664,1.6943383302718436,1.2929492851074613,5.1173185523334235,4994.999999999999,0.5454208680733797,0.4541176831042663,
H2b,L32-anode,3p0kW,Xe1,a=1/16_b=0.8_c=1L_w=0.1L,vacuum,success,8.310957587767422,6.960964151571712,0.19393770845535757,95.15570253725184,72.8,0.30708382606115153,4.562388272908536,2.2887924433062437,12.212389191068885,8990.999999999998,0.5322598825212186,0.47204431268679886,
H2b,L32-anode,3p0kW,Xe1,a=1/16_b=0.8_c=1L_w=0.25L,vacuum,success,7.151868253012532,6.960964151571712,0.02742495109642474,93.02063456675805,72.8,0.27775596932359947,4.126660115664906,1.6372676913900623,5.927005716710904,10988.999999999998,0.5570293689819031,0.5242075668663352,
H2b,L32-anode,3p0kW,Xe1,a=1/16_b=0.97_c=0.9L_w=0.1L,vacuum,success,6.1509575888413845,6.960964151571712,-0.11636413363045933,85.66275383572854,72.8,0.1766861790622051,2.6250518032099044,0.019229525898745648,0.11283718830499055,5993.999999999999,0.585206532663617,0.5168988029546574,
H2b,L32-anode,3p0kW,Xe1,a=1/16_b=0.97_c=0.9L_w=0.25L,vacuum,success,4.55506869714714,6.960964151571712,-0.3456267554375131,76.63289443389309,72.8,0.0526496488172126,0.78222335385573,0.2035456492407952,0.82812106085448,11987.999999999998,0.787422799187092,0.5585984455202972,
H2b,L32-anode,3p0kW,Xe1,a=1/16_b=0.97_c=1.1L_w=0.1L,vacuum,success,6.044300863085388,6.960964151571712,-0.13168625330146996,84.80808763100684,72.8,0.16494625866767643,2.450630128776907,0.3549380492057724,1.235509169587282,4994.999999999999,0.6024119480644097,0.5155759637157799,
H2b,L32-anode,3p0kW,Xe1,a=1/16_b=0.97_c=1.1L_w=0.25L,vacuum,success,4.4216903129729115,6.960964151571712,-0.36478766206912006,68.38099295556148,72.8,-0.0607006462148149,-0.9018381723343927,0.2058888772387172,1.1638824594775903,52946.999999999985,0.802671403938281,0.45819113166726766,
H2b,L32-anode,3p0kW,Xe1,a=1/16_b=0.97_c=1L_w=0.1L,vacuum,success,6.134629454821626,6.960964151571712,-0.11870980495762337,87.47470803511312,72.8,0.20157565982298234,2.9948383745128804,0.01857609885647273,0.12321523827852156,4994.999999999999,0.5887893993632335,0.5404317594832327,
H2b,L32-anode,3p0kW,Xe1,a=1/16_b=0.97_c=1L_w=0.25L,vacuum,success,4.464166302501292,6.960964151571712,-0.35868563530910724,73.42800342621821,72.8,0.008626420689810461,0.12816396453432685,0.18233526526820043,0.8323706115291833,49949.99999999999,0.7978280682645119,0.523295824765557,
H2b,L32-anode,3p0kW,Xe1,a=1/16_b=0.9_c=0.9L_w=0.1L,vacuum,success,7.168221531569044,6.960964151571712,0.029774234643994698,88.70432947733154,72.8,0.21846606424905965,3.245781525986029,0.6863431207759821,2.429764509611695,5993.999999999999,0.510228101651821,0.47560061953752214,
H2b,L32-anode,3p0kW,Xe1,a=1/16_b=0.9_c=0.9L_w=0.25L,vacuum,success,5.801090648009582,6.960964151571712,-0.16662540968555953,87.1317953825674,72.8,0.19686532118911265,2.9248562005239593,0.002607986489071487,0.021372286353315298,9989.999999999998,0.6273703779267564,0.5670323928614944,
H2b,L32-anode,3p0kW,Xe1,a=1/16_b=0.9_c=1.1L_w=0.1L,vacuum,success,8.139370053858896,6.960964151571712,0.16928774184551887,96.29006677700876,72.8,0.3226657524314389,4.793891178981378,2.11592548290373,8.786641855588194,3995.999999999999,0.5141194828524048,0.4935559334606989,
H2b,L32-anode,3p0kW,Xe1,a=1/16_b=0.9_c=1.1L_w=0.25L,vacuum,success,5.864463895123123,6.960964151571712,-0.15752131925589807,86.47235043851335,72.8,0.18780701151804033,2.790275599696599,0.0363137159622378,0.19700522643761864,30968.999999999993,0.6254555128168077,0.5524467288472806,
H2b,L32-anode,3p0kW,Xe1,a=1/16_b=0.9_c=1L_w=0.1L,vacuum,success,6.085317936671789,6.960964151571712,-0.1257938118676005,72.72389667739448,72.8,-0.00104537531051538,-0.015531290327657071,2.443081064204241,12.104757499418286,8990.999999999998,0.5427490461348783,0.3765608834678849,
H2b,L32-anode,3p0kW,Xe1,a=1/16_b=0.9_c=1L_w=0.25L,vacuum,success,5.762453085313275,6.960964151571712,-0.17217601472460187,84.30758268546997,72.8,0.15807119073447748,2.348486262340808,0.2587140415451983,0.8335252604008905,8990.999999999998,0.6387346351453951,0.534429062415262,
H2b,L32-anode,3p0kW,Xe1,a=1/32_b=0.8_c=0.9L_w=0.1L,vacuum,success,4.475880034297283,6.960964151571712,-0.35700286097771716,60.118380427674985,72.8,-0.17419807104842058,-2.5880856270051056,2.657920968469242,13.782272358595483,3995.999999999999,0.785529051073576,0.3498648420420811,
H2b,L32-anode,3p0kW,Xe1,a=1/32_b=0.8_c=0.9L_w=0.25L,vacuum,success,3.77430071969561,6.960964151571712,-0.4577905247732941,57.224476091722465,72.8,-0.21394950423458153,-3.1786783486280683,2.635894604815705,13.705120443547715,3995.999999999999,0.9089472047728605,0.3759164633456274,
H2b,L32-anode,3p0kW,Xe1,a=1/32_b=0.8_c=1.1L_w=0.1L,vacuum,success,3.7004803919613014,6.960964151571712,-0.46839542463011075,45.30535587437059,72.8,-0.37767368304436005,-5.611151862373349,3.4520807521192207,21.307771095095834,3995.999999999999,0.7350843894973725,0.24032844723687827,
H2b,L32-anode,3p0kW,Xe1,a=1/32_b=0.8_c=1.1L_w=0.25L,vacuum,success,4.263470376486293,6.960964151571712,-0.3875172628889856,65.0604035426595,72.8,-0.1063131381502816,-1.5795094810898977,3.218854602246315,18.179595473502744,6992.999999999998,0.9129849331105533,0.43016438556503483,
H2b,L32-anode,3p0kW,Xe1,a=1/32_b=0.8_c=1L_w=0.1L,vacuum,success,4.681202405014692,6.960964151571712,-0.3275066064005335,60.621109714568675,72.8,-0.16729244897570505,-2.4854878133533322,2.7957709020193975,14.27201622375802,3995.999999999999,0.7637409720204484,0.340137519638577,
H2b,L32-anode,3p0kW,Xe1,a=1/32_b=0.8_c=1L_w=0.25L,vacuum,success,4.085421507081683,6.960964151571712,-0.4130954537153826,59.25835716473521,72.8,-0.18601157740748342,-2.763600578625468,2.8611086963604206,15.167610313742031,3995.999999999999,0.8595294162087636,0.37241446332095385,
H2b,L32-anode,3p0kW,Xe1,a=1/32_b=0.97_c=0.9L_w=0.1L,vacuum,success,4.646440178252535,6.960964151571712,-0.33250048742121197,73.08382283092607,72.8,0.0038986652599734485,0.057923026719605517,2.2626873076025102,9.936259337512064,8990.999999999998,0.8680238870946103,0.49806538258039773,
H2b,L32-anode,3p0kW,Xe1,a=1/32_b=0.97_c=0.9L_w=0.25L,vacuum,success,3.4343152078105876,6.960964151571712,-0.5066322519366581,59.59356384435324,72.8,-0.18140709005009287,-2.695191052172808,2.2276406626293284,9.781024008389172,8990.999999999998,0.9688905388212481,0.44804615914681056,
H2b,L32-anode,3p0kW,Xe1,a=1/32_b=0.97_c=1.1L_w=0.1L,vacuum,success,4.3707789745811905,6.960964151571712,-0.3721014963718331,68.39362560913528,72.8,-0.06052712075363626,-0.8992600797683101,3.0581042215684398,16.269088194277277,6992.999999999998,0.9066845516997759,0.46369947442214676,
H2b,L32-anode,3p0kW,Xe1,a=1/32_b=0.97_c=1.1L_w=0.25L,vacuum,success,3.5576819576432404,6.960964151571712,-0.488909599277285,62.11732218739111,72.8,-0.14674007984352871,-2.180138329103855,2.809592693289314,14.18200270314426,6992.999999999998,0.9720943758758676,0.4699184808127098,
H2b,L32-anode,3p0kW,Xe1,a=1/32_b=0.97_c=1L_w=0.1L,vacuum,success,4.065665859109418,6.960964151571712,-0.41593351573410503,64.41039728888919,72.8,-0.11524179548229146,-1.7121638185940444,2.8573317791617994,14.49725068524077,3995.999999999999,0.8881363558869462,0.4421243848242859,
H2b,L32-anode,3p0kW,Xe1,a=1/32_b=0.97_c=1L_w=0.25L,vacuum,success,3.13498669183214,6.960964151571712,-0.5496332657992078,55.284749789073764,72.8,-0.24059409630393183,-3.5745408593727013,2.6823828788524735,13.304876512817055,3995.999999999999,0.9753081745236116,0.4224148629162016,
H2b,L32-anode,3p0kW,Xe1,a=1/32_b=0.9_c=0.9L_w=0.1L,vacuum,success,4.225743342616067,6.960964151571712,-0.39293706294092345,61.16991382989772,72.8,-0.1597539309079983,-2.37348697349026,2.6734279975301103,13.433524471720945,3995.999999999999,0.8211766408695426,0.38365142619296144,
H2b,L32-anode,3p0kW,Xe1,a=1/32_b=0.9_c=0.9L_w=0.25L,vacuum,success,4.120347509671756,6.960964151571712,-0.40807804494418704,67.22601459455161,72.8,-0.07656573359132399,-1.137548041928242,2.3289011082468667,10.731051149993956,8990.999999999998,0.9321734475912874,0.47523134789299826,
H2b,L32-anode,3p0kW,Xe1,a=1/32_b=0.9_c=1.1L_w=0.1L,vacuum,success,3.7820682374935544,6.960964151571712,-0.45667465667962054,53.296224937216664,72.8,-0.2679089981151558,-3.9803622577108855,3.422000832711764,21.607385523556392,6992.999999999998,0.846677614886233,0.3254076299822065,
H2b,L32-anode,3p0kW,Xe1,a=1/32_b=0.9_c=1.1L_w=0.25L,vacuum,success,4.085474300209328,6.960964151571712,-0.41308786954650945,65.99222772534087,72.8,-0.09351335542114192,-1.38934128054268,2.9869771507033023,16.204213136774662,6992.999999999998,0.9352114066397504,0.46185674568745755,
H2b,L32-anode,3p0kW,Xe1,a=1/32_b=0.9_c=1L_w=0.1L,vacuum,success,4.492999705790161,6.960964151571712,-0.3545434787542055,70.08837494735648,72.8,-0.037247596876971475,-0.5533928678864334,2.895960348517307,15.769262274419173,3995.999999999999,0.9076839564660428,0.4737178904940975,
H2b,L32-anode,3p0kW,Xe1,a=1/32_b=0.9_c=1L_w=0.25L,vacuum,success,3.690664571822174,6.960964151571712,-0.46980554827467963,59.99003836709115,72.8,-0.17596101144105564,-2.6142778842671124,2.813207185110437,14.796559615691299,3995.999999999999,0.9363987276067983,0.42249142519672556,
H2b,L32-anode,3p0kW,Xe1,a=1/8_b=0.8_c=0.9L_w=0.1L,vacuum,success,11.766891735471175,6.960964151571712,0.6904111958132029,86.85493384014801,72.8,0.19306227802401096,2.8683538449281625,3.809781775940959e-05,0.00026989164263671757,5993.999999999999,0.3093703246289615,0.2777738930097724,
H2b,L32-anode,3p0kW,Xe1,a=1/8_b=0.8_c=0.9L_w=0.25L,vacuum,success,9.726202517992705,6.960964151571712,0.39724933302474075,87.72016047148203,72.8,0.20494725922365414,3.0449307084657184,0.03291636462303093,0.17242180068516672,6992.999999999998,0.3759896451377084,0.3427833527853901,
H2b,L32-anode,3p0kW,Xe1,a=1/8_b=0.8_c=1.1L_w=0.1L,vacuum,success,11.93995457989482,6.960964151571712,0.7152731029650403,87.52752251456837,72.8,0.20230113344187317,3.0056168397078293,0.00024792099288017835,0.0017559040890115399,5993.999999999999,0.3051551652919793,0.2780038385373658,
H2b,L32-anode,3p0kW,Xe1,a=1/8_b=0.8_c=1.1L_w=0.25L,vacuum,success,9.841911567538741,6.960964151571712,0.41387189378306755,88.36271654459468,72.8,0.21377357890926738,3.1760646009376865,0.10357907992818813,0.4769029952209267,5993.999999999999,0.371289883154977,0.343734287357112,
H2b,L32-anode,3p0kW,Xe1,a=1/8_b=0.8_c=1L_w=0.1L,vacuum,success,11.82865741178581,6.960964151571712,0.6992843454185904,87.23182431164986,72.8,0.19823934494024525,2.9452702676836435,4.7874367614892794e-05,0.0003761193828403746,5993.999999999999,0.30794935979756527,0.27872675077523956,
H2b,L32-anode,3p0kW,Xe1,a=1/8_b=0.8_c=1L_w=0.25L,vacuum,success,9.7859398259702,6.960964151571712,0.40583109076357443,88.54921094428751,72.8,0.21633531516878446,3.2141246825076544,0.06419422014471259,0.3143672877000107,6992.999999999998,0.3756682262093473,0.34716109195912703,
H2b,L32-anode,3p0kW,Xe1,a=1/8_b=0.97_c=0.9L_w=0.1L,vacuum,success,8.859720791212933,6.960964151571712,0.2727720755769876,86.93157211617068,72.8,0.19411500159575107,2.883994309422587,0.06167058800382778,0.3234881138729402,6992.999999999998,0.4162680158079726,0.36957214223993234,
H2b,L32-anode,3p0kW,Xe1,a=1/8_b=0.97_c=0.9L_w=0.25L,vacuum,success,6.23307395366996,6.960964151571712,-0.10456743951732639,84.23586795526603,72.8,0.15708609828662118,2.3338506031155144,0.024801099596351125,0.13539613634626174,9989.999999999998,0.5853925988190606,0.4932374298585489,
H2b,L32-anode,3p0kW,Xe1,a=1/8_b=0.97_c=1.1L_w=0.1L,vacuum,success,8.616852576390235,6.960964151571712,0.23788205035428037,88.92855297053325,72.8,0.2215460572875445,3.291541422557804,0.19767887242566726,0.8283633094315805,5993.999999999999,0.4284385610234897,0.3976472505569574,
H2b,L32-anode,3p0kW,Xe1,a=1/8_b=0.97_c=1.1L_w=0.25L,vacuum,success,6.160013152220579,6.960964151571712,-0.11506322714940093,86.03701077145304,72.8,0.18182707103644277,2.701430769684292,0.011914891545128495,0.06866842816594841,7991.999999999998,0.5859227295463785,0.5206587629786507,
H2b,L32-anode,3p0kW,Xe1,a=1/8_b=0.97_c=1L_w=0.1L,vacuum,success,8.636560258325131,6.960964151571712,0.24071322165552125,86.92178120431954,72.8,0.19398051104834524,2.8819961641468432,0.14443657415708072,0.6071848659197462,5993.999999999999,0.4234228364763918,0.37903614173992517,
H2b,L32-anode,3p0kW,Xe1,a=1/8_b=0.97_c=1L_w=0.25L,vacuum,success,6.128635305142984,6.960964151571712,-0.11957091407241299,84.91873962530202,72.8,0.16646620364425854,2.473212168428984,0.015579447529644026,0.09313840444112856,8990.999999999998,0.590176856141353,0.5098089977812787,
H2b,L32-anode,3p0kW,Xe1,a=1/8_b=0.9_c=0.9L_w=0.1L,vacuum,success,10.553576799067615,6.960964151571712,0.5161084828578997,86.94351599488847,72.8,0.19427906586385263,2.8864318356915244,0.001560135740066997,0.009711038124775105,6992.999999999998,0.34577041216245596,0.31034083105580385,
H2b,L32-anode,3p0kW,Xe1,a=1/8_b=0.9_c=0.9L_w=0.25L,vacuum,success,8.198055794883178,6.960964151571712,0.177718433305269,87.63569150987213,72.8,0.2037869712894523,3.0276921448718626,0.016336186677695003,0.10920385429000459,6992.999999999998,0.4478051457742797,0.4058965515351271,
H2b,L32-anode,3p0kW,Xe1,a=1/8_b=0.9_c=1.1L_w=0.1L,vacuum,success,10.710880264966448,6.960964151571712,0.5387064251075111,88.09896844068383,72.8,0.21015066539400867,3.1222384572824144,0.0066537170201071165,0.03718751161284587,5993.999999999999,0.34141303998248507,0.3139645957493419,
H2b,L32-anode,3p0kW,Xe1,a=1/8_b=0.9_c=1.1L_w=0.25L,vacuum,success,8.29365757413369,6.960964151571712,0.1914524185936325,88.81624408399344,72.8,0.22000335280210762,3.268621241631313,0.11599832079874267,0.54189695637923,5993.999999999999,0.4418498829006196,0.41210027293234797,
H2b,L32-anode,3p0kW,Xe1,a=1/8_b=0.9_c=1L_w=0.1L,vacuum,success,10.607457884488182,6.960964151571712,0.523848945852297,87.63730552370353,72.8,0.20380914180911447,3.0280215354497004,0.0030757067000336644,0.0209352829907494,5993.999999999999,0.3446020517182914,0.3137118415472362,
H2b,L32-anode,3p0kW,Xe1,a=1/8_b=0.9_c=1L_w=0.25L,vacuum,success,8.253925021684188,6.960964151571712,0.18574450923160385,88.82006455708222,72.8,0.22005583182805238,3.269400930016778,0.04219490156400416,0.23699757076069322,6992.999999999998,0.44698064504720275,0.41411965645936993,
H2b,L32-anode,3p0kW,Xe2,a=1/16_b=0.8_c=0.9L_w=0.1L,vacuum,success,8.193529793967471,8.044447084198758,0.018532374967267496,93.74525515214506,83.4,0.12404382676432923,2.1112765616622564,1.0343333496820675,3.8008801451453094,5993.999999999999,0.45020581651613967,0.4285156662208404,
H2b,L32-anode,3p0kW,Xe2,a=1/16_b=0.8_c=0.9L_w=0.25L,vacuum,success,6.589045887895729,8.044447084198758,-0.18091997884625152,86.65050121661544,83.4,0.03897483473159996,0.6633675952276401,1.058875034507889,4.134374978705453,5993.999999999999,0.5385906078288755,0.45525924793697303,
H2b,L32-anode,3p0kW,Xe2,a=1/16_b=0.8_c=1.1L_w=0.1L,vacuum,success,8.790107088741705,8.044447084198758,0.09269251158449451,97.70827729174776,83.4,0.17156207783870214,2.9200565901526034,2.087377246998836,11.476000720972143,8990.999999999998,0.4657479326531023,0.43391803067618484,
H2b,L32-anode,3p0kW,Xe2,a=1/16_b=0.8_c=1.1L_w=0.25L,vacuum,success,6.742427153606384,8.044447084198758,-0.1618532531775685,89.1389047465101,83.4,0.06881180751211143,1.1712050503081821,1.8783141880334673,7.124640118880932,4994.999999999999,0.537750194793319,0.4708227879103299,
H2b,L32-anode,3p0kW,Xe2,a=1/16_b=0.8_c=1L_w=0.1L,vacuum,success,7.937494608142427,8.044447084198758,-0.013295192937052383,91.02931905646791,83.4,0.0914786457610061,1.5570038890750832,1.1286481702289337,4.7660092240201735,4994.999999999999,0.4540128684768441,0.417078972657404,
H2b,L32-anode,3p0kW,Xe2,a=1/16_b=0.8_c=1L_w=0.25L,vacuum,success,7.503162630289667,8.044447084198758,-0.0672867194281512,99.01109833149788,83.4,0.1871834332313894,3.185938434999566,1.8605744656365455,7.356341900687188,4994.999999999999,0.5429884120221807,0.5219904372513953,
H2b,L32-anode,3p0kW,Xe2,a=1/16_b=0.97_c=0.9L_w=0.1L,vacuum,success,6.375515482518432,8.044447084198758,-0.2074638050585865,89.81489470116607,83.4,0.07691720265187123,1.3091621839114407,0.03515963107835293,0.20686449957094297,5993.999999999999,0.5650273321746532,0.5054993200815903,
H2b,L32-anode,3p0kW,Xe2,a=1/16_b=0.97_c=0.9L_w=0.25L,vacuum,success,4.751553735615916,8.044447084198758,-0.409337436633884,82.39329819333588,83.4,-0.012070765067915145,-0.2054493482988006,0.13099876313649975,0.7994543502588767,19979.999999999996,0.7511602364504633,0.5708043593062506,
H2b,L32-anode,3p0kW,Xe2,a=1/16_b=0.97_c=1.1L_w=0.1L,vacuum,success,5.986636708643818,8.044447084198758,-0.2558050732407673,87.08874720609249,83.4,0.04422958280686447,0.7528055522637747,0.4528167342765769,1.5811021920326833,4994.999999999999,0.5962450168569768,0.5061512717241514,
H2b,L32-anode,3p0kW,Xe2,a=1/16_b=0.97_c=1.1L_w=0.25L,vacuum,success,4.583678393359568,8.044447084198758,-0.43020591155817006,74.02793328994177,83.4,-0.11237490060021861,-1.912666675522088,0.18252752966486777,0.9209106063693008,46952.99999999999,0.7821909646357373,0.47765712665679333,
H2b,L32-anode,3p0kW,Xe2,a=1/16_b=0.97_c=1L_w=0.1L,vacuum,success,6.316449688403484,8.044447084198758,-0.2148062356192857,91.50321407078914,83.4,0.09716084017732776,1.6537171573039051,0.032757183432573424,0.22241920655009456,4994.999999999999,0.5716946404995875,0.5295888186841318,
H2b,L32-anode,3p0kW,Xe2,a=1/16_b=0.97_c=1L_w=0.25L,vacuum,success,4.659679817140088,8.044447084198758,-0.4207582238569476,79.59970649654412,83.4,-0.0455670683867612,-0.7755701027460987,0.1523429889571636,0.5911899015409142,38960.99999999999,0.7803974508995009,0.5432578460172719,
H2b,L32-anode,3p0kW,Xe2,a=1/16_b=0.9_c=0.9L_w=0.1L,vacuum,success,7.2436277566368,8.044447084198758,-0.0995493312567076,90.45578161794488,83.4,0.08460169805689297,1.4399554322336474,0.6151028042190833,1.97751503847113,5993.999999999999,0.49314664097225264,0.4512899763976718,
H2b,L32-anode,3p0kW,Xe2,a=1/16_b=0.9_c=0.9L_w=0.25L,vacuum,success,5.941440856340756,8.044447084198758,-0.2614233403298551,91.09631756380674,83.4,0.09228198517753874,1.5706770538381083,0.003561230453184166,0.021743631123470306,9989.999999999998,0.6120563439338835,0.558019036983288,
H2b,L32-anode,3p0kW,Xe2,a=1/16_b=0.9_c=1.1L_w=0.1L,vacuum,success,8.04164459051697,8.044447084198758,-0.00034837617209175774,100.32866163625688,83.4,0.20298155439156929,3.454828905358546,2.134050392402396,9.391193515436,3995.999999999999,0.5108395663134552,0.5000855584491084,
H2b,L32-anode,3p0kW,Xe2,a=1/16_b=0.9_c=1.1L_w=0.25L,vacuum,success,6.005838320351147,8.044447084198758,-0.25341813334218233,90.81536304702651,83.4,0.0889132259835312,1.513339397352347,0.044238588272415766,0.18681231774393514,10988.999999999998,0.6091490588661266,0.5486358221343608,
H2b,L32-anode,3p0kW,Xe2,a=1/16_b=0.9_c=1L_w=0.1L,vacuum,success,7.6171255745956925,8.044447084198758,-0.05312005972945344,93.23198622659652,83.4,0.1178895231006777,2.006527801346228,1.8581596869020993,9.700783187218422,4994.999999999999,0.5013151644624654,0.45590872980091346,
H2b,L32-anode,3p0kW,Xe2,a=1/16_b=0.9_c=1L_w=0.25L,vacuum,success,5.937224941486138,8.044447084198758,-0.2619474179713002,91.11393559463936,83.4,0.09249323254963257,1.5742725703345624,0.0566958777078646,0.356266420179345,5993.999999999999,0.6113687563844978,0.5586312920492333,
H2b,L32-anode,3p0kW,Xe2,a=1/32_b=0.8_c=0.9L_w=0.1L,vacuum,success,5.526565744111875,8.044447084198758,-0.3129961964735416,75.4116659718204,83.4,-0.09578338163284905,-1.6302722506489,2.437985101997011,11.26144636981075,3995.999999999999,0.7479904877751012,0.4111126876077218,
H2b,L32-anode,3p0kW,Xe2,a=1/32_b=0.8_c=0.9L_w=0.25L,vacuum,success,4.764159374387378,8.044447084198758,-0.40777043785329375,74.1960783007937,83.4,-0.11035877337177827,-1.8783513671849605,2.450848127059338,11.842133900903754,8990.999999999998,0.8755661553245538,0.46165205244121577,
H2b,L32-anode,3p0kW,Xe2,a=1/32_b=0.8_c=1.1L_w=0.1L,vacuum,success,4.959684381462515,8.044447084198758,-0.3834648510269231,68.1139359399617,83.4,-0.18328613980861266,-3.119604910211897,3.020890292143374,17.164816349823266,3995.999999999999,0.7857249579025525,0.37372922757057464,
H2b,L32-anode,3p0kW,Xe2,a=1/32_b=0.8_c=1.1L_w=0.25L,vacuum,success,3.391260875957043,8.044447084198758,-0.5784345598321728,51.53518956403496,83.4,-0.3820720675775185,-6.503022537952049,3.7152266184116414,24.29673546525746,6992.999999999998,0.8754887044210109,0.3128856940695924,
H2b,L32-anode,3p0kW,Xe2,a=1/32_b=0.8_c=1L_w=0.1L,vacuum,success,4.750716085172164,8.044447084198758,-0.40944156441730833,60.43488155570537,83.4,-0.2753611324255951,-4.686758866182578,2.880090519813271,15.765806199967951,3995.999999999999,0.702160393712166,0.30715346878033273,
H2b,L32-anode,3p0kW,Xe2,a=1/32_b=0.8_c=1L_w=0.25L,vacuum,success,4.178815472305241,8.044447084198758,-0.4805341587101186,62.09110677302533,83.4,-0.25550231687019986,-4.348753719790748,2.9781588889732236,16.813432766509994,3995.999999999999,0.8333264128905131,0.36859102720921433,
H2b,L32-anode,3p0kW,Xe2,a=1/32_b=0.97_c=0.9L_w=0.1L,vacuum,success,4.7154790796763875,8.044447084198758,-0.41382185371835806,74.02655735494932,83.4,-0.1123913986217109,-1.912947478581773,2.324037484397024,10.273374600412032,8990.999999999998,0.7942503660620137,0.4642890417328778,
H2b,L32-anode,3p0kW,Xe2,a=1/32_b=0.97_c=0.9L_w=0.25L,vacuum,success,3.3502064592617047,8.044447084198758,-0.5835380077466951,62.47629151669334,83.4,-0.25088379476386885,-4.270144588429931,2.52898610070874,11.999281061114646,4994.999999999999,1.000653036491517,0.4654768258231426,
H2b,L32-anode,3p0kW,Xe2,a=1/32_b=0.97_c=1.1L_w=0.1L,vacuum,success,3.785753694034187,8.044447084198758,-0.5293954134560318,64.22882957811892,83.4,-0.2298701489434183,-3.9124837595675683,3.394156720122167,18.960060836170513,10988.999999999998,0.9536464306982626,0.4353582831109864,
H2b,L32-anode,3p0kW,Xe2,a=1/32_b=0.97_c=1.1L_w=0.25L,vacuum,success,2.9162580678524286,8.044447084198758,-0.6374818508557704,56.2194865792347,83.4,-0.3259054366998238,-5.547043555258226,3.358008360743323,20.530608057421738,3995.999999999999,1.0240452747994129,0.4329990538327294,
H2b,L32-anode,3p0kW,Xe2,a=1/32_b=0.97_c=1L_w=0.1L,vacuum,success,4.138320542621346,8.044447084198758,-0.4855680571570904,66.21464194412017,83.4,-0.2060594491112689,-3.5072159297713927,2.8960183068634664,14.863117243217724,3995.999999999999,0.8698289197998192,0.4232754629860713,
H2b,L32-anode,3p0kW,Xe2,a=1/32_b=0.97_c=1L_w=0.25L,vacuum,success,3.2484018783762996,8.044447084198758,-0.5961932691735959,58.6807166538219,83.4,-0.2963942847263562,-5.044751703301654,2.877941356673866,15.21158032582485,3995.999999999999,0.9741234861861783,0.42350663206830835,
H2b,L32-anode,3p0kW,Xe2,a=1/32_b=0.9_c=0.9L_w=0.1L,vacuum,success,5.275265681779863,8.044447084198758,-0.3442351442472955,74.10774405560865,83.4,-0.11141793698310978,-1.8963787641615009,2.3700634717665436,11.059366842105685,8990.999999999998,0.7303572157003346,0.4159316788629635,
H2b,L32-anode,3p0kW,Xe2,a=1/32_b=0.9_c=0.9L_w=0.25L,vacuum,success,4.227291465197184,8.044447084198758,-0.474508139471685,70.82600576973124,83.4,-0.15076731690969744,-2.5661212714834214,2.434119787736926,11.654495677888912,8990.999999999998,0.9212478014955147,0.47409181615971474,
H2b,L32-anode,3p0kW,Xe2,a=1/32_b=0.9_c=1.1L_w=0.1L,vacuum,success,3.6197658291891934,8.044447084198758,-0.5500292572873915,55.43514010575596,83.4,-0.335310070674389,-5.7071142641314365,3.649276091052911,23.981624021594254,3995.999999999999,0.8943665284770522,0.3391790140653423,
H2b,L32-anode,3p0kW,Xe2,a=1/32_b=0.9_c=1.1L_w=0.25L,vacuum,success,3.603609522901895,8.044447084198758,-0.5520376372441735,65.53257123064674,83.4,-0.21423775502821663,-3.6464140345618907,3.4153683772253056,20.62871004050778,10988.999999999998,1.013544055745389,0.47611935977668074,
H2b,L32-anode,3p0kW,Xe2,a=1/32_b=0.9_c=1L_w=0.1L,vacuum,success,4.55383354792802,8.044447084198758,-0.433915904938594,62.50837843240828,83.4,-0.2504990595634499,-4.263596238284024,2.9574948239389256,15.907924546556757,3995.999999999999,0.755706471033002,0.34279814543860465,
H2b,L32-anode,3p0kW,Xe2,a=1/32_b=0.9_c=1L_w=0.25L,vacuum,success,3.782458656292724,8.044447084198758,-0.529805017460754,63.77593698465514,83.4,-0.2353005157715211,-4.004910819458134,2.964952183317382,16.038006490032227,3995.999999999999,0.9365760111036096,0.42961422854832015,
H2b,L32-anode,3p0kW,Xe2,a=1/8_b=0.8_c=0.9L_w=0.1L,vacuum,success,12.16268482086277,8.044447084198758,0.5119354622585843,90.48274033840379,83.4,0.08492494410556092,1.445457211919139,3.522656641942367e-05,0.0002894242586249412,5993.999999999999,0.2995379258151775,0.26893119877258925,
H2b,L32-anode,3p0kW,Xe2,a=1/8_b=0.8_c=0.9L_w=0.25L,vacuum,success,10.00971916911305,8.044447084198758,0.2443016983447578,91.28423485235452,83.4,0.09453519007619317,1.6090275208886753,0.013599901986394939,0.07854992799341107,6992.999999999998,0.36524088946836947,0.33258971617462313,
H2b,L32-anode,3p0kW,Xe2,a=1/8_b=0.8_c=1.1L_w=0.1L,vacuum,success,12.308578940899519,8.044447084198758,0.5300714657041562,91.04191078316111,83.4,0.09162962569737539,1.5595736292165523,4.087619322265488e-05,0.00027268149361682454,5993.999999999999,0.2958938854944928,0.2690382090312082,
H2b,L32-anode,3p0kW,Xe2,a=1/8_b=0.8_c=1.1L_w=0.25L,vacuum,success,10.15466481427212,8.044447084198758,0.2623197974933965,92.2620958617108,83.4,0.1062601422267482,1.8085909921858774,0.04429511307115561,0.2221313778650655,5993.999999999999,0.36115762508691157,0.3349038881385395,
H2b,L32-anode,3p0kW,Xe2,a=1/8_b=0.8_c=1L_w=0.1L,vacuum,success,12.19994226984786,8.044447084198758,0.5165669115794795,90.72735766683768,83.4,0.08785800559757403,1.495379115681158,3.770697353129889e-05,0.00029461125805089984,5993.999999999999,0.29834184658788915,0.2695615222539837,
H2b,L32-anode,3p0kW,Xe2,a=1/8_b=0.8_c=1L_w=0.25L,vacuum,success,10.035572047268206,8.044447084198758,0.24751545286194981,91.82132089089116,83.4,0.10097507063418659,1.7186369165084003,0.02772712229938912,0.15386481447822506,6992.999999999998,0.3650237809151156,0.3356480196976002,
H2b,L32-anode,3p0kW,Xe2,a=1/8_b=0.97_c=0.9L_w=0.1L,vacuum,success,9.117939183789892,8.044447084198758,0.1334451067121483,90.40031517526285,83.4,0.08393663279691653,1.4286357500536404,0.024395251183898115,0.13863068954148264,6992.999999999998,0.40256929176965106,0.35808188288009063,
H2b,L32-anode,3p0kW,Xe2,a=1/8_b=0.97_c=0.9L_w=0.25L,vacuum,success,6.485333713281942,8.044447084198758,-0.1938123720124025,88.39812030865956,83.4,0.059929500103831544,1.0200245527876632,0.02214585264820416,0.12179294778544307,9989.999999999998,0.5638994958154734,0.48138536488335454,
H2b,L32-anode,3p0kW,Xe2,a=1/8_b=0.97_c=1.1L_w=0.1L,vacuum,success,8.892968998563543,8.044447084198758,0.10547920888577751,93.12042250586782,83.4,0.11655182860752789,1.9837596950750662,0.19197367452703865,0.7721775667202687,5993.999999999999,0.417888418558165,0.3895670777772294,
H2b,L32-anode,3p0kW,Xe2,a=1/8_b=0.97_c=1.1L_w=0.25L,vacuum,success,6.306208854699142,8.044447084198758,-0.2160792670156208,89.89172129066752,83.4,0.07783838478018613,1.3248410797280659,0.011435762214338686,0.065033016460336,7991.999999999998,0.5724798309638732,0.5119295436415298,
H2b,L32-anode,3p0kW,Xe2,a=1/8_b=0.97_c=1L_w=0.1L,vacuum,success,8.879269474325813,8.044447084198758,0.10377622991228923,90.69272298677437,83.4,0.08744272166396129,1.4883108136274226,0.09954730280235564,0.4431837182695471,5993.999999999999,0.4113199307857621,0.370089528313364,
H2b,L32-anode,3p0kW,Xe2,a=1/8_b=0.97_c=1L_w=0.25L,vacuum,success,6.309645909165603,8.044447084198758,-0.21565200900391585,88.9161358783538,83.4,0.06614071796587287,1.1257420159905709,0.015418518008607981,0.09345924979897194,8990.999999999998,0.5741442464045192,0.5006051629054052,
H2b,L32-anode,3p0kW,Xe2,a=1/8_b=0.9_c=0.9L_w=0.1L,vacuum,success,10.909796007653785,8.044447084198758,0.35618966642011557,90.46709570984484,83.4,0.08473735863123315,1.4422644305805805,0.00024530918949222484,0.0016237072205927043,6992.999999999998,0.3340219390804015,0.29971178259288683,
H2b,L32-anode,3p0kW,Xe2,a=1/8_b=0.9_c=0.9L_w=0.25L,vacuum,success,8.449210031425421,8.044447084198758,0.05031581947026734,91.40051726306741,83.4,0.0959294635859402,1.6327586251157984,0.017171497439178632,0.11233569956743908,6992.999999999998,0.434758784619952,0.39502115226748663,
H2b,L32-anode,3p0kW,Xe2,a=1/8_b=0.9_c=1.1L_w=0.1L,vacuum,success,11.010795887797885,8.044447084198758,0.3687448960197344,91.52391166960705,83.4,0.09740901282502455,1.6579411570626625,0.001874773537918968,0.011182666346556331,5993.999999999999,0.3316764217137178,0.30394120783852313,
H2b,L32-anode,3p0kW,Xe2,a=1/8_b=0.9_c=1.1L_w=0.25L,vacuum,success,8.482187498994913,8.044447084198758,0.05441522707707068,92.02013338079473,83.4,0.10335891343878574,1.7592108940397408,0.14591517846511548,0.6590339648889324,5993.999999999999,0.4300754459427661,0.3988384308347338,
H2b,L32-anode,3p0kW,Xe2,a=1/8_b=0.9_c=1L_w=0.1L,vacuum,success,10.926814329938185,8.044447084198758,0.3583052030264572,91.0632908478627,83.4,0.091885981389241,1.5639369077270813,0.0007147735584819924,0.005132955080875563,5993.999999999999,0.3339136848767624,0.30320214435205717,
H2b,L32-anode,3p0kW,Xe2,a=1/8_b=0.9_c=1L_w=0.25L,vacuum,success,8.480237983002837,8.044447084198758,0.05417288400840847,92.5224692263062,83.4,0.10938212501566191,1.8617284135318781,0.051382028463017836,0.2845716011906349,6992.999999999998,0.43502304301007566,0.4032975089759442,
H2b,L32-anode,3p0kW,Xe3,a=1/16_b=0.8_c=0.9L_w=0.1L,vacuum,success,8.696245005059149,6.946746435450754,0.25184431098281124,100.87593869198685,86.8,0.16216519230399584,2.8726405493850686,0.5877289752928863,1.939746791555308,5993.999999999999,0.4352769957355184,0.42659680998996424,
H2b,L32-anode,3p0kW,Xe3,a=1/16_b=0.8_c=0.9L_w=0.25L,vacuum,success,7.01494509403184,6.946746435450754,0.00981735251384069,96.85411483867087,86.8,0.11583081611371956,2.0518601711573177,0.28883673140112287,1.2756232254778315,6992.999999999998,0.5184404385179041,0.4875128518190131,
H2b,L32-anode,3p0kW,Xe3,a=1/16_b=0.8_c=1.1L_w=0.1L,vacuum,success,8.689012916341161,6.946746435450754,0.2508032353101653,100.87123862698104,86.8,0.16211104408964327,2.8716813524451092,1.2163582587394322,5.350233780536148,4994.999999999999,0.44021373460577207,0.42691209286867393,
H2b,L32-anode,3p0kW,Xe3,a=1/16_b=0.8_c=1.1L_w=0.25L,vacuum,success,7.1173434396308,6.946746435450754,0.024557828008440457,95.98644229403763,86.8,0.10583458864098652,1.8747841416403326,2.12432769140071,8.723910373639091,4994.999999999999,0.5239709994125141,0.4719283416100853,
H2b,L32-anode,3p0kW,Xe3,a=1/16_b=0.8_c=1L_w=0.1L,vacuum,success,8.485801803791743,6.946746435450754,0.2215505319852839,98.82206496905681,86.8,0.13850305263890328,2.4534826467462865,0.7632432666115356,2.5799477153298502,5993.999999999999,0.4341998231663908,0.4195552476894497,
H2b,L32-anode,3p0kW,Xe3,a=1/16_b=0.8_c=1L_w=0.25L,vacuum,success,7.468800883773867,6.946746435450754,0.07515092902469514,102.52855373836721,86.8,0.18120453615630422,3.2099089261973885,1.9126317538054274,8.513186003643076,4994.999999999999,0.5345752866281165,0.5131129476162258,
H2b,L32-anode,3p0kW,Xe3,a=1/16_b=0.97_c=0.9L_w=0.1L,vacuum,success,6.646939495756783,6.946746435450754,-0.043157893048174474,94.56585931595895,86.8,0.08946842529906612,1.5848692481548854,0.08618146698101449,0.45411928528374423,5993.999999999999,0.5419442420789258,0.49047989873532416,
H2b,L32-anode,3p0kW,Xe3,a=1/16_b=0.97_c=0.9L_w=0.25L,vacuum,success,4.933719193060264,6.946746435450754,-0.2897798647317218,88.06664995516175,86.8,0.01459274141891417,0.25849999084933667,0.26168864866857655,0.8435507796456667,10988.999999999998,0.7336098953116021,0.5730898504629518,
H2b,L32-anode,3p0kW,Xe3,a=1/16_b=0.97_c=1.1L_w=0.1L,vacuum,success,6.29516575856113,6.946746435450754,-0.09379652517104496,93.92443861190372,86.8,0.08207878585142533,1.45396706365382,0.5001783883637823,1.5036133558147997,4994.999999999999,0.5790833129325391,0.5108862782768657,
H2b,L32-anode,3p0kW,Xe3,a=1/16_b=0.97_c=1.1L_w=0.25L,vacuum,success,4.757864190237387,6.946746435450754,-0.31509459364214387,80.9579132768605,86.8,-0.06730514657994818,-1.192262596559082,0.19776877231925513,0.8597369960315085,41957.99999999999,0.7495918546435267,0.502204687673554,
H2b,L32-anode,3p0kW,Xe3,a=1/16_b=0.97_c=1L_w=0.1L,vacuum,success,6.543987161857007,6.946746435450754,-0.05797811642272971,96.44895070468345,86.8,0.1111630265516527,1.9691736132007045,0.057827173369920354,0.36007704531086737,5993.999999999999,0.5532577499672567,0.5182350329007475,
H2b,L32-anode,3p0kW,Xe3,a=1/16_b=0.97_c=1L_w=0.25L,vacuum,success,4.83160485642379,6.946746435450754,-0.3044794564881392,85.3618538834927,86.8,-0.016568503646397524,-0.29349920745047037,0.17403408932417344,0.6741063039755819,32966.99999999999,0.7402043734830558,0.5498072473809403,
H2b,L32-anode,3p0kW,Xe3,a=1/16_b=0.9_c=0.9L_w=0.1L,vacuum,success,7.645348404664647,6.946746435450754,0.1005653474911328,96.51536582304877,86.8,0.11192817768489367,1.982727718989545,0.5888421051971442,1.7788051809660397,5993.999999999999,0.4755620836510181,0.4441910802665136,
H2b,L32-anode,3p0kW,Xe3,a=1/16_b=0.9_c=0.9L_w=0.25L,vacuum,success,6.109505700058738,6.946746435450754,-0.12052271421904721,95.72143620028865,86.8,0.10278152304480014,1.8207012653650307,0.0018961333988004152,0.013391451978978211,8990.999999999998,0.5953268230696356,0.5467471530526947,
H2b,L32-anode,3p0kW,Xe3,a=1/16_b=0.9_c=1.1L_w=0.1L,vacuum,success,6.955267974503673,6.946746435450754,0.0012266949905400855,89.27230581999088,86.8,0.028482785944595333,0.504552208161403,1.8619427865526321,8.205838694873718,4994.999999999999,0.4918143579624414,0.4177282338486183,
H2b,L32-anode,3p0kW,Xe3,a=1/16_b=0.9_c=1.1L_w=0.25L,vacuum,success,6.1067971839181,6.946746435450754,-0.12091261129760127,93.67780136877236,86.8,0.07923734295820695,1.4036329324025227,0.2539777351675852,0.820652207235568,7991.999999999998,0.598999315167359,0.5238827206043444,
H2b,L32-anode,3p0kW,Xe3,a=1/16_b=0.9_c=1L_w=0.1L,vacuum,success,7.437607512535235,6.946746435450754,0.07066057205996625,95.40055390260495,86.8,0.09908472238024131,1.7552150821642745,0.6441313284650739,2.0078266746055715,5993.999999999999,0.47816813307830447,0.4461107907384994,
H2b,L32-anode,3p0kW,Xe3,a=1/16_b=0.9_c=1L_w=0.25L,vacuum,success,6.138676893889585,6.946746435450754,-0.11632345430623678,96.87004449252943,86.8,0.11601433747153726,2.055111120924374,0.002170380605125809,0.019282005294772798,5993.999999999999,0.5939235833784264,0.557286362815707,
H2b,L32-anode,3p0kW,Xe3,a=1/32_b=0.8_c=0.9L_w=0.1L,vacuum,success,5.6696532243922775,6.946746435450754,-0.18384048171690745,81.24557683108904,86.8,-0.06399105033307555,-1.133555748757338,1.4512061756087224,5.583672184458182,4994.999999999999,0.7169302746576157,0.4244408235591371,
H2b,L32-anode,3p0kW,Xe3,a=1/32_b=0.8_c=0.9L_w=0.25L,vacuum,success,4.119536541687258,6.946746435450754,-0.4069833151438536,68.66435684661508,86.8,-0.2089359810297802,-3.701151663956106,2.7017990636584135,14.252667393198308,8990.999999999998,0.8930042004234504,0.4172425067369387,
H2b,L32-anode,3p0kW,Xe3,a=1/32_b=0.8_c=1.1L_w=0.1L,vacuum,success,4.970796018768382,6.946746435450754,-0.2844425710716412,67.02098091481037,86.8,-0.22786888346992673,-4.036534507181559,1.004430821834416,4.22634279565328,5993.999999999999,0.6462019993341693,0.3294350549597494,
H2b,L32-anode,3p0kW,Xe3,a=1/32_b=0.8_c=1.1L_w=0.25L,vacuum,success,4.54849145493181,6.946746435450754,-0.34523427662194905,70.41458399903742,86.8,-0.1887720737438085,-3.343962449176036,3.2654664836855036,19.382428990026014,3995.999999999999,0.833343918410655,0.3974038269321077,
H2b,L32-anode,3p0kW,Xe3,a=1/32_b=0.8_c=1L_w=0.1L,vacuum,success,5.602352899135002,6.946746435450754,-0.1935285170990293,79.04725309546211,86.8,-0.08931736065135822,-1.5821932458240597,1.027220599885665,3.8105842535428347,5993.999999999999,0.6888288908296051,0.4066092888808721,
H2b,L32-anode,3p0kW,Xe3,a=1/32_b=0.8_c=1L_w=0.25L,vacuum,success,4.245863282695744,6.946746435450754,-0.38879829253185594,66.36891063241397,86.8,-0.23538121391228145,-4.169610075017557,3.0451241746749673,17.405924173291755,3995.999999999999,0.8255502989966733,0.37821396910449256,
H2b,L32-anode,3p0kW,Xe3,a=1/32_b=0.97_c=0.9L_w=0.1L,vacuum,success,4.959345888029249,6.946746435450754,-0.2860908435176745,86.45487699920893,86.8,-0.003976071437685073,-0.07043326546756415,0.22147115827854175,0.9719234458198551,46952.99999999999,0.7581045855448342,0.549450771871796,
H2b,L32-anode,3p0kW,Xe3,a=1/32_b=0.97_c=0.9L_w=0.25L,vacuum,success,3.159787762034755,6.946746435450754,-0.5451413418647797,56.61548951752928,86.8,-0.3477478166183263,-6.160104180096066,2.7348642000441434,14.653015584474488,4994.999999999999,0.9198706961947867,0.369816950531975,
H2b,L32-anode,3p0kW,Xe3,a=1/32_b=0.97_c=1.1L_w=0.1L,vacuum,success,3.4027091657215105,6.946746435450754,-0.5101722515224181,53.97812527670255,86.8,-0.3781321972730121,-6.698341780264784,3.786381958231502,23.33649442672744,3995.999999999999,0.8304470021634295,0.31216553696801225,
H2b,L32-anode,3p0kW,Xe3,a=1/32_b=0.97_c=1.1L_w=0.25L,vacuum,success,2.857825963384714,6.946746435450754,-0.588609431776492,52.66764524665991,86.8,-0.3932298934716601,-6.965786684355121,3.655922955035983,23.604389379449714,3995.999999999999,0.9661229777336882,0.35385571828139767,
H2b,L32-anode,3p0kW,Xe3,a=1/32_b=0.97_c=1L_w=0.1L,vacuum,success,4.298172945646122,6.946746435450754,-0.3812681971934928,71.09078199309208,86.8,-0.18098177427313267,-3.205962858552635,3.0759731898723777,16.35862355277747,3995.999999999999,0.8093976359303879,0.428663878507596,
H2b,L32-anode,3p0kW,Xe3,a=1/32_b=0.97_c=1L_w=0.25L,vacuum,success,3.3457836656088777,6.946746435450754,-0.5183668071523932,62.94937288831956,86.8,-0.2747768100424014,-4.86747492075111,3.017387089686696,16.39971877017889,3995.999999999999,0.9723859481561885,0.4317766492675985,
H2b,L32-anode,3p0kW,Xe3,a=1/32_b=0.9_c=0.9L_w=0.1L,vacuum,success,5.422271764705071,6.946746435450754,-0.21945160729718846,84.60604776811053,86.8,-0.025275947371998602,-0.44774535344683236,1.0635454617468791,5.094699951735526,5993.999999999999,0.6967872013721345,0.48127768777487145,
H2b,L32-anode,3p0kW,Xe3,a=1/32_b=0.9_c=0.9L_w=0.25L,vacuum,success,3.5462989092758095,6.946746435450754,-0.48950218030439735,60.96392047755234,86.8,-0.29765068574248454,-5.27266929029544,2.7608510867010643,15.152765619563453,4994.999999999999,0.8936998035047177,0.3820714879703967,
H2b,L32-anode,3p0kW,Xe3,a=1/32_b=0.9_c=1.1L_w=0.1L,vacuum,success,4.8095210644581625,6.946746435450754,-0.3076584687308963,70.38211479414356,86.8,-0.18914614292461332,-3.350588817521721,0.9296462621916775,4.920565864137221,4994.999999999999,0.7451762784432043,0.3754887981815565,
H2b,L32-anode,3p0kW,Xe3,a=1/32_b=0.9_c=1.1L_w=0.25L,vacuum,success,3.1979123962676868,6.946746435450754,-0.5396532137767335,53.910631780416004,86.8,-0.378909772115023,-6.712115963180407,3.822148619987639,25.275049605425522,3995.999999999999,0.9009547373108944,0.33132672874463776,
H2b,L32-anode,3p0kW,Xe3,a=1/32_b=0.9_c=1L_w=0.1L,vacuum,success,4.854830295799508,6.946746435450754,-0.30113610149576553,71.41261783058481,86.8,-0.17727398812690318,-3.140282075390856,1.0433542456773721,4.100097351005631,5993.999999999999,0.7070343649846783,0.38295702994472686,
H2b,L32-anode,3p0kW,Xe3,a=1/32_b=0.9_c=1L_w=0.25L,vacuum,success,3.850103204932493,6.946746435450754,-0.4457688587444935,65.65826071766138,86.8,-0.24356842491173522,-4.314640669865024,3.0223990096035775,17.026898378390644,3995.999999999999,0.9063050433791373,0.40820711427484463,
H2b,L32-anode,3p0kW,Xe3,a=1/8_b=0.8_c=0.9L_w=0.1L,vacuum,success,12.629088467128366,6.946746435450754,0.8179861010442799,94.71237815583905,86.8,0.0911564303668093,1.6147710522120504,3.4041944215795125e-05,0.0002771182284522065,5993.999999999999,0.2884728428337077,0.2589498537046539,
H2b,L32-anode,3p0kW,Xe3,a=1/8_b=0.8_c=0.9L_w=0.25L,vacuum,success,10.339688194613537,6.946746435450754,0.4884217080168444,95.4064837127001,86.8,0.09915303816474759,1.7564252474898143,0.0041219790801159265,0.026598504123177765,6992.999999999998,0.3531357145305053,0.3209390256559385,
H2b,L32-anode,3p0kW,Xe3,a=1/8_b=0.8_c=1.1L_w=0.1L,vacuum,success,12.753458704348821,6.946746435450754,0.8358894804717724,95.27999160526127,86.8,0.0976957558209823,1.730610531685972,7.60171486676212e-05,0.0005239529990905513,5993.999999999999,0.28582534283137195,0.2595073319060919,
H2b,L32-anode,3p0kW,Xe3,a=1/8_b=0.8_c=1.1L_w=0.25L,vacuum,success,10.472548992227074,6.946746435450754,0.5075473229861083,96.398710149063,86.8,0.11058421830717752,1.958920438584287,0.015104546090501174,0.08026960268348551,5993.999999999999,0.349834390100619,0.3234925158357202,
H2b,L32-anode,3p0kW,Xe3,a=1/8_b=0.8_c=1L_w=0.1L,vacuum,success,12.66878901015014,6.946746435450754,0.8237010847982823,95.04427244767032,86.8,0.09498009732339072,1.6825045811572068,5.053591773814918e-05,0.0004053820054083538,5993.999999999999,0.2876860414039156,0.2599506993645865,
H2b,L32-anode,3p0kW,Xe3,a=1/8_b=0.8_c=1L_w=0.25L,vacuum,success,10.353723164638206,6.946746435450754,0.4904420739759423,95.88408081021274,86.8,0.10465530887341865,1.8538940429005586,0.009174251506857588,0.05559486851431892,6992.999999999998,0.35314510002703886,0.3237208426261347,
H2b,L32-anode,3p0kW,Xe3,a=1/8_b=0.97_c=0.9L_w=0.1L,vacuum,success,9.468384487400266,6.946746435450754,0.36299555128153904,94.5561761314392,86.8,0.08935686787372346,1.5828930880488155,0.006539587716810282,0.041859207504421604,6992.999999999998,0.3862215710535851,0.3442532976063627,
H2b,L32-anode,3p0kW,Xe3,a=1/8_b=0.97_c=0.9L_w=0.25L,vacuum,success,6.733905997236039,6.946746435450754,-0.03063886672594586,93.25872081419695,86.8,0.07440922597001091,1.3181062886116217,0.017927720434581358,0.10217748742705192,9989.999999999998,0.5441642438857859,0.4708537690587002,
H2b,L32-anode,3p0kW,Xe3,a=1/8_b=0.97_c=1.1L_w=0.1L,vacuum,success,9.033642134178143,6.946746435450754,0.30041339756947333,96.11235622148024,86.8,0.1072852099248876,1.9004808615265802,0.08815839692473307,0.40893695563386195,5993.999999999999,0.40667645105886596,0.37279472523013596,
H2b,L32-anode,3p0kW,Xe3,a=1/8_b=0.97_c=1.1L_w=0.25L,vacuum,success,6.477148809435293,6.946746435450754,-0.06759964976107412,94.43994981819262,86.8,0.08801785504830205,1.5591734322842075,0.00898314467946394,0.04776295645725499,7991.999999999998,0.557348779558223,0.5019977987705103,
H2b,L32-anode,3p0kW,Xe3,a=1/8_b=0.97_c=1L_w=0.1L,vacuum,success,9.222099529360527,6.946746435450754,0.3275422696153343,95.49022726366738,86.8,0.10011782561828772,1.7735157680953824,0.02242296384462407,0.13621272232308962,5993.999999999999,0.39765035211681304,0.36046428518071083,
H2b,L32-anode,3p0kW,Xe3,a=1/8_b=0.97_c=1L_w=0.25L,vacuum,success,6.5331499924360745,6.946746435450754,-0.05953815168839428,93.73364903027307,86.8,0.07988074919669443,1.4150304143414438,0.012175279362899657,0.07427154008523769,8990.999999999998,0.5558109323874478,0.4902782327252987,
H2b,L32-anode,3p0kW,Xe3,a=1/8_b=0.9_c=0.9L_w=0.1L,vacuum,success,11.331397475813205,6.946746435450754,0.6311805218607989,94.68415999603502,86.8,0.09083133635985045,1.6090122440887793,2.2393699739404068e-05,0.00012397006703982876,998.9999999999998,0.3215031019148258,0.28843328745050745,
H2b,L32-anode,3p0kW,Xe3,a=1/8_b=0.9_c=0.9L_w=0.25L,vacuum,success,8.743808776119675,6.946746435450754,0.2586912243547745,95.77433132298017,86.8,0.10339091385921857,1.8314961883633003,0.01718691084487408,0.10106597642274773,6992.999999999998,0.4201416312130189,0.38244747523474437,
H2b,L32-anode,3p0kW,Xe3,a=1/8_b=0.9_c=1.1L_w=0.1L,vacuum,success,11.353892328745411,6.946746435450754,0.6344187072676262,95.49517858418413,86.8,0.10017486848138397,1.7745262416702303,0.0002875326780167585,0.001793078122951054,5993.999999999999,0.3210191469658585,0.29281431965548993,
H2b,L32-anode,3p0kW,Xe3,a=1/8_b=0.9_c=1.1L_w=0.25L,vacuum,success,8.724413622467173,6.946746435450754,0.25589924773194517,96.07671873452709,86.8,0.10687463979869925,1.8932079050055293,0.16172047661210168,0.7060534952445012,5993.999999999999,0.4170975737663485,0.38572187567030936,
H2b,L32-anode,3p0kW,Xe3,a=1/8_b=0.9_c=1L_w=0.1L,vacuum,success,11.295874657357762,6.946746435450754,0.6260669310905699,95.07827981905059,86.8,0.09537188731625104,1.6894448610307327,6.665410418459872e-05,0.0005466566482376938,6992.999999999998,0.3224583519664897,0.2917540942081573,
H2b,L32-anode,3p0kW,Xe3,a=1/8_b=0.9_c=1L_w=0.25L,vacuum,success,8.731388596062072,6.946746435450754,0.2569033110959545,96.6671236861373,86.8,0.11367654016287218,2.0136987114565925,0.056663484052463485,0.32239118836529135,6992.999999999998,0.4215244077555958,0.3901651436530871,
H3a,L32-exit,1p6kW,Xe1,a=1/16_b=0.8_c=0.9L_w=0.1L,vacuum,success,6.213792755294009,6.960964151571712,-0.10733734293244414,66.0027062458776,72.8,-0.09336941969948351,-1.3872028069637548,2.4332097144449625,11.492412101610942,4994.999999999999,0.5298102003090903,0.30376023270896413,
H3a,L32-exit,1p6kW,Xe1,a=1/16_b=0.8_c=0.9L_w=0.25L,vacuum,success,4.9200959801724835,6.960964151571712,-0.2931875709973915,64.48999110718162,72.8,-0.1141484738024503,-1.695920182207833,2.7946354252138352,15.66015362619755,4994.999999999999,0.7180110253576041,0.36624799398073166,
H3a,L32-exit,1p6kW,Xe1,a=1/16_b=0.8_c=1.1L_w=0.1L,vacuum,success,7.295600546593138,6.960964151571712,0.0480732823406178,79.12282525314625,72.8,0.08685199523552532,1.2903725006420905,2.0378590022014538,8.403523900216522,4994.999999999999,0.5577397156045967,0.3717977189049628,
H3a,L32-exit,1p6kW,Xe1,a=1/16_b=0.8_c=1.1L_w=0.25L,vacuum,success,5.734043213130513,6.960964151571712,-0.17625732753761897,65.46575985868981,72.8,-0.100745056886129,-1.4967837023082022,2.0450569523046687,8.990738626905955,4994.999999999999,0.6257654434224914,0.32384087190345756,
H3a,L32-exit,1p6kW,Xe1,a=1/16_b=0.8_c=1L_w=0.1L,vacuum,success,6.434209637464544,6.960964151571712,-0.07567263709988109,72.34747473840446,72.8,-0.00621600634059816,-0.09235209420317265,2.232482016797186,9.986820306775215,4994.999999999999,0.5743207287458393,0.35246479271103437,
H3a,L32-exit,1p6kW,Xe1,a=1/16_b=0.8_c=1L_w=0.25L,vacuum,success,5.245836656030921,6.960964151571712,-0.24639223219581352,64.61466072223028,72.8,-0.11243597909024346,-1.670477403626474,1.5515003391633664,6.780983960277685,5993.999999999999,0.651604224175651,0.34483518204030056,
H3a,L32-exit,1p6kW,Xe1,a=1/16_b=0.97_c=0.9L_w=0.1L,vacuum,success,5.566575362919688,6.960964151571712,-0.20031546755447457,76.9482388316165,72.8,0.05698130263209454,0.8465793533911188,1.7929926042461357,6.380956081913005,4994.999999999999,0.6510842850336205,0.4608647280123985,
H3a,L32-exit,1p6kW,Xe1,a=1/16_b=0.97_c=0.9L_w=0.25L,vacuum,success,3.2911539830492487,6.960964151571712,-0.5271985444277657,51.86438185062001,72.8,-0.28757717238159325,-4.272575132526528,2.92099678057776,15.284718001352276,4994.999999999999,0.892705282850663,0.35412322086816383,
H3a,L32-exit,1p6kW,Xe1,a=1/16_b=0.97_c=1.1L_w=0.1L,vacuum,success,5.313055624378537,6.960964151571712,-0.2367356721440801,65.76740542001156,72.8,-0.09660157390094024,-1.435223383671112,2.69232403296285,12.930868002493511,3995.999999999999,0.7009208012295234,0.35272906780322605,
H3a,L32-exit,1p6kW,Xe1,a=1/16_b=0.97_c=1.1L_w=0.25L,vacuum,success,3.2341425720216304,6.960964151571712,-0.5353887045530331,48.27631269420329,72.8,-0.33686383661808667,-5.004834144040144,3.803942265057432,22.820644078293135,10988.999999999998,0.8777727214225396,0.31222898525858017,
H3a,L32-exit,1p6kW,Xe1,a=1/16_b=0.97_c=1L_w=0.1L,vacuum,success,5.775597782916769,6.960964151571712,-0.17028767033476244,78.77413744994448,72.8,0.0820623276091274,1.2192117244784642,2.5445596324979647,12.00423225780525,8990.999999999998,0.771981558994729,0.46551595178456395,
H3a,L32-exit,1p6kW,Xe1,a=1/16_b=0.97_c=1L_w=0.25L,vacuum,success,3.7879868668890078,6.960964151571712,-0.45582439667733093,56.78376269954882,72.8,-0.22000325962158224,-3.2686198572349356,3.114490860814793,16.375594040088906,3995.999999999999,0.8692083884006324,0.368811169340198,
H3a,L32-exit,1p6kW,Xe1,a=1/16_b=0.9_c=0.9L_w=0.1L,vacuum,success,5.8795147757266735,6.960964151571712,-0.15535913593246403,64.88595543933143,72.8,-0.10870940330588703,-1.6151111348303213,2.3808777375693486,11.277534866731365,4994.999999999999,0.5562387743435986,0.3102588063534263,
H3a,L32-exit,1p6kW,Xe1,a=1/16_b=0.9_c=0.9L_w=0.25L,vacuum,success,5.029068559713778,6.960964151571712,-0.2775327598004843,69.64227247375997,72.8,-0.04337537810769281,-0.6444341890285789,2.7152199984681196,13.709578708669765,8990.999999999998,0.7835374562993681,0.41785202120185266,
H3a,L32-exit,1p6kW,Xe1,a=1/16_b=0.9_c=1.1L_w=0.1L,vacuum,success,6.349268450899267,6.960964151571712,-0.08787514018935597,72.0523186134753,72.8,-0.010270348715998833,-0.15258803806626836,2.262968106092315,10.134997425688747,4994.999999999999,0.6040604026751973,0.3542716723275664,
H3a,L32-exit,1p6kW,Xe1,a=1/16_b=0.9_c=1.1L_w=0.25L,vacuum,success,4.787005175073134,6.960964151571712,-0.31230716451940366,62.98279672275274,72.8,-0.13485169336878108,-2.0035108729076043,3.1561335860700663,20.68082445060416,3995.999999999999,0.7553580519459456,0.3590411128102072,
H3a,L32-exit,1p6kW,Xe1,a=1/16_b=0.9_c=1L_w=0.1L,vacuum,success,6.219284832121037,6.960964151571712,-0.10654836073005948,70.49822706698903,72.8,-0.03161776006883197,-0.46974957816550356,2.4821066724154233,11.240107111384038,4994.999999999999,0.5769290224354278,0.346242311778209,
H3a,L32-exit,1p6kW,Xe1,a=1/16_b=0.9_c=1L_w=0.25L,vacuum,success,4.485440334287944,6.960964151571712,-0.35562944491314774,60.796011540180174,72.8,-0.16488995137115148,-2.449793563228536,3.2651165835787186,18.875853551427124,3995.999999999999,0.7741223864673283,0.35703376446431534,
H3a,L32-exit,1p6kW,Xe1,a=1/32_b=0.8_c=0.9L_w=0.1L,vacuum,success,4.085761035197654,6.960964151571712,-0.4130466776969204,52.853705322277044,72.8,-0.2739875642544362,-4.070672383208766,2.3452766564353955,11.611366304390765,4994.999999999999,0.8921645808246629,0.296238916922456,
H3a,L32-exit,1p6kW,Xe1,a=1/32_b=0.8_c=0.9L_w=0.25L,vacuum,success,3.08780248549824,6.960964151571712,-0.5564116667945995,43.02504623932435,72.8,-0.40899661759169853,-6.076521175648092,2.729384053751502,14.55176110016241,3995.999999999999,0.9446959549916223,0.2597510875284142,
H3a,L32-exit,1p6kW,Xe1,a=1/32_b=0.8_c=1.1L_w=0.1L,vacuum,success,4.602414717214357,6.960964151571712,-0.33882510856270104,57.431908555967226,72.8,-0.2111001571982524,-3.13634519265975,1.475255635317097,6.333314918841307,8990.999999999998,0.8436945535812231,0.3105166866595624,
H3a,L32-exit,1p6kW,Xe1,a=1/32_b=0.8_c=1.1L_w=0.25L,vacuum,success,3.412891495018369,6.960964151571712,-0.5097099452454766,44.00718038603513,72.8,-0.39550576392808884,-5.876085635503034,2.6187468920032413,14.015783680394751,3995.999999999999,0.9426391601781656,0.24586052313185283,
H3a,L32-exit,1p6kW,Xe1,a=1/32_b=0.8_c=1L_w=0.1L,vacuum,success,4.398661669736562,6.960964151571712,-0.3680959168934392,52.72428943692957,72.8,-0.2757652549872312,-4.09708378838172,1.8366124205065153,8.304428012398757,8990.999999999998,0.8262176336803709,0.2738199631589094,
H3a,L32-exit,1p6kW,Xe1,a=1/32_b=0.8_c=1L_w=0.25L,vacuum,success,3.2526170945135564,6.960964151571712,-0.5327346867920373,46.3139043477507,72.8,-0.36381999522320474,-5.405325643316184,2.768565299864617,14.979432346766707,3995.999999999999,1.0364940886281448,0.28572881765892466,
H3a,L32-exit,1p6kW,Xe1,a=1/32_b=0.97_c=0.9L_w=0.1L,vacuum,success,3.1944311754339685,6.960964151571712,-0.5410935747007547,46.676707564196434,72.8,-0.3588364345577414,-5.331284170572157,2.8091559664480004,15.117193430899267,3995.999999999999,1.0233888068644732,0.2955092564344978,
H3a,L32-exit,1p6kW,Xe1,a=1/32_b=0.97_c=0.9L_w=0.25L,vacuum,success,2.6969144198713066,6.960964151571712,-0.6125659662731674,45.17273903146813,72.8,-0.3794953429743389,-5.638216524190177,2.098085661527916,9.148068363640876,2996.9999999999995,0.9620253381078558,0.3278308950401653,
H3a,L32-exit,1p6kW,Xe1,a=1/32_b=0.97_c=1.1L_w=0.1L,vacuum,success,3.521584542765544,6.960964151571712,-0.49409529109981015,42.837547608492216,72.8,-0.41157214823499705,-6.114786202348527,2.2457982056118366,11.074338101968486,3995.999999999999,0.922704497419614,0.22577470149181297,
H3a,L32-exit,1p6kW,Xe1,a=1/32_b=0.97_c=1.1L_w=0.25L,vacuum,success,2.4512888500413315,6.960964151571712,-0.6478521083192396,38.04542065892626,72.8,-0.477398067871892,-7.09277129409668,2.9255554485490047,16.860203199018702,2996.9999999999995,1.0889529449809179,0.25584355816638127,
H3a,L32-exit,1p6kW,Xe1,a=1/32_b=0.97_c=1L_w=0.1L,vacuum,success,3.3451628012393004,6.960964151571712,-0.5194397315659214,45.43165435791648,72.8,-0.3759388137648836,-5.585376661649699,2.8408071870811837,15.560305701338326,3995.999999999999,0.9998791999206914,0.26734005926445903,
H3a,L32-exit,1p6kW,Xe1,a=1/32_b=0.97_c=1L_w=0.25L,vacuum,success,2.2791996942067847,6.960964151571712,-0.6725741370622969,35.02273169234369,72.8,-0.5189185207095647,-7.709646593399246,2.742357365434639,14.444686727032353,2996.9999999999995,0.929890853343157,0.23317492815783536,
H3a,L32-exit,1p6kW,Xe1,a=1/32_b=0.9_c=0.9L_w=0.1L,vacuum,success,4.128033100435603,6.960964151571712,-0.40697394634570316,56.262812607686826,72.8,-0.22715916747682935,-3.3749362025128926,2.5079870797456016,12.70340411905694,12986.999999999998,0.9705837499896033,0.33224916830455814,
H3a,L32-exit,1p6kW,Xe1,a=1/32_b=0.9_c=0.9L_w=0.25L,vacuum,success,2.217994464907083,6.960964151571712,-0.6813667738245308,36.438845249709836,72.8,-0.49946641140508474,-7.42064382658983,2.962605735217073,16.780870563794416,6992.999999999998,1.0462035872352753,0.25937788753029317,
H3a,L32-exit,1p6kW,Xe1,a=1/32_b=0.9_c=1.1L_w=0.1L,vacuum,success,3.7189587987687287,6.960964151571712,-0.46574084885510764,49.00096496980358,72.8,-0.3269098218433574,-4.856945924529881,1.859149368515964,8.8756728895231,3995.999999999999,0.9492363235399087,0.2797384046628181,
H3a,L32-exit,1p6kW,Xe1,a=1/32_b=0.9_c=1.1L_w=0.25L,vacuum,success,2.995272588988975,6.960964151571712,-0.5697043507525212,38.99069199651701,72.8,-0.46441357147641477,-6.899858776221018,2.8183031417922306,16.59933108690326,6992.999999999998,1.022219585651402,0.21991240566902476,
H3a,L32-exit,1p6kW,Xe1,a=1/32_b=0.9_c=1L_w=0.1L,vacuum,success,3.5316891936777033,6.960964151571712,-0.4926436745288675,47.73399548227022,72.8,-0.3443132488699146,-5.115511126067302,2.4748673902404463,13.583587028766267,3995.999999999999,0.9842138210827912,0.2795357090611256,
H3a,L32-exit,1p6kW,Xe1,a=1/32_b=0.9_c=1L_w=0.25L,vacuum,success,3.1601617489283016,6.960964151571712,-0.5460166608939122,48.422588610980796,72.8,-0.3348545520469671,-4.974981916126368,2.6817714655542946,14.17834676258555,6992.999999999998,1.0903335169754564,0.321477726734746,
H3a,L32-exit,1p6kW,Xe1,a=1/8_b=0.8_c=0.9L_w=0.1L,vacuum,success,11.352093348560437,6.960964151571712,0.630821981175877,88.42094933085698,72.8,0.21457347981946395,3.1879488430320353,0.001712158631806431,0.011569817560159817,6992.999999999998,0.32188178245265586,0.29839984184901364,
H3a,L32-exit,1p6kW,Xe1,a=1/8_b=0.8_c=0.9L_w=0.25L,vacuum,success,9.369145032256684,6.960964151571712,0.3459550757981177,89.33431845185572,72.8,0.22711975895406197,3.374350704460349,0.07632425721494822,0.26727429471692066,6992.999999999998,0.3922121137983181,0.36906332542943704,
H3a,L32-exit,1p6kW,Xe1,a=1/8_b=0.8_c=1.1L_w=0.1L,vacuum,success,11.681441858389467,6.960964151571712,0.6781356151291084,88.7924395874232,72.8,0.21967636795910994,3.2637631811067758,0.008242372820242302,0.0484337496003532,6992.999999999998,0.3126190578533459,0.29242851626824623,
H3a,L32-exit,1p6kW,Xe1,a=1/8_b=0.8_c=1.1L_w=0.25L,vacuum,success,9.738260197160177,6.960964151571712,0.3989815182371511,89.67582490548132,72.8,0.23181078166869934,3.4440458990778184,0.06071780398645009,0.21057509788362422,6992.999999999998,0.3761593460842645,0.35779443536696776,
H3a,L32-exit,1p6kW,Xe1,a=1/8_b=0.8_c=1L_w=0.1L,vacuum,success,11.510762339961401,6.960964151571712,0.6536160924435148,88.65852129297005,72.8,0.2178368309473908,3.236432916932663,0.0040849368598119854,0.027088255991579883,6992.999999999998,0.31737430748241446,0.2958700978935322,
H3a,L32-exit,1p6kW,Xe1,a=1/8_b=0.8_c=1L_w=0.25L,vacuum,success,9.5387865503798,6.960964151571712,0.3703254811657151,89.51440524192718,72.8,0.22959347859790075,3.411103110597382,0.061219441417655285,0.21186432784613393,6992.999999999998,0.38452986687492197,0.36396273989346495,
H3a,L32-exit,1p6kW,Xe1,a=1/8_b=0.97_c=0.9L_w=0.1L,vacuum,success,8.69791603796137,6.960964151571712,0.24952748621718912,89.51086820947656,72.8,0.22954489298731526,3.410381267240112,0.1418577604164119,0.47966714010080136,6992.999999999998,0.42655484588526943,0.3991172730354176,
H3a,L32-exit,1p6kW,Xe1,a=1/8_b=0.97_c=0.9L_w=0.25L,vacuum,success,6.120063761288951,6.960964151571712,-0.12080228715053715,86.65783968225459,72.8,0.1903549406903102,2.828130547398894,0.002343790541397396,0.017153522655476428,5993.999999999999,0.5933956542101437,0.5316477314310515,
H3a,L32-exit,1p6kW,Xe1,a=1/8_b=0.97_c=1.1L_w=0.1L,vacuum,success,8.821064053841779,6.960964151571712,0.267218715937515,91.62204901136715,72.8,0.25854462927702127,3.8412344921157446,0.21670159831674785,0.7214339132827337,5993.999999999999,0.4227593311044079,0.41232837247896453,
H3a,L32-exit,1p6kW,Xe1,a=1/8_b=0.97_c=1.1L_w=0.25L,vacuum,success,6.052926190213694,6.960964151571712,-0.13044715381173064,80.5294561310406,72.8,0.10617384795385446,1.5774400267429802,0.6298680686900221,2.257149565298943,4994.999999999999,0.5901963105118798,0.46420343459484226,
H3a,L32-exit,1p6kW,Xe1,a=1/8_b=0.97_c=1L_w=0.1L,vacuum,success,8.648397921128353,6.960964151571712,0.24241379969980686,89.44674583276755,72.8,0.22866409110944422,3.397295067911742,0.1719190502651789,0.5722999428461991,5993.999999999999,0.4242700159820181,0.400827603381586,
H3a,L32-exit,1p6kW,Xe1,a=1/8_b=0.97_c=1L_w=0.25L,vacuum,success,6.224773881587749,6.960964151571712,-0.10575981343299101,87.98040013096946,72.8,0.20852197982100898,3.0980408430549904,0.006689122033384786,0.051128195838578604,5993.999999999999,0.5837555761394461,0.5387812593227038,
H3a,L32-exit,1p6kW,Xe1,a=1/8_b=0.9_c=0.9L_w=0.1L,vacuum,success,10.296584075053115,6.960964151571712,0.4791893552171584,88.97218489346476,72.8,0.22214539688825208,3.300445896625459,0.003600533577189527,0.02134583268996014,6992.999999999998,0.3565676090209876,0.33310376149268356,
H3a,L32-exit,1p6kW,Xe1,a=1/8_b=0.9_c=0.9L_w=0.25L,vacuum,success,7.873958029149735,6.960964151571712,0.13115911211407094,88.4161409239574,72.8,0.21450743027414007,3.186967535501509,0.4973049727622743,1.4989528546063773,6992.999999999998,0.46177510416308554,0.43016414757168114,
H3a,L32-exit,1p6kW,Xe1,a=1/8_b=0.9_c=1.1L_w=0.1L,vacuum,success,10.614854478790159,6.960964151571712,0.5249115277218368,89.33411555289297,72.8,0.22711697188039792,3.374309296508769,0.01581033712046796,0.07896636164058407,6992.999999999998,0.34467593916877465,0.3257503079288315,
H3a,L32-exit,1p6kW,Xe1,a=1/8_b=0.9_c=1.1L_w=0.25L,vacuum,success,8.10037835101846,6.960964151571712,0.1636862616494699,88.5862921599626,72.8,0.21684467252695866,3.2216922775433856,0.9347300382161856,3.0299203172586875,5993.999999999999,0.4439124455049435,0.4197511937850674,
H3a,L32-exit,1p6kW,Xe1,a=1/8_b=0.9_c=1L_w=0.1L,vacuum,success,10.4507920977068,6.960964151571712,0.5013426114753259,89.26495285654818,72.8,0.22616693484269465,3.3601944605200345,0.006338948581147169,0.03861073303545229,6992.999999999998,0.3508581082554121,0.33035200516041874,
H3a,L32-exit,1p6kW,Xe1,a=1/8_b=0.9_c=1L_w=0.25L,vacuum,success,7.9761464090741985,6.960964151571712,0.14583931699652106,87.87391901860863,72.8,0.20705932717869002,3.07631000379768,0.7555714995288392,2.3455542152291446,5993.999999999999,0.44974781762327226,0.4194604992888471,
H3a,L32-exit,1p6kW,Xe2,a=1/16_b=0.8_c=0.9L_w=0.1L,vacuum,success,7.550451714562346,8.044447084198758,-0.061408244030436675,85.90715028676657,83.4,0.030061754037968447,0.5116633238299119,2.2142572821317907,9.348146313783662,10988.999999999998,0.5332863032747046,0.39050341979036757,
H3a,L32-exit,1p6kW,Xe2,a=1/16_b=0.8_c=0.9L_w=0.25L,vacuum,success,5.866501490298972,8.044447084198758,-0.2707390043223479,74.31747733613655,83.4,-0.10890314944680407,-1.8535760538496855,1.5601095628821466,6.875965206164333,5993.999999999999,0.6248783177008095,0.37613338617693665,
H3a,L32-exit,1p6kW,Xe2,a=1/16_b=0.8_c=1.1L_w=0.1L,vacuum,success,6.452832776646565,8.044447084198758,-0.197852542367829,71.53381383273711,83.4,-0.14228040967941125,-2.421670646380183,2.145709410086163,9.213010987532561,10988.999999999998,0.5409811972716128,0.31681920510327477,
H3a,L32-exit,1p6kW,Xe2,a=1/16_b=0.8_c=1.1L_w=0.25L,vacuum,success,6.073306616711764,8.044447084198758,-0.24503119317656913,71.91036729424519,83.4,-0.13776538016492584,-2.344823001174452,2.5690505643006794,11.976780484586698,4994.999999999999,0.5578590295748351,0.340170741686726,
H3a,L32-exit,1p6kW,Xe2,a=1/16_b=0.8_c=1L_w=0.1L,vacuum,success,6.398044615223575,8.044447084198758,-0.2046632231827488,69.5500844061344,83.4,-0.16606613421901198,-2.826513386503183,2.2197881159568196,9.488441461609256,10988.999999999998,0.5211162555628929,0.30205582058963665,
H3a,L32-exit,1p6kW,Xe2,a=1/16_b=0.8_c=1L_w=0.25L,vacuum,success,5.39297774501997,8.044447084198758,-0.3296024340053048,68.37563956174876,83.4,-0.18014820669365997,-3.0661960078063752,1.957429409767933,8.787953140771696,5993.999999999999,0.6002090990410351,0.3463485114765774,
H3a,L32-exit,1p6kW,Xe2,a=1/16_b=0.97_c=0.9L_w=0.1L,vacuum,success,5.823381938558541,8.044447084198758,-0.27609916783503086,84.67260398495701,83.4,0.015259040587014413,0.2597150989708167,1.8459822044325074,7.3616875728124676,4994.999999999999,0.6517988493222566,0.49186928921656914,
H3a,L32-exit,1p6kW,Xe2,a=1/16_b=0.97_c=0.9L_w=0.25L,vacuum,success,4.156413785922996,8.044447084198758,-0.4833188978162093,68.80638231661237,83.4,-0.1749834254602833,-2.9782893231403316,2.6484438966029034,12.707506538083548,4994.999999999999,0.8684855944093756,0.45506959782156914,
H3a,L32-exit,1p6kW,Xe2,a=1/16_b=0.97_c=1.1L_w=0.1L,vacuum,success,6.195405353435707,8.044447084198758,-0.22985317839867656,78.02068262784101,83.4,-0.0645002082992685,-1.097819871869182,2.350445602900559,9.653899365657931,8990.999999999998,0.641541149339059,0.3925445166968457,
H3a,L32-exit,1p6kW,Xe2,a=1/16_b=0.97_c=1.1L_w=0.25L,vacuum,success,4.352618928397529,8.044447084198758,-0.4589287637994255,69.09187379884912,83.4,-0.17156026620084985,-2.9200257553369133,3.3531002745590834,17.923196802404373,3995.999999999999,0.8828333411485222,0.438169804884041,
H3a,L32-exit,1p6kW,Xe2,a=1/16_b=0.97_c=1L_w=0.1L,vacuum,success,4.761046835360313,8.044447084198758,-0.4081573555611844,63.476166419046685,83.4,-0.23889488706179035,-4.066088485908839,2.7460174678073805,11.729392328018365,4994.999999999999,0.6633291779733845,0.33811004756797486,
H3a,L32-exit,1p6kW,Xe2,a=1/16_b=0.97_c=1L_w=0.25L,vacuum,success,4.162060925863998,8.044447084198758,-0.48261690551246295,62.206744995325586,83.4,-0.25411576744213926,-4.325154082586614,3.0463450826704785,16.0499692603236,3995.999999999999,0.811288406020756,0.3714545406682411,
H3a,L32-exit,1p6kW,Xe2,a=1/16_b=0.9_c=0.9L_w=0.1L,vacuum,success,6.727708586105308,8.044447084198758,-0.16368290875824681,83.50408041407323,83.4,0.0012479665956022367,0.02124090083127072,2.387850541154298,10.224896972282831,4994.999999999999,0.5938312041233811,0.41408297448765446,
H3a,L32-exit,1p6kW,Xe2,a=1/16_b=0.9_c=0.9L_w=0.25L,vacuum,success,4.435671974844102,8.044447084198758,-0.44860449345774983,62.801102519259786,83.4,-0.24698917842614168,-4.203856628722493,1.958468338076887,9.360661632214228,5993.999999999999,0.7405439495257746,0.35523378629654856,
H3a,L32-exit,1p6kW,Xe2,a=1/16_b=0.9_c=1.1L_w=0.1L,vacuum,success,6.36561776726496,8.044447084198758,-0.20869418362281542,70.14136487864126,83.4,-0.15897644030406172,-2.705843902318111,2.147034450034913,8.94298576287641,4994.999999999999,0.5158737828455083,0.30877847520563506,
H3a,L32-exit,1p6kW,Xe2,a=1/16_b=0.9_c=1.1L_w=0.25L,vacuum,success,5.0335878034445525,8.044447084198758,-0.3742779645686603,75.8850110494798,83.4,-0.09010778118129742,-1.5336712143918783,1.6995993369270976,7.417235425712071,4994.999999999999,0.7423922321914243,0.45706030505817824,
H3a,L32-exit,1p6kW,Xe2,a=1/16_b=0.9_c=1L_w=0.1L,vacuum,success,6.281832465364518,8.044447084198758,-0.2191094801650746,73.04702744946485,83.4,-0.124136361517208,-2.11285154092554,2.275304230575745,9.285102697673512,4994.999999999999,0.5587639440099793,0.33935784700819643,
H3a,L32-exit,1p6kW,Xe2,a=1/16_b=0.9_c=1L_w=0.25L,vacuum,success,5.381381820240524,8.044447084198758,-0.3310439158943738,66.68220484563564,83.4,-0.2004531793089252,-3.4117949294621144,1.7616414317961444,7.047138889743894,4994.999999999999,0.6664380651539719,0.3301149903133562,
H3a,L32-exit,1p6kW,Xe2,a=1/32_b=0.8_c=0.9L_w=0.1L,vacuum,success,4.286991117606618,8.044447084198758,-0.4670869143974722,54.7701823527123,83.4,-0.34328318521927703,-5.842819928017898,1.9192943065352497,8.200740098605975,4994.999999999999,0.7773025801874143,0.2795599412081542,
H3a,L32-exit,1p6kW,Xe2,a=1/32_b=0.8_c=0.9L_w=0.25L,vacuum,success,3.890520679250789,8.044447084198758,-0.5163718974679175,58.02132481454825,83.4,-0.3043006616960642,-5.179321466418725,2.636502208151631,13.670002414575137,8990.999999999998,1.0090727639627886,0.34570583049417464,
H3a,L32-exit,1p6kW,Xe2,a=1/32_b=0.8_c=1.1L_w=0.1L,vacuum,success,4.547080769369927,8.044447084198758,-0.434755338461795,58.63628996833437,83.4,-0.29692697879695007,-5.053818373809313,1.4825070650127858,6.95159481283909,4994.999999999999,0.8061745924087721,0.3020921565393444,
H3a,L32-exit,1p6kW,Xe2,a=1/32_b=0.8_c=1.1L_w=0.25L,vacuum,success,3.67079419120325,8.044447084198758,-0.5436859546986669,53.67412903739908,83.4,-0.35642531130216937,-6.06650427808182,2.234325893719636,11.832904964743243,3995.999999999999,0.9870021619168367,0.3135516759622931,
H3a,L32-exit,1p6kW,Xe2,a=1/32_b=0.8_c=1L_w=0.1L,vacuum,success,4.413966581513067,8.044447084198758,-0.4513026768262089,54.44005345602489,83.4,-0.3472415652754809,-5.9101931722398175,1.5986488144258952,6.616642018366943,4994.999999999999,0.7730769498084719,0.268254610900708,
H3a,L32-exit,1p6kW,Xe2,a=1/32_b=0.8_c=1L_w=0.25L,vacuum,success,4.09336418256083,8.044447084198758,-0.4911565531208244,59.26197416161101,83.4,-0.2894247702444724,-4.926127722120203,2.52374485068934,12.695163975970402,8990.999999999998,0.9937639488963298,0.342776464383013,
H3a,L32-exit,1p6kW,Xe2,a=1/32_b=0.97_c=0.9L_w=0.1L,vacuum,success,4.015233781485981,8.044447084198758,-0.5008688926088068,59.025580854136294,83.4,-0.29225922237246654,-4.9743712542579,2.6735986314724225,13.924740294767611,8990.999999999998,0.9829700398761689,0.3466640870729683,
H3a,L32-exit,1p6kW,Xe2,a=1/32_b=0.97_c=0.9L_w=0.25L,vacuum,success,2.254354028770574,8.044447084198758,-0.7197627126917558,35.786376999643956,83.4,-0.5709067506037896,-9.717065918440008,2.906399732102318,16.87819644058629,3995.999999999999,0.9412787697060508,0.22696165848815844,
H3a,L32-exit,1p6kW,Xe2,a=1/32_b=0.97_c=1.1L_w=0.1L,vacuum,success,3.6149567545358914,8.044447084198758,-0.5506270702387314,53.34099938855194,83.4,-0.36041967160009664,-6.134489920703685,1.8427530459457717,8.54526441342531,3995.999999999999,1.002998574894696,0.314454881354983,
H3a,L32-exit,1p6kW,Xe2,a=1/32_b=0.97_c=1.1L_w=0.25L,vacuum,success,3.2690325342231934,8.044447084198758,-0.5936286857247947,45.40895195964677,83.4,-0.45552815396106994,-7.753275110276169,2.9667826048791053,17.085553461234632,6992.999999999998,1.1157772274676423,0.25200134837365806,
H3a,L32-exit,1p6kW,Xe2,a=1/32_b=0.97_c=1L_w=0.1L,vacuum,success,3.6379931943607486,8.044447084198758,-0.5477634253438439,48.7617068278258,83.4,-0.4153272562610816,-7.069039422892694,2.6367101020174273,14.847674481607791,3995.999999999999,0.9354867287436381,0.2611169511114936,
H3a,L32-exit,1p6kW,Xe2,a=1/32_b=0.97_c=1L_w=0.25L,vacuum,success,3.0491680293764425,8.044447084198758,-0.6209598997343463,48.473027321432035,83.4,-0.4187886412298317,-7.127953607871013,2.8629808773823546,15.260419697208123,6992.999999999998,1.085782500632831,0.30786341366030645,
H3a,L32-exit,1p6kW,Xe2,a=1/32_b=0.9_c=0.9L_w=0.1L,vacuum,success,3.382805661121433,8.044447084198758,-0.5794856221049571,49.24611302620149,83.4,-0.40951902846281185,-6.970181015060919,2.675746873111708,14.495490891449336,4994.999999999999,0.9863109436842189,0.28642176504831596,
H3a,L32-exit,1p6kW,Xe2,a=1/32_b=0.9_c=0.9L_w=0.25L,vacuum,success,2.986114038889141,8.044447084198758,-0.6287981003996418,47.84216709711793,83.4,-0.4263529125045812,-7.256700592424911,2.932842015624406,16.378103429682753,3995.999999999999,1.0278535024275945,0.306234734140639,
H3a,L32-exit,1p6kW,Xe2,a=1/32_b=0.9_c=1.1L_w=0.1L,vacuum,success,4.488524783041675,8.044447084198758,-0.4420343951471538,62.610989472440146,83.4,-0.24926871136162893,-4.242655209706092,1.4061986069559753,5.764935838750038,8990.999999999998,0.8671527564410328,0.34892867184673515,
H3a,L32-exit,1p6kW,Xe2,a=1/32_b=0.9_c=1.1L_w=0.25L,vacuum,success,3.359650789403435,8.044447084198758,-0.5823639891916744,46.847542565819815,83.4,-0.43827886611726846,-7.459685190649017,2.8746419251169724,16.605384749190023,3995.999999999999,1.0094367487725016,0.2609868593778629,
H3a,L32-exit,1p6kW,Xe2,a=1/32_b=0.9_c=1L_w=0.1L,vacuum,success,4.040786972881047,8.044447084198758,-0.49769239195840687,55.51954796130782,83.4,-0.3342979860754458,-5.689888171161669,1.9566951488921207,9.236393275761264,4994.999999999999,0.9048343548637152,0.3047649634200754,
H3a,L32-exit,1p6kW,Xe2,a=1/32_b=0.9_c=1L_w=0.25L,vacuum,success,3.1959137045269266,8.044447084198758,-0.6027180400248421,46.17496883691104,83.4,-0.4463432993176134,-7.596945135324276,3.014190355609622,17.483378199066678,3995.999999999999,0.9884614563429042,0.2665368914512017,
H3a,L32-exit,1p6kW,Xe2,a=1/8_b=0.8_c=0.9L_w=0.1L,vacuum,success,11.68441045410974,8.044447084198758,0.45248148590109455,91.74301829236366,83.4,0.10003619055591911,1.7026567943599293,0.001061455545242239,0.0070578691849448845,7991.999999999998,0.31174662428181155,0.2877917856912698,
H3a,L32-exit,1p6kW,Xe2,a=1/8_b=0.8_c=0.9L_w=0.25L,vacuum,success,9.610077357879952,8.044447084198758,0.19462248396865842,92.56732931063128,83.4,0.10992001571500326,1.870883532781892,0.04497750406601566,0.18551940359077512,7991.999999999998,0.38087486926834113,0.35622773921970313,
H3a,L32-exit,1p6kW,Xe2,a=1/8_b=0.8_c=1.1L_w=0.1L,vacuum,success,11.997473597830869,8.044447084198758,0.4913981622673374,92.08605740154937,83.4,0.10414936932313382,1.7726647758263998,0.003669973185527414,0.025179169277440534,6992.999999999998,0.3034672748601184,0.282382062679205,
H3a,L32-exit,1p6kW,Xe2,a=1/8_b=0.8_c=1.1L_w=0.25L,vacuum,success,10.012610325660816,8.044447084198758,0.24466109614021916,93.20693206480848,83.4,0.11758911348691226,2.0014147071037716,0.027123121268454602,0.11092299320784535,6992.999999999998,0.3657124872479094,0.3466476516768472,
H3a,L32-exit,1p6kW,Xe2,a=1/8_b=0.8_c=1L_w=0.1L,vacuum,success,11.836629910307938,8.044447084198758,0.4714037877827483,91.9748074342907,83.4,0.10281543686199869,1.7499607008756508,0.0022104338234591654,0.014173259738150564,6992.999999999998,0.3077157834853625,0.2855281003204933,
H3a,L32-exit,1p6kW,Xe2,a=1/8_b=0.8_c=1L_w=0.25L,vacuum,success,9.816715360606246,8.044447084198758,0.2203095200773527,93.20236142136439,83.4,0.11753430960868565,2.000481922727425,0.028848291840023795,0.11959831946954518,6992.999999999998,0.3740653005423841,0.35353041555847875,
H3a,L32-exit,1p6kW,Xe2,a=1/8_b=0.97_c=0.9L_w=0.1L,vacuum,success,8.933912049329198,8.044447084198758,0.11056881297380455,92.38299720275383,83.4,0.1077097985941705,1.8332647352558813,0.027608187566933663,0.11378399783665147,6992.999999999998,0.4114138571070909,0.38166433062736493,
H3a,L32-exit,1p6kW,Xe2,a=1/8_b=0.97_c=0.9L_w=0.25L,vacuum,success,6.336533012119377,8.044447084198758,-0.21230969067272978,90.58124677777364,83.4,0.08610607647210598,1.4655605668925793,0.0033271761367270392,0.02731599047443003,6992.999999999998,0.5730162974519561,0.5173256794152177,
H3a,L32-exit,1p6kW,Xe2,a=1/8_b=0.97_c=1.1L_w=0.1L,vacuum,success,8.889634336903278,8.044447084198758,0.10506467925740627,93.58278232260629,83.4,0.12209571130223369,2.078118841348222,0.06692021146085701,0.26415038320065126,5993.999999999999,0.4125908196626994,0.3935928128057066,
H3a,L32-exit,1p6kW,Xe2,a=1/8_b=0.97_c=1.1L_w=0.25L,vacuum,success,5.931290688627237,8.044447084198758,-0.26268510109567034,81.04578372570624,83.4,-0.02822801288122015,-0.4804523008762776,0.7250055438788331,2.5280232077670064,4994.999999999999,0.5842157184457333,0.4424363430110363,
H3a,L32-exit,1p6kW,Xe2,a=1/8_b=0.97_c=1L_w=0.1L,vacuum,success,8.935703551339103,8.044447084198758,0.11079151342681935,93.28239339596375,83.4,0.11849392561107615,2.016814978768112,0.0459134661194098,0.18185905367835054,5993.999999999999,0.41210933184110776,0.38905388734694085,
H3a,L32-exit,1p6kW,Xe2,a=1/8_b=0.97_c=1L_w=0.25L,vacuum,success,6.395061189320483,8.044447084198758,-0.20503409092193153,91.93443747547323,83.4,0.10233138459800042,1.741721933770048,0.0168254044660435,0.12311720085291569,5993.999999999999,0.568370618896181,0.5280206316264049,
H3a,L32-exit,1p6kW,Xe2,a=1/8_b=0.9_c=0.9L_w=0.1L,vacuum,success,10.619611784579481,8.044447084198758,0.32011705384189426,92.48438005116932,83.4,0.10892542027780962,1.8539551124835347,0.0021361822264265727,0.015094729933120363,6992.999999999998,0.345408142149753,0.32178610654174616,
H3a,L32-exit,1p6kW,Xe2,a=1/8_b=0.9_c=0.9L_w=0.25L,vacuum,success,8.121411298944235,8.044447084198758,0.009567371621680889,92.09381607944646,83.4,0.10424239903413017,1.7742481794788685,0.3927083496382227,1.1619013233494522,6992.999999999998,0.4476805589472252,0.41722332838461984,
H3a,L32-exit,1p6kW,Xe2,a=1/8_b=0.9_c=1.1L_w=0.1L,vacuum,success,10.92733641079627,8.044447084198758,0.35837010255934243,92.96515716045582,83.4,0.1146901338184151,1.9520728898889426,0.0098024827080237,0.05879628576507267,6992.999999999998,0.3351682856226942,0.3159841164263104,
H3a,L32-exit,1p6kW,Xe2,a=1/8_b=0.9_c=1.1L_w=0.25L,vacuum,success,8.44434454985336,8.044447084198758,0.04971099461143794,92.19242607709725,83.4,0.10542477310668166,1.7943726687953572,0.764291062688593,2.4518205743206463,5993.999999999999,0.4256981837018143,0.40212742472931806,
H3a,L32-exit,1p6kW,Xe2,a=1/8_b=0.9_c=1L_w=0.1L,vacuum,success,10.765826274830289,8.044447084198758,0.3382928823010072,92.82496925654264,83.4,0.11300922369955203,1.9234631135801303,0.004332267680822246,0.02543821291082171,6992.999999999998,0.34060058150102696,0.3197579942581876,
H3a,L32-exit,1p6kW,Xe2,a=1/8_b=0.9_c=1L_w=0.25L,vacuum,success,8.67086588068488,8.044447084198758,0.07786971434202865,97.19110608954827,83.4,0.16536098428714952,2.814511446846585,0.6104058541992429,1.8677109691332683,5993.999999999999,0.4395284769444818,0.43524093143683984,
H3a,L32-exit,1p6kW,Xe3,a=1/16_b=0.8_c=0.9L_w=0.1L,vacuum,success,7.967139840385248,6.946746435450754,0.146887958905079,91.31081185730571,86.8,0.05196787854038827,0.920573848429735,2.147372721941438,11.690305519261072,10988.999999999998,0.4998674665518624,0.3815189908717652,
H3a,L32-exit,1p6kW,Xe3,a=1/16_b=0.8_c=0.9L_w=0.25L,vacuum,success,6.109354285612904,6.946746435450754,-0.12054451067401227,96.33903725445136,86.8,0.10989674256280356,1.9467422968268056,1.9635106260167217,8.778140850656019,5993.999999999999,0.6888507454076209,0.5538389374786974,
H3a,L32-exit,1p6kW,Xe3,a=1/16_b=0.8_c=1.1L_w=0.1L,vacuum,success,7.751701436891747,6.946746435450754,0.11587510914939024,82.76664776433171,86.8,-0.04646719165516468,-0.82313310932006,1.9583349728167603,7.907686986665429,5993.999999999999,0.4862397861151282,0.3221720692795322,
H3a,L32-exit,1p6kW,Xe3,a=1/16_b=0.8_c=1.1L_w=0.25L,vacuum,success,7.1635038328835625,6.946746435450754,0.03120272194284345,93.0842425443859,86.8,0.07239910765421535,1.2824984784461004,2.2841856544021564,10.677121607067992,4994.999999999999,0.5696241926191242,0.4409618653259338,
H3a,L32-exit,1p6kW,Xe3,a=1/16_b=0.8_c=1L_w=0.1L,vacuum,success,7.822278771163716,6.946746435450754,0.12603487745643496,86.7855451997001,86.8,-0.00016652995737219764,-0.0029499592448789295,1.992396871994816,9.050881439193704,10988.999999999998,0.49196017104154777,0.35102309838220197,
H3a,L32-exit,1p6kW,Xe3,a=1/16_b=0.8_c=1L_w=0.25L,vacuum,success,5.733432169308666,6.946746435450754,-0.17465935706970412,78.96726671431519,86.8,-0.09023886273830435,-1.598516997078534,2.5363759673824076,12.659043035494966,4994.999999999999,0.6206529881745715,0.3965096174468463,
H3a,L32-exit,1p6kW,Xe3,a=1/16_b=0.97_c=0.9L_w=0.1L,vacuum,success,5.982547632474975,6.946746435450754,-0.1387986177320743,83.94391094785128,86.8,-0.03290425175286546,-0.5828753167650452,2.0851944986378235,8.762381416061869,4994.999999999999,0.5940074620959896,0.42940433604696615,
H3a,L32-exit,1p6kW,Xe3,a=1/16_b=0.97_c=0.9L_w=0.25L,vacuum,success,4.369208974889272,6.946746435450754,-0.3710423986987274,71.71064583990692,86.8,-0.17384048571535818,-3.079460032672059,1.5190000519023685,6.841968411402087,5993.999999999999,0.8500281330396462,0.4290803666316501,
H3a,L32-exit,1p6kW,Xe3,a=1/16_b=0.97_c=1.1L_w=0.1L,vacuum,success,6.157255806003927,6.946746435450754,-0.11364897751527031,83.40302644371678,86.8,-0.039135640049345916,-0.6932599094455562,2.1717039971822114,8.621744837133388,8990.999999999998,0.6553207127824221,0.4118609489344153,
H3a,L32-exit,1p6kW,Xe3,a=1/16_b=0.97_c=1.1L_w=0.25L,vacuum,success,4.598064361425846,6.946746435450754,-0.3380981436200225,68.93754640243299,86.8,-0.20578863591667063,-3.645398693381022,1.9229814168262118,9.241986470629525,4994.999999999999,0.816304814835576,0.37679991018727355,
H3a,L32-exit,1p6kW,Xe3,a=1/16_b=0.97_c=1L_w=0.1L,vacuum,success,5.21424709512593,6.946746435450754,-0.24939723313974788,69.89026635914824,86.8,-0.19481259954898336,-3.4509660491534193,2.297322241860977,9.01488946101422,4994.999999999999,0.6016437647624724,0.3415198694389989,
H3a,L32-exit,1p6kW,Xe3,a=1/16_b=0.97_c=1L_w=0.25L,vacuum,success,4.161655450968416,6.946746435450754,-0.40092020204874823,65.0670107696454,86.8,-0.25038006025754134,-4.43530392456216,1.8720458992706606,9.024678025870335,4994.999999999999,0.8402760416786935,0.3708768977369058,
H3a,L32-exit,1p6kW,Xe3,a=1/16_b=0.9_c=0.9L_w=0.1L,vacuum,success,6.498823973143742,6.946746435450754,-0.0644794604883181,79.04646285399826,86.8,-0.08932646481568829,-1.5823545195921922,2.3622217357222355,12.470685893994336,4994.999999999999,0.5204270791537479,0.3505131377555753,
H3a,L32-exit,1p6kW,Xe3,a=1/16_b=0.9_c=0.9L_w=0.25L,vacuum,success,5.295189254487371,6.946746435450754,-0.2377454246113156,84.50270982663166,86.8,-0.026466476651708995,-0.468834729258845,1.498412921265084,7.259606110324973,5993.999999999999,0.7309253074460529,0.4916250208308442,
H3a,L32-exit,1p6kW,Xe3,a=1/16_b=0.9_c=1.1L_w=0.1L,vacuum,success,7.537347928541179,6.946746435450754,0.08501843252496699,89.61604410560614,86.8,0.03244290444246704,0.5747028786951303,1.9773509885428397,7.555016405631377,4994.999999999999,0.5549461953002799,0.3884428818647618,
H3a,L32-exit,1p6kW,Xe3,a=1/16_b=0.9_c=1.1L_w=0.25L,vacuum,success,5.461605690034545,6.946746435450754,-0.2137893989965164,79.95803272541248,86.8,-0.07882450777174567,-1.3963198519566373,2.2144122904583674,10.863150707354343,4994.999999999999,0.6756019541528602,0.4267544423259678,
H3a,L32-exit,1p6kW,Xe3,a=1/16_b=0.9_c=1L_w=0.1L,vacuum,success,7.529788747184566,6.946746435450754,0.08393027112065306,91.46594759075923,86.8,0.053755156575567085,0.9522342021957596,1.7795507631312417,6.392804662002076,10988.999999999998,0.5227744890193705,0.4050515295704594,
H3a,L32-exit,1p6kW,Xe3,a=1/16_b=0.9_c=1L_w=0.25L,vacuum,success,5.440798800224067,6.946746435450754,-0.21678459826049065,82.74046470496586,86.8,-0.046768839804540774,-0.8284765908232935,1.6962341865008337,6.541503521136481,5993.999999999999,0.6607184403318304,0.4587197488404197,
H3a,L32-exit,1p6kW,Xe3,a=1/32_b=0.8_c=0.9L_w=0.1L,vacuum,success,5.065096783748193,6.946746435450754,-0.2708677607836806,67.50384315788631,86.8,-0.22230595440223147,-3.9379911922681,1.3013689522746275,4.508387185713316,4994.999999999999,0.7337807002788923,0.32797704003654216,
H3a,L32-exit,1p6kW,Xe3,a=1/32_b=0.8_c=0.9L_w=0.25L,vacuum,success,3.9428188071837242,6.946746435450754,-0.4324222362482291,64.12657123116449,86.8,-0.26121461715248295,-4.6272303609868395,2.5207619863056565,12.968708111828724,4994.999999999999,1.0203459942202482,0.38022740155556145,
H3a,L32-exit,1p6kW,Xe3,a=1/32_b=0.8_c=1.1L_w=0.1L,vacuum,success,5.102750473468095,6.946746435450754,-0.26544742623285444,73.41375391260284,86.8,-0.1542194249700134,-2.7318869566116657,1.2910316560071873,5.14335182346308,4994.999999999999,0.781556740338156,0.3850567350933344,
H3a,L32-exit,1p6kW,Xe3,a=1/32_b=0.8_c=1.1L_w=0.25L,vacuum,success,3.64499433372041,6.946746435450754,-0.47529474875904304,52.45255679892856,86.8,-0.39570787098008575,-7.009682285932946,1.637156014630236,7.190209786646881,4994.999999999999,0.8430867441719089,0.2751760677457301,
H3a,L32-exit,1p6kW,Xe3,a=1/32_b=0.8_c=1L_w=0.1L,vacuum,success,5.172797443599603,6.946746435450754,-0.25536400505397805,83.91641436767536,86.8,-0.03322103263046826,-0.5884868637397234,1.313727692921824,5.494620021750088,4994.999999999999,0.9420323089518744,0.49629803685480006,
H3a,L32-exit,1p6kW,Xe3,a=1/32_b=0.8_c=1L_w=0.25L,vacuum,success,4.093079606482562,6.946746435450754,-0.41079185133421753,57.025008311040544,86.8,-0.3430298581677357,-6.0765289161141745,2.2806820460550146,10.825915741768886,4994.999999999999,0.841770267060062,0.2896374501972544,
H3a,L32-exit,1p6kW,Xe3,a=1/32_b=0.97_c=0.9L_w=0.1L,vacuum,success,3.2674082312753123,6.946746435450754,-0.5296491297564829,46.993170036247264,86.8,-0.45860403184046933,-8.123842849745456,3.0115568035410396,17.45665121987191,4994.999999999999,0.8850195506134502,0.2463997588017838,
H3a,L32-exit,1p6kW,Xe3,a=1/32_b=0.97_c=0.9L_w=0.25L,vacuum,success,2.8679732761921315,6.946746435450754,-0.5871487029444112,51.65585432813646,86.8,-0.40488647087400387,-7.172274626910926,3.097212506274946,17.886747348447447,3995.999999999999,1.0745051341690863,0.33918621177399205,
H3a,L32-exit,1p6kW,Xe3,a=1/32_b=0.97_c=1.1L_w=0.1L,vacuum,success,4.37889842274567,6.946746435450754,-0.36964758057107117,71.13196321971448,86.8,-0.18050733617840467,-3.1975585265888826,1.3611580064054218,5.816269558527627,8990.999999999998,1.003709266146424,0.42124902813461523,
H3a,L32-exit,1p6kW,Xe3,a=1/32_b=0.97_c=1.1L_w=0.25L,vacuum,success,3.230738376598751,6.946746435450754,-0.5349278390079718,42.44219557065908,86.8,-0.5110346132412549,-9.052613148845085,3.413623636782846,21.125979400064548,3995.999999999999,0.9472105133133224,0.20326756578648833,
H3a,L32-exit,1p6kW,Xe3,a=1/32_b=0.97_c=1L_w=0.1L,vacuum,success,3.859137748588462,6.946746435450754,-0.4444683155708052,51.07688361724832,86.8,-0.4115566403542821,-7.290431914847281,1.942155162192284,8.254531672339896,4994.999999999999,0.796189011523851,0.24645219747773517,
H3a,L32-exit,1p6kW,Xe3,a=1/32_b=0.97_c=1L_w=0.25L,vacuum,success,3.1398945301352263,6.946746435450754,-0.5480050179877498,51.56717671833825,86.8,-0.40590810232329205,-7.190372098298316,3.2654957763182417,19.77632888579851,3995.999999999999,1.086631579445882,0.30874920028390496,
H3a,L32-exit,1p6kW,Xe3,a=1/32_b=0.9_c=0.9L_w=0.1L,vacuum,success,4.155873410919882,6.946746435450754,-0.4017525399068032,54.32066782649134,86.8,-0.37418585453350994,-6.628435137450747,1.8279686300921605,9.511104926062576,4994.999999999999,0.7782300358207203,0.2588463725617502,
H3a,L32-exit,1p6kW,Xe3,a=1/32_b=0.9_c=0.9L_w=0.25L,vacuum,success,3.7870143947529153,6.946746435450754,-0.45485063692163,61.29597889633572,86.8,-0.2938251279223996,-5.204902266053935,2.8869240659467406,15.94060149081919,8990.999999999998,1.0156386059882307,0.3616939185762694,
H3a,L32-exit,1p6kW,Xe3,a=1/32_b=0.9_c=1.1L_w=0.1L,vacuum,success,4.474899587893647,6.946746435450754,-0.3558279937990447,64.05119775496155,86.8,-0.26208297517325396,-4.64261270306907,1.3689921068443083,5.013276276049677,4994.999999999999,0.8290521060110448,0.33422998437432916,
H3a,L32-exit,1p6kW,Xe3,a=1/32_b=0.9_c=1.1L_w=0.25L,vacuum,success,3.95603574515219,6.946746435450754,-0.430519627870152,59.83731272777367,86.8,-0.31063003769846004,-5.502589239229863,2.1834541879298293,11.62877383872235,8990.999999999998,0.9885576476764597,0.32995760902588556,
H3a,L32-exit,1p6kW,Xe3,a=1/32_b=0.9_c=1L_w=0.1L,vacuum,success,4.304561670565052,6.946746435450754,-0.38034852566405186,61.133789637244085,86.8,-0.29569366777368566,-5.238002114848146,1.5313005721721942,5.890691234635529,4994.999999999999,0.8712495858023792,0.31652491043400466,
H3a,L32-exit,1p6kW,Xe3,a=1/32_b=0.9_c=1L_w=0.25L,vacuum,success,3.495676215630582,6.946746435450754,-0.49678943256207136,49.59910227481143,86.8,-0.4285817710275181,-7.592019943916034,3.066937335901039,18.640407567789175,3995.999999999999,0.9282360199471313,0.2565609911854568,
H3a,L32-exit,1p6kW,Xe3,a=1/8_b=0.8_c=0.9L_w=0.1L,vacuum,success,12.131855240547516,6.946746435450754,0.7464082435247712,96.06560872287953,86.8,0.10674664427280563,1.8909405556896994,0.0005526609768107121,0.004055406153115338,7991.999999999998,0.3006451736020669,0.2773210595650578,
H3a,L32-exit,1p6kW,Xe3,a=1/8_b=0.8_c=0.9L_w=0.25L,vacuum,success,9.954952079432761,6.946746435450754,0.43303806637168757,97.01374831630272,86.8,0.11766991147814203,2.0844384318985156,0.025220984131734223,0.13033167261555723,7991.999999999998,0.3684796194321681,0.3446684952030367,
H3a,L32-exit,1p6kW,Xe3,a=1/8_b=0.8_c=1.1L_w=0.1L,vacuum,success,12.428280394479252,6.946746435450754,0.7890793207961415,96.38139093633596,86.8,0.11038468820663551,1.9553859053746858,0.002065230052455088,0.013275476024110158,6992.999999999998,0.29341046357457,0.27248934735400987,
H3a,L32-exit,1p6kW,Xe3,a=1/8_b=0.8_c=1.1L_w=0.25L,vacuum,success,10.348970418647394,6.946746435450754,0.48975790534607005,97.5947578934267,86.8,0.12436357020076838,2.2030118149850395,0.019222745870117897,0.09140298149007871,6992.999999999998,0.35445108844330897,0.33552897404643617,
H3a,L32-exit,1p6kW,Xe3,a=1/8_b=0.8_c=1L_w=0.1L,vacuum,success,12.272836841081372,6.946746435450754,0.7667028666039145,96.27021218564991,86.8,0.1091038270236164,1.9326963644183475,0.001143966746768419,0.007651617365667236,6992.999999999998,0.29718215442937995,0.2753043602952104,
H3a,L32-exit,1p6kW,Xe3,a=1/8_b=0.8_c=1L_w=0.25L,vacuum,success,10.127434933331706,6.946746435450754,0.457867366750168,97.37867667126017,86.8,0.12187415519884985,2.1589136063796257,0.019831420730447274,0.10307151195829738,6992.999999999998,0.3623482860592849,0.34135201244383173,
H3a,L32-exit,1p6kW,Xe3,a=1/8_b=0.97_c=0.9L_w=0.1L,vacuum,success,9.243736404152898,6.946746435450754,0.33065694711125576,96.89533276598532,86.8,0.11630567702748058,2.0602719930582274,0.00607879024563495,0.02902079452817264,6992.999999999998,0.39857751808891617,0.3702817920554037,
H3a,L32-exit,1p6kW,Xe3,a=1/8_b=0.97_c=0.9L_w=0.25L,vacuum,success,6.566810204263171,6.946746435450754,-0.054692687392285645,95.40474057519282,86.8,0.09913295593540103,1.7560695051413895,0.008168842306287918,0.051212866647541364,6992.999999999998,0.554204049418798,0.5053120303051641,
H3a,L32-exit,1p6kW,Xe3,a=1/8_b=0.97_c=1.1L_w=0.1L,vacuum,success,9.177733563320515,6.946746435450754,0.3211556875726096,98.02675530499313,86.8,0.12934049890545082,2.2911745520394144,0.01687994053212561,0.07516742114261808,5993.999999999999,0.40055138201688817,0.38170513470914735,
H3a,L32-exit,1p6kW,Xe3,a=1/8_b=0.97_c=1.1L_w=0.25L,vacuum,success,6.0975218157960915,6.946746435450754,-0.1222478217026729,83.6558575118065,86.8,-0.03622283972573159,-0.641661732284388,0.8927740788338728,3.4035234893750745,4994.999999999999,0.5601356859350383,0.41842106463935225,
H3a,L32-exit,1p6kW,Xe3,a=1/8_b=0.97_c=1L_w=0.1L,vacuum,success,9.228349484545767,6.946746435450754,0.3284419649249752,97.52140469235415,86.8,0.12351848723910311,2.188041773949826,0.004071321325647454,0.018616901336374825,6992.999999999998,0.39903995686342986,0.37570766515245474,
H3a,L32-exit,1p6kW,Xe3,a=1/8_b=0.97_c=1L_w=0.25L,vacuum,success,6.58694472628422,6.946746435450754,-0.05179427700576307,96.46511213445608,86.8,0.11134921813889487,1.9724718641747088,0.04052011249387747,0.29385300034041634,5993.999999999999,0.5513606237125168,0.5150278573470853,
H3a,L32-exit,1p6kW,Xe3,a=1/8_b=0.9_c=0.9L_w=0.1L,vacuum,success,10.978200022500573,6.946746435450754,0.58033694255435,96.53725979925554,86.8,0.11218041243381953,1.9871958773990885,0.0008639784712370168,0.005732635541978487,6992.999999999998,0.33355819878054016,0.309480284586141,
H3a,L32-exit,1p6kW,Xe3,a=1/8_b=0.9_c=0.9L_w=0.25L,vacuum,success,8.566234436773511,6.946746435450754,0.23312899302875933,98.53413742186436,86.8,0.13518591499843727,2.3947219228294596,0.2165395900504091,0.6497430981901477,6992.999999999998,0.4338492047885047,0.4131974900584961,
H3a,L32-exit,1p6kW,Xe3,a=1/8_b=0.9_c=1.1L_w=0.1L,vacuum,success,11.274704698197565,6.946746435450754,0.6230194671652763,97.09576521354322,86.8,0.11861480660764066,2.1011765741924915,0.0057061919703223895,0.03363344016554524,6992.999999999998,0.3246765482577471,0.30483834425957385,
H3a,L32-exit,1p6kW,Xe3,a=1/8_b=0.9_c=1.1L_w=0.25L,vacuum,success,8.702366710994957,6.946746435450754,0.25272554452036594,97.06590751395277,86.8,0.11827082389346498,2.0950831661128078,0.4693464743854858,1.4316896514742696,5993.999999999999,0.41598596044563463,0.39470283961167174,
H3a,L32-exit,1p6kW,Xe3,a=1/8_b=0.9_c=1L_w=0.1L,vacuum,success,11.115580076948591,6.946746435450754,0.6001131148566723,96.87314002721322,86.8,0.11605000031351642,2.0557428626965764,0.0022037338640951663,0.015924872367863455,6992.999999999998,0.3293879411231744,0.30778596693801347,
H3a,L32-exit,1p6kW,Xe3,a=1/8_b=0.9_c=1L_w=0.25L,vacuum,success,8.531271518281917,6.946746435450754,0.2280960011358682,97.39228398058239,86.8,0.12203092143528095,2.1616906082821195,0.38923046668668076,1.1461972393472413,6992.999999999998,0.4278262564549521,0.4053307289583405,
H3b,L32-exit,3p0kW,Xe1,a=1/16_b=0.8_c=0.9L_w=0.1L,vacuum,success,6.456020343138873,6.960964151571712,-0.07253934906687141,67.60243757834924,72.8,-0.07139508820948844,-1.0607270248266853,2.295843502293577,11.043585750196458,4994.999999999999,0.5106655783829183,0.3067072322944597,
H3b,L32-exit,3p0kW,Xe1,a=1/16_b=0.8_c=0.9L_w=0.25L,vacuum,success,6.072104071422555,6.960964151571712,-0.1276920927610957,69.49179595377917,72.8,-0.045442363272264114,-0.6751436829022097,1.751817001780097,7.944418913901108,10988.999999999998,0.5937097370371273,0.34458158206900086,
H3b,L32-exit,3p0kW,Xe1,a=1/16_b=0.8_c=1.1L_w=0.1L,vacuum,success,6.951786752447824,6.960964151571712,-0.0013184091921829206,70.84858769927335,72.8,-0.026805114020970487,-0.39824740831156147,2.3470042405624336,10.919859267109821,4994.999999999999,0.5119965674271866,0.3128456702551721,
H3b,L32-exit,3p0kW,Xe1,a=1/16_b=0.8_c=1.1L_w=0.25L,vacuum,success,5.830486425917202,6.960964151571712,-0.1624024633712933,75.68146471212927,72.8,0.03958055923254495,0.5880540228835249,1.9890062811666955,9.195741760720413,4994.999999999999,0.6688186350431038,0.4256361088473027,
H3b,L32-exit,3p0kW,Xe1,a=1/16_b=0.8_c=1L_w=0.1L,vacuum,success,6.890206547699997,6.960964151571712,-0.01016491427494832,77.03586927389728,72.8,0.058185017498588856,0.8644631171218915,2.4843107790793417,12.07352788784708,4994.999999999999,0.5551461912781558,0.37317962985709446,
H3b,L32-exit,3p0kW,Xe1,a=1/16_b=0.8_c=1L_w=0.25L,vacuum,success,6.332758445009416,6.960964151571712,-0.09024693891297428,74.30478700244932,72.8,0.020670151132545493,0.3070993882549616,1.6408151839624707,6.488389731080672,4994.999999999999,0.6161677100773277,0.37775033658121593,
H3b,L32-exit,3p0kW,Xe1,a=1/16_b=0.97_c=0.9L_w=0.1L,vacuum,success,5.679136909943443,6.960964151571712,-0.18414507153277698,78.78578967926182,72.8,0.08222238570414586,1.2215897304615955,1.1982568590967113,4.12236152670435,4994.999999999999,0.6178980079346096,0.47356286753888704,
H3b,L32-exit,3p0kW,Xe1,a=1/16_b=0.97_c=0.9L_w=0.25L,vacuum,success,3.7537762424656926,6.960964151571712,-0.46073903546563594,57.11517691520903,72.8,-0.21545086654932663,-3.2009843030185667,2.1995724329732207,11.050051084181936,4994.999999999999,0.888493130825906,0.3765293780247246,
H3b,L32-exit,3p0kW,Xe1,a=1/16_b=0.97_c=1.1L_w=0.1L,vacuum,success,5.0301343938672165,6.960964151571712,-0.27737964392023695,63.11687335015283,72.8,-0.13300998145394471,-1.9761482958871786,2.7647259437089677,12.58503130652134,3995.999999999999,0.7209960836915408,0.34314332936028213,
H3b,L32-exit,3p0kW,Xe1,a=1/16_b=0.97_c=1.1L_w=0.25L,vacuum,success,3.961739353683489,6.960964151571712,-0.4308634167022725,48.89260929304509,72.8,-0.3283982239966334,-4.879059327949982,2.8104818877967124,17.05855224233736,3995.999999999999,0.8209528118758824,0.2614356004815014,
H3b,L32-exit,3p0kW,Xe1,a=1/16_b=0.97_c=1L_w=0.1L,vacuum,success,5.807456564569439,6.960964151571712,-0.1657108931873788,78.32306123490046,72.8,0.07586622575412715,1.1271553540613173,2.2811413062719725,9.180686395893538,8990.999999999998,0.6924002212950527,0.45767536023169203,
H3b,L32-exit,3p0kW,Xe1,a=1/16_b=0.97_c=1L_w=0.25L,vacuum,success,4.085997282654216,6.960964151571712,-0.41301273879831124,54.69530966217779,72.8,-0.24869080134371171,-3.6948347628208595,1.9815096992914722,9.576590068391653,4994.999999999999,0.8046848654327647,0.31722418697267174,
H3b,L32-exit,3p0kW,Xe1,a=1/16_b=0.9_c=0.9L_w=0.1L,vacuum,success,6.186079716134348,6.960964151571712,-0.11131854992564555,79.56791229478303,72.8,0.09296582822504146,1.3812065907720443,2.307250115118044,10.575467894200433,4994.999999999999,0.6959727176622629,0.44342952825777054,
H3b,L32-exit,3p0kW,Xe1,a=1/16_b=0.9_c=0.9L_w=0.25L,vacuum,success,5.3151848227776695,6.960964151571712,-0.23642979520623492,69.60206487183297,72.8,-0.043927680331964904,-0.6526398220749071,1.6003487024678231,6.925524921578798,10988.999999999998,0.717886145765142,0.3949026724018123,
H3b,L32-exit,3p0kW,Xe1,a=1/16_b=0.9_c=1.1L_w=0.1L,vacuum,success,5.4718545660589255,6.960964151571712,-0.21392289244537505,60.41206546450979,72.8,-0.17016393592706341,-2.528149905202085,2.658215609213309,12.7477714391545,8990.999999999998,0.5488217285430518,0.2889861427216011,
H3b,L32-exit,3p0kW,Xe1,a=1/16_b=0.9_c=1.1L_w=0.25L,vacuum,success,5.078123811527877,6.960964151571712,-0.2704855676664719,59.0716488522779,72.8,-0.18857625202914968,-2.8017043158616524,1.5962204484517686,6.78036442776507,4994.999999999999,0.6291477045520142,0.29772760024886247,
H3b,L32-exit,3p0kW,Xe1,a=1/16_b=0.9_c=1L_w=0.1L,vacuum,success,6.495451058336781,6.960964151571712,-0.06687480111929947,77.89588588948699,72.8,0.06999843254789824,1.0399767121402024,1.767918235507037,6.140944995706252,4994.999999999999,0.5570135741830353,0.4047472645500296,
H3b,L32-exit,3p0kW,Xe1,a=1/16_b=0.9_c=1L_w=0.25L,vacuum,success,4.83875801727606,6.960964151571712,-0.3048724412431402,63.83814626787812,72.8,-0.12310238643024564,-1.8289497412493636,1.954597450843179,8.969764889194513,4994.999999999999,0.7592707501848235,0.3649142529946005,
H3b,L32-exit,3p0kW,Xe1,a=1/32_b=0.8_c=0.9L_w=0.1L,vacuum,success,4.374216445227559,6.960964151571712,-0.371607675318956,55.65382573950422,72.8,-0.23552437171010693,-3.499219236835874,2.3117094196628907,11.615558353717521,8990.999999999998,0.8478826355983021,0.3067990243550543,
H3b,L32-exit,3p0kW,Xe1,a=1/32_b=0.8_c=0.9L_w=0.25L,vacuum,success,3.265404680534463,6.960964151571712,-0.530897644430884,47.61166143584271,72.8,-0.3459936615955671,-5.140477257991282,2.8596799694931896,15.701093363535596,3995.999999999999,0.9920049620639998,0.30078339568417545,
H3b,L32-exit,3p0kW,Xe1,a=1/32_b=0.8_c=1.1L_w=0.1L,vacuum,success,4.783289951361079,6.960964151571712,-0.3128408870944893,65.049643031875,72.8,-0.10646094736435453,-1.5817055036989816,1.5391670606270267,6.834058755276285,8990.999999999998,0.9024086092067328,0.3832898540176471,
H3b,L32-exit,3p0kW,Xe1,a=1/32_b=0.8_c=1.1L_w=0.25L,vacuum,success,3.538506835125013,6.960964151571712,-0.49166426401922275,41.75825250127687,72.8,-0.4263976304769661,-6.335050509943496,2.5734081688964356,15.041367628273338,3995.999999999999,0.8953450041673023,0.21351519564294447,
H3b,L32-exit,3p0kW,Xe1,a=1/32_b=0.8_c=1L_w=0.1L,vacuum,success,4.596652896926291,6.960964151571712,-0.3396528416414247,61.51370672114193,72.8,-0.15503150108321526,-2.3033251589506265,2.0172285263966794,10.084334347576343,8990.999999999998,0.9309395502323835,0.3566697525653508,
H3b,L32-exit,3p0kW,Xe1,a=1/32_b=0.8_c=1L_w=0.25L,vacuum,success,2.8400377373851944,6.960964151571712,-0.5920051194712813,38.055916085128125,72.8,-0.4772538999295588,-7.090629370382016,3.2290950654696955,20.68987525385111,3995.999999999999,0.9253102883726627,0.2209451365160091,
H3b,L32-exit,3p0kW,Xe1,a=1/32_b=0.97_c=0.9L_w=0.1L,vacuum,success,3.356683496100939,6.960964151571712,-0.5177846885846934,49.196512253744245,72.8,-0.3242237327782384,-4.817038315562399,2.8985412197657388,15.607226021872744,3995.999999999999,0.9641620269103651,0.3124082053789233,
H3b,L32-exit,3p0kW,Xe1,a=1/32_b=0.97_c=0.9L_w=0.25L,vacuum,success,2.5588721697151877,6.960964151571712,-0.6323968757779881,44.764612840534674,72.8,-0.3851014719706776,-5.721507583564352,2.447098678523095,11.196106022766859,6992.999999999998,1.004110304293757,0.33930110188909907,
H3b,L32-exit,3p0kW,Xe1,a=1/32_b=0.97_c=1.1L_w=0.1L,vacuum,success,2.8141058268904113,6.960964151571712,-0.5957304526191223,37.85858451807261,72.8,-0.4799644983781235,-7.130901118760691,3.294345347265501,22.164748634879167,3995.999999999999,1.0137886479532494,0.22067468461411252,
H3b,L32-exit,3p0kW,Xe1,a=1/32_b=0.97_c=1.1L_w=0.25L,vacuum,success,2.5320903556772314,6.960964151571712,-0.636244304590261,36.53369244025007,72.8,-0.49816356538118034,-7.401287257091822,3.018896767593529,18.394697159881897,2996.9999999999995,1.0724241196525164,0.22838739613107348,
H3b,L32-exit,3p0kW,Xe1,a=1/32_b=0.97_c=1L_w=0.1L,vacuum,success,2.8160957072993518,6.960964151571712,-0.595444589861376,37.144920599577105,72.8,-0.48976757418163314,-7.276546816412835,3.40014982679987,22.331019929925557,3995.999999999999,0.9239608634946674,0.21228321367845746,
H3b,L32-exit,3p0kW,Xe1,a=1/32_b=0.97_c=1L_w=0.25L,vacuum,success,2.344825314313831,6.960964151571712,-0.6631464746468498,39.79488711804402,72.8,-0.4533669351917031,-6.73573732284816,2.9243275767019954,16.169974901437506,2996.9999999999995,1.0301970432378291,0.2926228634310161,
H3b,L32-exit,3p0kW,Xe1,a=1/32_b=0.9_c=0.9L_w=0.1L,vacuum,success,3.5691917066045127,6.960964151571712,-0.48725612876506097,45.8725683849314,72.8,-0.3698823024047886,-5.495394207156858,2.804684267595986,15.534474363320552,3995.999999999999,0.8965873740520699,0.25544678073987515,
H3b,L32-exit,3p0kW,Xe1,a=1/32_b=0.9_c=0.9L_w=0.25L,vacuum,success,2.296527225297036,6.960964151571712,-0.6700848940906406,36.1930900493619,72.8,-0.5028421696516223,-7.470797949109816,3.155084891501401,18.526424999211056,6992.999999999998,0.989408594765219,0.24714050165333845,
H3b,L32-exit,3p0kW,Xe1,a=1/32_b=0.9_c=1.1L_w=0.1L,vacuum,success,3.8102343250428223,6.960964151571712,-0.4526283655429382,49.45497455936739,72.8,-0.3206734263823161,-4.764290906251553,1.9030859330415313,9.785923392836063,3995.999999999999,0.8880088719063164,0.27812016347445206,
H3b,L32-exit,3p0kW,Xe1,a=1/32_b=0.9_c=1.1L_w=0.25L,vacuum,success,3.492974757077222,6.960964151571712,-0.4982053231392457,47.373370686915706,72.8,-0.34926688616874035,-5.189108023078428,2.658144406254814,14.756748726232601,6992.999999999998,1.0409306717160738,0.2783795455255129,
H3b,L32-exit,3p0kW,Xe1,a=1/32_b=0.9_c=1L_w=0.1L,vacuum,success,3.6590618876765295,6.960964151571712,-0.4743455348997377,47.5603191569981,72.8,-0.3466989126785976,-5.150955274082021,2.6230647770665785,14.072197277546701,3995.999999999999,0.9002806405652028,0.2678452575292661,
H3b,L32-exit,3p0kW,Xe1,a=1/32_b=0.9_c=1L_w=0.25L,vacuum,success,3.3127486627017495,6.960964151571712,-0.5240962903172306,51.31090921431245,72.8,-0.2951798184847191,-4.385528731772969,2.829321058228274,15.312368875570467,6992.999999999998,1.0248455569211228,0.34434606841328863,
H3b,L32-exit,3p0kW,Xe1,a=1/8_b=0.8_c=0.9L_w=0.1L,vacuum,success,11.440540478909556,6.960964151571712,0.6435281420500352,88.27363271635079,72.8,0.21254989994987342,3.1578842278266905,0.0011051235207765154,0.007454365325191142,6992.999999999998,0.31968297255749595,0.29510709590526907,
H3b,L32-exit,3p0kW,Xe1,a=1/8_b=0.8_c=0.9L_w=0.25L,vacuum,success,9.471179011368076,6.960964151571712,0.3606130997283736,89.32221953439799,72.8,0.2269535650329394,3.371881537632242,0.0519123473755814,0.19260506986886797,6992.999999999998,0.3888289140158097,0.36498848462121847,
H3b,L32-exit,3p0kW,Xe1,a=1/8_b=0.8_c=1.1L_w=0.1L,vacuum,success,11.741284961081083,6.960964151571712,0.6867325711525213,88.6927163383326,72.8,0.21830654310896427,3.2434114976188972,0.004132481757095728,0.02537714242195895,6992.999999999998,0.31133185651869466,0.2902849224654259,
H3b,L32-exit,3p0kW,Xe1,a=1/8_b=0.8_c=1.1L_w=0.25L,vacuum,success,9.823660440101827,6.960964151571712,0.4112499685670337,90.06208705688552,72.8,0.23711658045172415,3.522874909568473,0.06761178212576897,0.24635790371675603,5993.999999999999,0.375293206925955,0.3577460661257136,
H3b,L32-exit,3p0kW,Xe1,a=1/8_b=0.8_c=1L_w=0.1L,vacuum,success,11.585251994972774,6.960964151571712,0.6643171466925234,88.54873151257075,72.8,0.21632872956827953,3.214026839300153,0.0021310444743365526,0.013236150934719406,6992.999999999998,0.3156932874366087,0.2932401271417116,
H3b,L32-exit,3p0kW,Xe1,a=1/8_b=0.8_c=1L_w=0.25L,vacuum,success,9.564905121170542,6.960964151571712,0.37407762960693985,89.18827744312466,72.8,0.22511370114182216,3.344546416964215,0.060442615787597034,0.22174797067928953,6992.999999999998,0.3829324030881725,0.36032888800669705,
H3b,L32-exit,3p0kW,Xe1,a=1/8_b=0.97_c=0.9L_w=0.1L,vacuum,success,8.768405638269323,6.960964151571712,0.2596538995664142,89.46086573229152,72.8,0.2288580457732351,3.4001766800594924,0.17933300686013204,0.5979216611367331,6992.999999999998,0.4249861168608476,0.39546655083968185,
H3b,L32-exit,3p0kW,Xe1,a=1/8_b=0.97_c=0.9L_w=0.25L,vacuum,success,6.126849617427579,6.960964151571712,-0.11982744286304056,86.09299846690934,72.8,0.18259613278721606,2.712856829981496,0.0008897704562038828,0.005842067376353715,9989.999999999998,0.5918416157500218,0.524158511359349,
H3b,L32-exit,3p0kW,Xe1,a=1/8_b=0.97_c=1.1L_w=0.1L,vacuum,success,8.837245749864769,6.960964151571712,0.269543350236822,91.74236964338765,72.8,0.2601973852113688,3.865789723140336,0.27695302283087886,0.8990662447662525,4994.999999999999,0.42372753330567337,0.41265505566338745,
H3b,L32-exit,3p0kW,Xe1,a=1/8_b=0.97_c=1.1L_w=0.25L,vacuum,success,6.327267242280891,6.960964151571712,-0.09103579554388867,88.49212032148499,72.8,0.2155511033171014,3.2024735349969347,0.0072380782577355415,0.0456590823754176,4994.999999999999,0.5734633122601713,0.5362375471970711,
H3b,L32-exit,3p0kW,Xe1,a=1/8_b=0.97_c=1L_w=0.1L,vacuum,success,8.64360266014374,6.960964151571712,0.24172492084909042,88.95897913526991,72.8,0.2219639991108504,3.297750843932634,0.22891346411513155,0.7445561383343892,5993.999999999999,0.4241053677346179,0.3966879258858547,
H3b,L32-exit,3p0kW,Xe1,a=1/8_b=0.97_c=1L_w=0.25L,vacuum,success,6.200711120904657,6.960964151571712,-0.10921662777065129,87.39764153013412,72.8,0.20051705398535885,2.9791105163539027,0.0026886596456987323,0.018951470453350966,249749.99999999994,0.584924822705886,0.5337306249330968,
H3b,L32-exit,3p0kW,Xe1,a=1/8_b=0.9_c=0.9L_w=0.1L,vacuum,success,10.346665296390958,6.960964151571712,0.486383936348069,88.68841868780663,72.8,0.21824750944789328,3.242534426082986,0.0016995082556374485,0.010565777946176389,6992.999999999998,0.354753465668993,0.3293802980377787,
H3b,L32-exit,3p0kW,Xe1,a=1/8_b=0.9_c=0.9L_w=0.25L,vacuum,success,7.93287558700568,6.960964151571712,0.13962310597656508,88.2415390805186,72.8,0.21210905330382684,3.1513345062282845,0.3309552786056264,1.1538172686774175,6992.999999999998,0.4586813347272468,0.4252846432972097,
H3b,L32-exit,3p0kW,Xe1,a=1/8_b=0.9_c=1.1L_w=0.1L,vacuum,success,10.64341891579774,6.960964151571712,0.5290150450486903,89.28859629012705,72.8,0.22649170728196485,3.3650196510463344,0.005850314307246518,0.031135834313280694,5993.999999999999,0.3443188476518994,0.3245450805479652,
H3b,L32-exit,3p0kW,Xe1,a=1/8_b=0.9_c=1.1L_w=0.25L,vacuum,success,8.187132316994349,6.960964151571712,0.17614918547537428,89.28635317743955,72.8,0.22646089529449923,3.364561872946845,0.8086484739898111,2.4122167930127603,5993.999999999999,0.4437597040336025,0.4218932296581659,
H3b,L32-exit,3p0kW,Xe1,a=1/8_b=0.9_c=1L_w=0.1L,vacuum,success,10.483534934177728,6.960964151571712,0.506046390399907,89.05164640430354,72.8,0.2232369011580155,3.3166625314905156,0.0026659929065668774,0.015268031314504547,6992.999999999998,0.34984901669907237,0.32774823016038757,
H3b,L32-exit,3p0kW,Xe1,a=1/8_b=0.9_c=1L_w=0.25L,vacuum,success,8.124698936604654,6.960964151571712,0.16718011466417085,88.9839508438726,72.8,0.22230701708616207,3.3028471109944078,0.5809323148340906,1.819479727040687,5993.999999999999,0.4483559753167099,0.42226033420613923,
H3b,L32-exit,3p0kW,Xe2,a=1/16_b=0.8_c=0.9L_w=0.1L,vacuum,success,6.854144829531018,8.044447084198758,-0.14796570133524553,77.75728151061226,83.4,-0.06765849507659165,-1.1515752019158658,2.3033127226749173,10.862776214273632,4994.999999999999,0.5413338302860454,0.35242605695716245,
H3b,L32-exit,3p0kW,Xe2,a=1/16_b=0.8_c=0.9L_w=0.25L,vacuum,success,5.300827072213995,8.044447084198758,-0.34105762437966647,68.27158617049426,83.4,-0.1813958492746491,-3.08743139377668,2.048567959215907,10.951774611980799,10988.999999999998,0.6513900560579621,0.35129785652305684,
H3b,L32-exit,3p0kW,Xe2,a=1/16_b=0.8_c=1.1L_w=0.1L,vacuum,success,7.9660677433607265,8.044447084198758,-0.009743285028499665,86.68224076131678,83.4,0.03935540481195179,0.6698450533299548,2.019823734080314,7.9097331408455,4994.999999999999,0.5294803745114852,0.3768386279938923,
H3b,L32-exit,3p0kW,Xe2,a=1/16_b=0.8_c=1.1L_w=0.25L,vacuum,success,5.960980796607932,8.044447084198758,-0.25899434302741065,76.79281464188027,83.4,-0.07922284602062026,-1.3484051751264752,2.1313434475617297,10.242924202564026,4994.999999999999,0.6367204243722051,0.3952415550149398,
H3b,L32-exit,3p0kW,Xe2,a=1/16_b=0.8_c=1L_w=0.1L,vacuum,success,6.811704570384545,8.044447084198758,-0.1532414224261128,73.58446729088574,83.4,-0.11769223871839635,-2.003169940635562,2.3157316212327537,9.867843172143266,4994.999999999999,0.5061784031423352,0.31758182991023703,
H3b,L32-exit,3p0kW,Xe2,a=1/16_b=0.8_c=1L_w=0.25L,vacuum,success,6.117279780522044,8.044447084198758,-0.23956491770107322,86.9556987988376,83.4,0.042634278163520424,0.7256528160893067,1.8217101827343936,8.032036722205145,10988.999999999998,0.6823626832480212,0.4938293586367773,
H3b,L32-exit,3p0kW,Xe2,a=1/16_b=0.97_c=0.9L_w=0.1L,vacuum,success,5.921584125825899,8.044447084198758,-0.2638917176225419,83.51333040693977,83.4,0.0013588777810523785,0.023128654477503747,1.7026153700712106,6.2546565339441,4994.999999999999,0.6105296919385536,0.47055766613929967,
H3b,L32-exit,3p0kW,Xe2,a=1/16_b=0.97_c=0.9L_w=0.25L,vacuum,success,4.226213819059535,8.044447084198758,-0.4746421009641741,63.42333790266423,83.4,-0.23952832251002124,-4.07686981578281,1.3730773238525513,5.954088771328646,5993.999999999999,0.8485789933686466,0.38026457954715087,
H3b,L32-exit,3p0kW,Xe2,a=1/16_b=0.97_c=1.1L_w=0.1L,vacuum,success,5.236546436969186,8.044447084198758,-0.3490483084592562,68.48473738578875,83.4,-0.1788400793070893,-3.0439311457573974,2.6235710017381106,10.822379868338647,3995.999999999999,0.674856929790822,0.35783414628825166,
H3b,L32-exit,3p0kW,Xe2,a=1/16_b=0.97_c=1.1L_w=0.25L,vacuum,success,4.531732352356468,8.044447084198758,-0.4366632902268836,63.72942506509553,83.4,-0.23585821264873463,-4.0144030479396875,1.8230838179622686,8.495520244231276,4994.999999999999,0.8072524093254237,0.35805925130936567,
H3b,L32-exit,3p0kW,Xe2,a=1/16_b=0.97_c=1L_w=0.1L,vacuum,success,5.538581540116732,8.044447084198758,-0.3115025206647393,78.9065790154941,83.4,-0.05387794945450726,-0.9170246907154908,1.344545879844383,4.700817935267979,4994.999999999999,0.6075504205681574,0.4491247893766239,
H3b,L32-exit,3p0kW,Xe2,a=1/16_b=0.97_c=1L_w=0.25L,vacuum,success,4.024339248386836,8.044447084198758,-0.49973699792349774,59.167368317455335,83.4,-0.2905591328842286,-4.945435037254012,1.532905378868436,6.886926672763771,4994.999999999999,0.8191274356482092,0.3475434211590548,
H3b,L32-exit,3p0kW,Xe2,a=1/16_b=0.9_c=0.9L_w=0.1L,vacuum,success,6.704856301672544,8.044447084198758,-0.16652366141577268,80.84703150859843,83.4,-0.030611132990426556,-0.521013977837056,2.2097602378512335,10.025547510084944,4994.999999999999,0.5483777628324898,0.3894734276126031,
H3b,L32-exit,3p0kW,Xe2,a=1/16_b=0.9_c=0.9L_w=0.25L,vacuum,success,5.2708859932890455,8.044447084198758,-0.34477958048324514,77.90859296019282,83.4,-0.06584420911039779,-1.120695314246362,1.4787558774131748,6.735297365816714,5993.999999999999,0.7467563342774564,0.4600724732873961,
H3b,L32-exit,3p0kW,Xe2,a=1/16_b=0.9_c=1.1L_w=0.1L,vacuum,success,6.7541464174008246,8.044447084198758,-0.16039643909553417,77.78973030692846,83.4,-0.06726942078023436,-1.1449529985860296,2.1879707332473726,8.761959271879524,4994.999999999999,0.5649174042200159,0.35794245374536915,
H3b,L32-exit,3p0kW,Xe2,a=1/16_b=0.9_c=1.1L_w=0.25L,vacuum,success,5.307235446186256,8.044447084198758,-0.3402610035671747,78.09600096449964,83.4,-0.0635971107374145,-1.0824487827551774,1.8321396262986436,8.301153810572197,4994.999999999999,0.7009101610315307,0.45912229958421,
H3b,L32-exit,3p0kW,Xe2,a=1/16_b=0.9_c=1L_w=0.1L,vacuum,success,6.645590240747164,8.044447084198758,-0.17389098701379835,80.31908266569023,83.4,-0.03694145484783905,-0.6287586396550564,1.9336585538647,6.92794683571452,4994.999999999999,0.5491718286091567,0.3878314912184088,
H3b,L32-exit,3p0kW,Xe2,a=1/16_b=0.9_c=1L_w=0.25L,vacuum,success,5.7197530073447345,8.044447084198758,-0.28898121306811575,79.99447846657877,83.4,-0.04083359152783252,-0.6950043945757616,1.4923269432660682,6.647519121696127,10988.999999999998,0.7088127455282257,0.4469736256592879,
H3b,L32-exit,3p0kW,Xe2,a=1/32_b=0.8_c=0.9L_w=0.1L,vacuum,success,4.502740476070088,8.044447084198758,-0.44026725156604474,56.798419290087395,83.4,-0.3189637974809665,-5.428894022431144,2.208189537234703,10.494601822565668,4994.999999999999,0.7676569556114617,0.2862429063736132,
H3b,L32-exit,3p0kW,Xe2,a=1/32_b=0.8_c=0.9L_w=0.25L,vacuum,success,4.1247930979428284,8.044447084198758,-0.4872496450321712,61.01776747396067,83.4,-0.2683720926383613,-4.567802556334557,2.702682290678134,14.151700914463312,12986.999999999998,0.9605021858684012,0.3606198335387914,
H3b,L32-exit,3p0kW,Xe2,a=1/32_b=0.8_c=1.1L_w=0.1L,vacuum,success,4.06177082026764,8.044447084198758,-0.4950839034983596,57.976139832567924,83.4,-0.3048424480507443,-5.188542891312667,1.4547284194365704,5.724315970982171,4994.999999999999,0.8921470515325236,0.33061482722359614,
H3b,L32-exit,3p0kW,Xe2,a=1/32_b=0.8_c=1.1L_w=0.25L,vacuum,success,3.6487620680874424,8.044447084198758,-0.546424753634778,51.477029438111174,83.4,-0.3827694311977078,-6.5148919514058825,2.6096131603974495,14.405111096188302,3995.999999999999,0.9309401664208241,0.2901486542747367,
H3b,L32-exit,3p0kW,Xe2,a=1/32_b=0.8_c=1L_w=0.1L,vacuum,success,4.627309928349585,8.044447084198758,-0.42478210373976577,62.79218748320012,83.4,-0.24709607334292427,-4.205676023836711,1.8067801724201773,8.520287227651604,4994.999999999999,0.7966525136556983,0.34042526740116935,
H3b,L32-exit,3p0kW,Xe2,a=1/32_b=0.8_c=1L_w=0.25L,vacuum,success,3.649847515547931,8.044447084198758,-0.5462898223649062,51.59278576660185,83.4,-0.38138146562827524,-6.491268210897582,2.862797400339983,17.25551266653956,3995.999999999999,0.9469951245118469,0.29136835789457216,
H3b,L32-exit,3p0kW,Xe2,a=1/32_b=0.97_c=0.9L_w=0.1L,vacuum,success,4.243092703044154,8.044447084198758,-0.4725438978424489,63.57810511163174,83.4,-0.23767260057995515,-4.045284671095563,2.7384621430307248,14.134699870949296,12986.999999999998,0.9535475722077863,0.3806026344798734,
H3b,L32-exit,3p0kW,Xe2,a=1/32_b=0.97_c=0.9L_w=0.25L,vacuum,success,2.8620634735656667,8.044447084198758,-0.6442187457249297,49.900582020436026,83.4,-0.40167167841203805,-6.836615914196728,2.7556747996393347,14.256824729753586,3995.999999999999,1.008930558238184,0.3475930717325357,
H3b,L32-exit,3p0kW,Xe2,a=1/32_b=0.97_c=1.1L_w=0.1L,vacuum,success,3.669198299932702,8.044447084198758,-0.5438843389075309,51.58786583263907,83.4,-0.38144045764221746,-6.492272279053251,2.362034440524472,12.902057463970678,3995.999999999999,0.9927019234904653,0.28977645164872906,
H3b,L32-exit,3p0kW,Xe2,a=1/32_b=0.97_c=1.1L_w=0.25L,vacuum,success,3.4766875220842697,8.044447084198758,-0.5678152288535373,51.92484085746405,83.4,-0.37739998971865646,-6.4235018658236624,3.0901185692840634,17.506635433722902,6992.999999999998,0.982156013611921,0.30983026595380947,
H3b,L32-exit,3p0kW,Xe2,a=1/32_b=0.97_c=1L_w=0.1L,vacuum,success,3.565646001698805,8.044447084198758,-0.5567568579445817,48.60405653146453,83.4,-0.41721754758435814,-7.1012129527623395,3.121347323297789,17.888253220194304,3995.999999999999,0.9157748081857869,0.26469513605433764,
H3b,L32-exit,3p0kW,Xe2,a=1/32_b=0.97_c=1L_w=0.25L,vacuum,success,2.945782745531152,8.044447084198758,-0.6338116573210628,52.10066004013178,83.4,-0.3752918460415854,-6.387620399973105,3.179754888776993,17.55862101339354,6992.999999999998,1.0903419196823434,0.36815006950025775,
H3b,L32-exit,3p0kW,Xe2,a=1/32_b=0.9_c=0.9L_w=0.1L,vacuum,success,3.8229863910346955,8.044447084198758,-0.5247670410382875,54.00757356212517,83.4,-0.3524271755140867,-5.998454375076496,2.6818279738870863,14.040955549026693,8990.999999999998,0.8964853779737086,0.30482159418423543,
H3b,L32-exit,3p0kW,Xe2,a=1/32_b=0.9_c=0.9L_w=0.25L,vacuum,success,3.133540498516126,8.044447084198758,-0.6104716128133706,50.729402194104836,83.4,-0.3917337866414288,-6.667468939978605,3.0426406349939237,17.23297841091497,3995.999999999999,1.0148336947375947,0.328112916727961,
H3b,L32-exit,3p0kW,Xe2,a=1/32_b=0.9_c=1.1L_w=0.1L,vacuum,success,4.6089750465727946,8.044447084198758,-0.4270613010027827,62.340817734519895,83.4,-0.25250818064124825,-4.297792299077572,1.487611347418113,5.860240642789759,8990.999999999998,0.8336466975431513,0.3368835329498389,
H3b,L32-exit,3p0kW,Xe2,a=1/32_b=0.9_c=1.1L_w=0.25L,vacuum,success,2.6995321351530306,8.044447084198758,-0.6644229109971318,37.81523198644058,83.4,-0.5465799522009523,-9.303013880318248,3.650276463297564,24.47989392202506,3995.999999999999,0.9465312029251491,0.21163338908772966,
H3b,L32-exit,3p0kW,Xe2,a=1/32_b=0.9_c=1L_w=0.1L,vacuum,success,4.5274616326393575,8.044447084198758,-0.4371941806252429,70.9461362359682,83.4,-0.1493269036454653,-2.541604849802409,2.163639233455479,10.488390944321907,8990.999999999998,1.0344163705737148,0.4441624794623409,
H3b,L32-exit,3p0kW,Xe2,a=1/32_b=0.9_c=1L_w=0.25L,vacuum,success,2.829347194204703,8.044447084198758,-0.6482856851949185,41.17408600787719,83.4,-0.5063059231669401,-8.617533467780165,3.4172336374394443,22.459237927902038,3995.999999999999,0.9551800769595542,0.23938715388988757,
H3b,L32-exit,3p0kW,Xe2,a=1/8_b=0.8_c=0.9L_w=0.1L,vacuum,success,11.770766407011964,8.044447084198758,0.46321633840225007,91.56010639666181,83.4,0.09784300235805517,1.6653278360534285,0.0006093325636187366,0.004841380226893496,6992.999999999998,0.3096063446959593,0.2845423975823877,
H3b,L32-exit,3p0kW,Xe2,a=1/8_b=0.8_c=0.9L_w=0.25L,vacuum,success,9.707251117973593,8.044447084198758,0.20670209106614482,92.59210885735591,83.4,0.11021713258220518,1.8759405831338596,0.0196085395833153,0.08510373522685641,6992.999999999998,0.377994361739368,0.3528505811167651,
H3b,L32-exit,3p0kW,Xe2,a=1/8_b=0.8_c=1.1L_w=0.1L,vacuum,success,12.064261288931405,8.044447084198758,0.49970049683446055,92.02125034986834,83.4,0.1033723063533374,1.7594388469119058,0.002819673918623301,0.017409161726053075,6992.999999999998,0.30218586847416895,0.2804236745193797,
H3b,L32-exit,3p0kW,Xe2,a=1/8_b=0.8_c=1.1L_w=0.25L,vacuum,success,10.04318262496791,8.044447084198758,0.24846151884013915,93.17190708083925,83.4,0.11716914965035069,1.994266751191683,0.014162690249733474,0.06187872300233796,6992.999999999998,0.3651904009122808,0.3453327445451566,
H3b,L32-exit,3p0kW,Xe2,a=1/8_b=0.8_c=1L_w=0.1L,vacuum,success,11.913242407049395,8.044447084198758,0.480927437567448,91.86125909983198,83.4,0.10145394604115078,1.7267875713942804,0.0014619942687393774,0.009746492065263618,6992.999999999998,0.3060481574015135,0.2829918701620228,
H3b,L32-exit,3p0kW,Xe2,a=1/8_b=0.8_c=1L_w=0.25L,vacuum,success,9.85526690225575,8.044447084198758,0.2251018372181079,92.95732432337755,83.4,0.11459621490860375,1.9504743517097043,0.013505083957526781,0.06011051914612223,6992.999999999998,0.3724144830696301,0.35029826719884,
H3b,L32-exit,3p0kW,Xe2,a=1/8_b=0.97_c=0.9L_w=0.1L,vacuum,success,8.956331195132176,8.044447084198758,0.11335572244916359,92.01147135573689,83.4,0.10325505222706091,1.7574431338238528,0.04555069646743416,0.19408499322756967,6992.999999999998,0.410710651147914,0.3776530152970643,
H3b,L32-exit,3p0kW,Xe2,a=1/8_b=0.97_c=0.9L_w=0.25L,vacuum,success,6.32198028053027,8.044447084198758,-0.2141187312987402,90.22381673058408,83.4,0.08182034449141577,1.3926156593028725,0.0018403248353372936,0.015976931067585298,6992.999999999998,0.5748925947633222,0.5144325067879725,
H3b,L32-exit,3p0kW,Xe2,a=1/8_b=0.97_c=1.1L_w=0.1L,vacuum,success,8.857357926445472,8.044447084198758,0.10105241960550247,93.21493040310104,83.4,0.11768501682375346,2.003047021041028,0.11476382463415917,0.4388530933618596,5993.999999999999,0.4146300497928521,0.3919276602084677,
H3b,L32-exit,3p0kW,Xe2,a=1/8_b=0.97_c=1.1L_w=0.25L,vacuum,success,6.461474592991246,8.044447084198758,-0.19677828378246817,92.24773200152633,83.4,0.10608791368736609,1.8056595921482308,0.01591690199789678,0.09884938263880677,4994.999999999999,0.560554318639812,0.526161302868782,
H3b,L32-exit,3p0kW,Xe2,a=1/8_b=0.97_c=1L_w=0.1L,vacuum,success,8.907804032169599,8.044447084198758,0.10732334229243462,92.543270297934,83.4,0.10963153834453244,1.865973530190613,0.07336695798472624,0.29773583120226305,5993.999999999999,0.41225035472260385,0.3841122708151329,
H3b,L32-exit,3p0kW,Xe2,a=1/8_b=0.97_c=1L_w=0.25L,vacuum,success,6.369467609990542,8.044447084198758,-0.20821561217032325,91.2958543780362,83.4,0.09467451292609344,1.6113988526604475,0.002949771673198243,0.020503638040732318,5993.999999999999,0.5694170606656677,0.522803072699137,
H3b,L32-exit,3p0kW,Xe2,a=1/8_b=0.9_c=0.9L_w=0.1L,vacuum,success,10.67902517302234,8.044447084198758,0.32750269362807194,92.21015345744631,83.4,0.1056373316240564,1.7979905015196536,0.0011296238280276553,0.00717668505577417,6992.999999999998,0.3433794028187616,0.31810099657597407,
H3b,L32-exit,3p0kW,Xe2,a=1/8_b=0.9_c=0.9L_w=0.25L,vacuum,success,8.202693529280932,8.044447084198758,0.019671512961159036,92.22097735368706,83.4,0.10576711455260263,1.8001994599361344,0.2813894964256095,0.9496920488989204,6992.999999999998,0.44512293511887585,0.4142305312493605,
H3b,L32-exit,3p0kW,Xe2,a=1/8_b=0.9_c=1.1L_w=0.1L,vacuum,success,10.942389465800215,8.044447084198758,0.36024133806457836,92.78308362251144,83.4,0.11250699787183988,1.9149150250023355,0.004438493678427448,0.025535321552831076,6992.999999999998,0.33473982129401386,0.31431462293747625,
H3b,L32-exit,3p0kW,Xe2,a=1/8_b=0.9_c=1.1L_w=0.25L,vacuum,success,8.336173085425052,8.044447084198758,0.03626427002041133,91.14086085442936,83.4,0.09281607739123936,1.5797675213121147,0.6865796059653265,2.0862643972379424,5993.999999999999,0.4272922444225227,0.3981059602143017,
H3b,L32-exit,3p0kW,Xe2,a=1/8_b=0.9_c=1L_w=0.1L,vacuum,success,10.798261423050548,8.044447084198758,0.34232487454121585,92.57158619618514,83.4,0.10997105750821502,1.871752284935741,0.0018238942299584062,0.012515999253188444,6992.999999999998,0.3394998567730774,0.31705946587324846,
H3b,L32-exit,3p0kW,Xe2,a=1/8_b=0.9_c=1L_w=0.25L,vacuum,success,8.635601787172694,8.044447084198758,0.07348605774722633,96.29650077173982,83.4,0.15463430181942225,2.6319389330081253,0.49704517654063707,1.4997887169415338,5993.999999999999,0.43847251529098785,0.4290101376608078,
H3b,L32-exit,3p0kW,Xe3,a=1/16_b=0.8_c=0.9L_w=0.1L,vacuum,success,7.1324762470262675,6.946746435450754,0.026736230162035884,81.43503322682821,86.8,-0.06180837296280863,-1.0948911781983242,2.3624460564869105,12.982633952173575,4994.999999999999,0.4898399597529606,0.33896621521243275,
H3b,L32-exit,3p0kW,Xe3,a=1/16_b=0.8_c=0.9L_w=0.25L,vacuum,success,6.375488283046696,6.946746435450754,-0.08223391449683601,96.65605472281905,86.8,0.1135490175439982,2.0114397393508248,1.7607512275402437,7.864927420863778,5993.999999999999,0.6840527218144863,0.5342184328633008,
H3b,L32-exit,3p0kW,Xe3,a=1/16_b=0.8_c=1.1L_w=0.1L,vacuum,success,7.105119154861973,6.946746435450754,0.0227981143234204,77.46783855634588,86.8,-0.10751338068725944,-1.904522743602881,2.1299278330478755,10.428914407441303,4994.999999999999,0.46980881458590806,0.30792553485438756,
H3b,L32-exit,3p0kW,Xe3,a=1/16_b=0.8_c=1.1L_w=0.25L,vacuum,success,6.336362864001018,6.946746435450754,-0.08786610784220025,90.80472655868805,86.8,0.046137402749862215,0.8172911344261305,2.4787314090642427,12.671497941522185,4994.999999999999,0.6331738954902804,0.47440697136572046,
H3b,L32-exit,3p0kW,Xe3,a=1/16_b=0.8_c=1L_w=0.1L,vacuum,success,7.2052720268085935,6.946746435450754,0.03721534876219571,80.75856414916305,86.8,-0.06960179551655477,-1.2329460920075415,2.4057407511173703,12.49797294990585,4994.999999999999,0.49933531814467425,0.3299901587780608,
H3b,L32-exit,3p0kW,Xe3,a=1/16_b=0.8_c=1L_w=0.25L,vacuum,success,6.7229084617228105,6.946746435450754,-0.03222198705650886,82.94787267351774,86.8,-0.04437934707928881,-0.7861484339759731,1.939520481997996,8.631876527387433,10988.999999999998,0.5652749613763821,0.3731019330173236,
H3b,L32-exit,3p0kW,Xe3,a=1/16_b=0.97_c=0.9L_w=0.1L,vacuum,success,6.226270910373385,6.946746435450754,-0.10371409576728262,85.05976149449172,86.8,-0.020048830708620728,-0.3551507154098528,2.176495795083329,9.808060519582714,4994.999999999999,0.5872536668993676,0.4236376013380247,
H3b,L32-exit,3p0kW,Xe3,a=1/16_b=0.97_c=0.9L_w=0.25L,vacuum,success,4.309354597738437,6.946746435450754,-0.37965857286126553,73.60649554678979,86.8,-0.15199889923053242,-2.692551929226574,1.1131587232171007,5.137277663390528,5993.999999999999,0.8206256957079434,0.4583468415866714,
H3b,L32-exit,3p0kW,Xe3,a=1/16_b=0.97_c=1.1L_w=0.1L,vacuum,success,6.571936466611211,6.946746435450754,-0.05395475023052608,85.3984316543794,86.8,-0.01614710075599778,-0.2860343562491035,2.2055850293598973,7.9025146916856865,3995.999999999999,0.6052842856331361,0.4045578438119603,
H3b,L32-exit,3p0kW,Xe3,a=1/16_b=0.97_c=1.1L_w=0.25L,vacuum,success,4.661082386043922,6.946746435450754,-0.3290265551859778,75.49561093679507,86.8,-0.1302348970415314,-2.30701817616427,0.8393143360015749,5.793374133923198,4994.999999999999,0.7968256256884761,0.4457905120496227,
H3b,L32-exit,3p0kW,Xe3,a=1/16_b=0.97_c=1L_w=0.1L,vacuum,success,5.811546495231275,6.946746435450754,-0.16341462161715115,82.21985246175757,86.8,-0.05276667670786209,-0.934723987396414,1.6436644791562498,5.4021544993664525,4994.999999999999,0.5785239259545085,0.42406835145019556,
H3b,L32-exit,3p0kW,Xe3,a=1/16_b=0.97_c=1L_w=0.25L,vacuum,success,4.747803508765137,6.946746435450754,-0.31654285169585783,78.92867577845693,86.8,-0.09068345877353756,-1.6063926982740937,0.9709922857161319,4.405865814820828,5993.999999999999,0.8086533299041887,0.47835584875486653,
H3b,L32-exit,3p0kW,Xe3,a=1/16_b=0.9_c=0.9L_w=0.1L,vacuum,success,7.850220540420634,6.946746435450754,0.13005715889661032,97.18666417832667,86.8,0.11966202970422422,2.1197273833319716,1.7130855028506617,10.219544079742823,4994.999999999999,0.505880441519573,0.43863742769639896,
H3b,L32-exit,3p0kW,Xe3,a=1/16_b=0.9_c=0.9L_w=0.25L,vacuum,success,5.424719367180869,6.946746435450754,-0.21909926933602328,77.66113988385442,86.8,-0.10528640686803661,-1.865073493090934,1.4101894819911691,6.069726298670521,5993.999999999999,0.6161387758567953,0.40532597651645896,
H3b,L32-exit,3p0kW,Xe3,a=1/16_b=0.9_c=1.1L_w=0.1L,vacuum,success,6.880895391681896,6.946746435450754,-0.009479408004991523,81.1276853728505,86.8,-0.06534924685656118,-1.1576152300305123,2.153526233534091,8.702421791154483,4994.999999999999,0.5476848980750566,0.34871241360464394,
H3b,L32-exit,3p0kW,Xe3,a=1/16_b=0.9_c=1.1L_w=0.25L,vacuum,success,5.544593664609161,6.946746435450754,-0.20184309070014456,83.01390517472099,86.8,-0.04361860397786884,-0.772672413322248,2.035649620066928,8.893732362265238,4994.999999999999,0.63381225941177,0.4531126189364889,
H3b,L32-exit,3p0kW,Xe3,a=1/16_b=0.9_c=1L_w=0.1L,vacuum,success,6.946787939427783,6.946746435450754,5.9745921943539384e-06,84.08228496984198,86.8,-0.03131008099260397,-0.5546357204404131,2.1946873968508678,9.893232364509764,4994.999999999999,0.5160927121223774,0.371021572184678,
H3b,L32-exit,3p0kW,Xe3,a=1/16_b=0.9_c=1L_w=0.25L,vacuum,success,5.776524317164724,6.946746435450754,-0.16845614406107187,88.805202712649,86.8,0.02310141374019593,0.40922504339775645,1.3045356647590227,4.838774054853652,5993.999999999999,0.6373459592834917,0.4977192137575677,
H3b,L32-exit,3p0kW,Xe3,a=1/32_b=0.8_c=0.9L_w=0.1L,vacuum,success,5.061967826825825,6.946746435450754,-0.2713181812720981,65.07538501887224,86.8,-0.25028358273188667,-4.433594894107706,1.7448356506387703,7.771488863955822,4994.999999999999,0.7067873827508887,0.3049918992966744,
H3b,L32-exit,3p0kW,Xe3,a=1/32_b=0.8_c=0.9L_w=0.25L,vacuum,success,3.3600765671970256,6.946746435450754,-0.5163093113562018,53.60623893873008,86.8,-0.38241660208836314,-6.774236951279575,3.023645662803914,17.884396037303745,4994.999999999999,0.9876660498992266,0.3117853422138582,
H3b,L32-exit,3p0kW,Xe3,a=1/32_b=0.8_c=1.1L_w=0.1L,vacuum,success,4.868181031874004,6.946746435450754,-0.299214232575034,67.11659757040238,86.8,-0.2267673090967468,-4.017020903999515,1.2523310222262387,4.693642526079388,4994.999999999999,0.7230175823371441,0.33733960865445534,
H3b,L32-exit,3p0kW,Xe3,a=1/32_b=0.8_c=1.1L_w=0.25L,vacuum,success,4.042748075494717,6.946746435450754,-0.4180371900630061,57.909085087490574,86.8,-0.33284464184918694,-5.896105084185597,1.7590025928710442,7.556673749187624,4994.999999999999,0.8079395818705869,0.3024063597776522,
H3b,L32-exit,3p0kW,Xe3,a=1/32_b=0.8_c=1L_w=0.1L,vacuum,success,4.771849961773402,6.946746435450754,-0.3130813099177456,68.41032311106578,86.8,-0.2118626369692883,-3.752995283455964,1.3636104423971827,5.4820057267282705,4994.999999999999,0.765528402470841,0.35754498897725445,
H3b,L32-exit,3p0kW,Xe3,a=1/32_b=0.8_c=1L_w=0.25L,vacuum,success,3.5382559236286184,6.946746435450754,-0.49065998644025194,56.96327954883276,86.8,-0.34374101902266413,-6.089126622687192,2.6823391993332257,15.670438327852052,4994.999999999999,0.9964084423218851,0.33432967024413074,
H3b,L32-exit,3p0kW,Xe3,a=1/32_b=0.97_c=0.9L_w=0.1L,vacuum,success,4.010626355660587,6.946746435450754,-0.4226611849263001,67.98062233501953,86.8,-0.21681310673940635,-3.840689319383769,2.990148438515995,15.923997147882018,8990.999999999998,0.9976032819916971,0.42008024742024297,
H3b,L32-exit,3p0kW,Xe3,a=1/32_b=0.97_c=0.9L_w=0.25L,vacuum,success,2.965537047277648,6.946746435450754,-0.5731041754822274,53.47847393335116,86.8,-0.3838885491549406,-6.800311442173232,3.165392863601898,18.00053565855567,3995.999999999999,1.0404472770831221,0.3515837952537372,
H3b,L32-exit,3p0kW,Xe3,a=1/32_b=0.97_c=1.1L_w=0.1L,vacuum,success,4.501316033240463,6.946746435450754,-0.3520252862161096,66.80552102833727,86.8,-0.23035114022652917,-4.080505912584231,1.4845641143113628,7.093729691507521,3995.999999999999,0.8827143041955967,0.36145929561975504,
H3b,L32-exit,3p0kW,Xe3,a=1/32_b=0.97_c=1.1L_w=0.25L,vacuum,success,2.6501305990380173,6.946746435450754,-0.6185076533794546,40.79711270712833,86.8,-0.5299871807934525,-9.388344345484015,4.056971223117145,28.22368003177147,10988.999999999998,1.038013384582952,0.22896324544960364,
H3b,L32-exit,3p0kW,Xe3,a=1/32_b=0.97_c=1L_w=0.1L,vacuum,success,4.500344881812541,6.946746435450754,-0.35216508568006666,68.38820244551484,86.8,-0.21211748334660338,-3.7575097049969735,2.777061192721688,15.16615668527754,12986.999999999998,0.952949480269047,0.37887048391093836,
H3b,L32-exit,3p0kW,Xe3,a=1/32_b=0.97_c=1L_w=0.25L,vacuum,success,2.7489155922755057,6.946746435450754,-0.6042873282019922,45.883154263247846,86.8,-0.47139223199023217,-8.350376680969825,3.611089079275413,23.689641070009756,3995.999999999999,1.0282255277620784,0.279202511052744,
H3b,L32-exit,3p0kW,Xe3,a=1/32_b=0.9_c=0.9L_w=0.1L,vacuum,success,4.439285138191614,6.946746435450754,-0.36095477509629853,64.39646580405649,86.8,-0.2581052326721603,-4.572149835906839,2.6087481831069974,14.047636952837859,4994.999999999999,0.8639306424131866,0.34055339780634597,
H3b,L32-exit,3p0kW,Xe3,a=1/32_b=0.9_c=0.9L_w=0.25L,vacuum,success,3.996083665616568,6.946746435450754,-0.42475463834066457,64.16038063555189,86.8,-0.2608251078853469,-4.62033048254043,2.908419543098742,15.823212446396552,12986.999999999998,0.9745140094013051,0.37555494387910815,
H3b,L32-exit,3p0kW,Xe3,a=1/32_b=0.9_c=1.1L_w=0.1L,vacuum,success,4.593705151550524,6.946746435450754,-0.3387256618281257,70.94413847192003,86.8,-0.1826712157612901,-3.235890107771424,1.434814537327026,5.538679606627003,4994.999999999999,0.8543422253260909,0.39943315821421993,
H3b,L32-exit,3p0kW,Xe3,a=1/32_b=0.9_c=1.1L_w=0.25L,vacuum,success,3.5854098234674265,6.946746435450754,-0.4838720749658714,56.40759974556379,86.8,-0.35014286007414985,-6.202530664170654,3.0395297594247563,18.328366211874368,3995.999999999999,0.9786906160312241,0.3235270728396453,
H3b,L32-exit,3p0kW,Xe3,a=1/32_b=0.9_c=1L_w=0.1L,vacuum,success,4.469135540565371,6.946746435450754,-0.356657741563964,65.35700558836731,86.8,-0.2470391061248006,-4.376121308496467,1.7347969979032678,7.6838594487064436,4994.999999999999,0.8371421185100314,0.3484455790167566,
H3b,L32-exit,3p0kW,Xe3,a=1/32_b=0.9_c=1L_w=0.25L,vacuum,success,3.4492233115398867,6.946746435450754,-0.5034764340990263,55.02875854930503,86.8,-0.36602812731215406,-6.483926826672443,3.363853444562856,20.485862200588947,3995.999999999999,0.9769394183397133,0.32006067014276723,
H3b,L32-exit,3p0kW,Xe3,a=1/8_b=0.8_c=0.9L_w=0.1L,vacuum,success,12.222606321269636,6.946746435450754,0.7594720686644073,95.85679880794261,86.8,0.10434100009150468,1.8483262873352255,0.000275867868438869,0.0020440114322960766,6992.999999999998,0.2984373140231292,0.2740666626781321,
H3b,L32-exit,3p0kW,Xe3,a=1/8_b=0.8_c=0.9L_w=0.25L,vacuum,success,10.026925590200692,6.946746435450754,0.44339881747102733,96.74988845429158,86.8,0.11463005131672327,2.030589480467669,0.0135535589356988,0.07018495697127296,7991.999999999998,0.365610361167415,0.3403355737350034,
H3b,L32-exit,3p0kW,Xe3,a=1/8_b=0.8_c=1.1L_w=0.1L,vacuum,success,12.48913943948463,6.946746435450754,0.7978401191887244,96.25754133634622,86.8,0.10895784949707621,1.9301104768053496,0.0012152818080250426,0.008267469185339195,6992.999999999998,0.2921420553786436,0.2704650837455967,
H3b,L32-exit,3p0kW,Xe3,a=1/8_b=0.8_c=1.1L_w=0.25L,vacuum,success,10.365289549936424,6.946746435450754,0.4921070815310177,97.37731453695096,86.8,0.12185846240726912,2.15863561978591,0.007533560400107186,0.03910466791041079,6992.999999999998,0.3537651045937355,0.3335096010305471,
H3b,L32-exit,3p0kW,Xe3,a=1/8_b=0.8_c=1L_w=0.1L,vacuum,success,12.346883184471626,6.946746435450754,0.7773620066888871,96.10246053595498,86.8,0.1071712043312785,1.8984613338683616,0.0006313958675734549,0.0048827691747958925,6992.999999999998,0.29549708446944795,0.27270045808697047,
H3b,L32-exit,3p0kW,Xe3,a=1/8_b=0.8_c=1L_w=0.25L,vacuum,success,10.178066229037038,6.946746435450754,0.4651558572940216,97.2085820859579,86.8,0.11991454016080522,2.124200425705692,0.008909371500626375,0.04506258905990489,6992.999999999998,0.36064406043753855,0.3384684064725803,
H3b,L32-exit,3p0kW,Xe3,a=1/8_b=0.97_c=0.9L_w=0.1L,vacuum,success,9.284376730803459,6.946746435450754,0.33650721486295665,96.78910108632041,86.8,0.11508180975023513,2.0385920584327364,0.0018879926518711866,0.010253295299904026,6992.999999999998,0.3967295400406746,0.3678530411376018,
H3b,L32-exit,3p0kW,Xe3,a=1/8_b=0.97_c=0.9L_w=0.25L,vacuum,success,6.602083241775317,6.946746435450754,-0.04961505315877749,95.14323745886956,86.8,0.0961202472219995,1.7027015222182766,0.005082717041478929,0.03249892478540125,6992.999999999998,0.5521940515487236,0.4998607620340472,
H3b,L32-exit,3p0kW,Xe3,a=1/8_b=0.97_c=1.1L_w=0.1L,vacuum,success,9.134868066951874,6.946746435450754,0.31498510156274906,97.46972397585942,86.8,0.12292308727948649,2.1774946889509033,0.03645649916776228,0.15700252220515593,5993.999999999999,0.402246470585769,0.3791502838600495,
H3b,L32-exit,3p0kW,Xe3,a=1/8_b=0.97_c=1.1L_w=0.25L,vacuum,success,6.618060252861051,6.946746435450754,-0.04731512595772114,96.63519751578849,86.8,0.11330872714042034,2.0071831664874455,0.028426672622379627,0.17635423248816182,4994.999999999999,0.5462218742650938,0.5144156266884256,
H3b,L32-exit,3p0kW,Xe3,a=1/8_b=0.97_c=1L_w=0.1L,vacuum,success,9.248134419416564,6.946746435450754,0.33129005144355467,97.20590439474216,86.8,0.11988369118366547,2.123653958110645,0.016913819604213277,0.07530824727649103,5993.999999999999,0.3985560799113589,0.3724820505052,
H3b,L32-exit,3p0kW,Xe3,a=1/8_b=0.97_c=1L_w=0.25L,vacuum,success,6.568062985486326,6.946746435450754,-0.05451234667670095,95.85975054383768,86.8,0.10437500626541099,1.8489286824158517,0.004583998518674628,0.028626234228415964,5993.999999999999,0.5520069733999146,0.5100461485879098,
H3b,L32-exit,3p0kW,Xe3,a=1/8_b=0.9_c=0.9L_w=0.1L,vacuum,success,11.04727317578757,6.946746435450754,0.5902801805764695,96.28319699401699,86.8,0.10925342159005752,1.9353463253095902,0.0005274424470027928,0.003884854768234052,6992.999999999998,0.3314204057764318,0.3059286170205103,
H3b,L32-exit,3p0kW,Xe3,a=1/8_b=0.9_c=0.9L_w=0.25L,vacuum,success,8.601077253882575,6.946746435450754,0.2381446960535961,97.954592242846,86.8,0.12850912722172808,2.276447396499183,0.18974001581813146,0.6337355963384128,6992.999999999998,0.4309145205157899,0.40669697875989486,
H3b,L32-exit,3p0kW,Xe3,a=1/8_b=0.9_c=1.1L_w=0.1L,vacuum,success,11.293178514932869,6.946746435450754,0.6256788152366307,96.9116399153495,86.8,0.11649354741186055,2.0635999827243867,0.0025833936944568837,0.017669153498711513,6992.999999999998,0.3241822020176245,0.30318651741469926,
H3b,L32-exit,3p0kW,Xe3,a=1/8_b=0.9_c=1.1L_w=0.25L,vacuum,success,8.746753419396743,6.946746435450754,0.25911511247339664,97.46745942945051,86.8,0.12289699803514409,2.1770325366225523,0.46376341728116266,1.355864970780366,5993.999999999999,0.4165551270318872,0.39595570146939274,
H3b,L32-exit,3p0kW,Xe3,a=1/8_b=0.9_c=1L_w=0.1L,vacuum,success,11.157156803696202,6.946746435450754,0.6060981795389581,96.65860726110998,86.8,0.11357842466716557,2.011960665532647,0.0010344850352188534,0.006635895935435135,6992.999999999998,0.32823786767517255,0.30528236816852716,
H3b,L32-exit,3p0kW,Xe3,a=1/8_b=0.9_c=1L_w=0.25L,vacuum,success,8.665016120872085,6.946746435450754,0.24734884184812456,98.4061578583213,86.8,0.13371149606360938,2.3686036445553658,0.3465362694846116,1.0614642652754984,6992.999999999998,0.42673391786219206,0.407426589645301,
