hypothesis,registration,coil,point,combo,mode,retcode,Id_A,Id_target_A,Id_err_rel,T_mN,T_target_mN,T_err_rel,T_err_sigma,Id_rms_rel,Id_pp_rel,Id_f_dominant_Hz,current_eff,anode_eff,error
H1a,L38-hist,1p6kW,Xe1,a=1/16_b=0.8_c=0.9L_w=0.1L,facility,success,8.842579350667584,7.582322357019064,0.16620989379090206,96.89332569118659,82.32639228613156,0.1769412335527415,2.9728435520520446,2.4207074549000493,14.07467337651475,8990.999999999998,0.5089382233627636,0.46001601860539054,
H1a,L38-hist,1p6kW,Xe1,a=1/16_b=0.8_c=0.9L_w=0.25L,facility,success,7.077264442575417,7.582322357019064,-0.06660992380205355,98.00660756497011,82.32639228613156,0.19046401577201125,3.2000439344568457,0.49334059074900505,2.1066121716235755,5993.999999999999,0.584182449012408,0.5880435428007661,
H1a,L38-hist,1p6kW,Xe1,a=1/16_b=0.8_c=1.1L_w=0.1L,facility,success,7.522350801764918,7.582322357019064,-0.007909391401518197,75.39009824531486,82.32639228613156,-0.08425358925858303,-1.4155702124115725,2.809404966403043,15.31416069999203,3995.999999999999,0.5070466697636685,0.32737026604958963,
H1a,L38-hist,1p6kW,Xe1,a=1/16_b=0.8_c=1.1L_w=0.25L,facility,success,7.099339372209839,7.582322357019064,-0.06369855593941094,93.05062925098292,82.32639228613156,0.13026487213940424,2.188619788745176,1.4818969124237384,6.224084025205194,4994.999999999999,0.6031810725154129,0.5284268625804772,
H1a,L38-hist,1p6kW,Xe1,a=1/16_b=0.8_c=1L_w=0.1L,facility,success,7.492382377026058,7.582322357019064,-0.011861798504220459,92.71499169407838,82.32639228613156,0.1261879589213682,2.1201223281524104,2.994816274071743,18.984283573406945,3995.999999999999,0.6334447105700823,0.4971004878132488,
H1a,L38-hist,1p6kW,Xe1,a=1/16_b=0.8_c=1L_w=0.25L,facility,success,7.51336572333439,7.582322357019064,-0.00909439488824153,103.55402064851786,82.32639228613156,0.2578471833019001,4.332169053548224,0.6956137493138624,2.762822887392804,5993.999999999999,0.6055482921856433,0.6183916228984282,
H1a,L38-hist,1p6kW,Xe1,a=1/16_b=0.97_c=0.9L_w=0.1L,facility,success,6.81136644741897,7.582322357019064,-0.10167807082040094,101.4370095793706,82.32639228613156,0.2321323303809871,3.9001259782120483,0.009161627882393608,0.07339647870824505,4994.999999999999,0.6287295686362042,0.6545198539110599,
H1a,L38-hist,1p6kW,Xe1,a=1/16_b=0.97_c=0.9L_w=0.25L,facility,success,4.979018523163146,7.582322357019064,-0.34333858563082625,84.08819787887937,82.32639228613156,0.021400252626454546,0.35955216178526817,0.21406357994029757,1.020684544761194,4994.999999999999,0.854582586894188,0.6153051409789503,
H1a,L38-hist,1p6kW,Xe1,a=1/16_b=0.97_c=1.1L_w=0.1L,facility,success,5.866217740182353,7.582322357019064,-0.22632968318052157,75.73356304484656,82.32639228613156,-0.08008160030104473,-1.3454753553642855,3.578496630004167,20.35504475200054,6992.999999999998,0.7044281292060598,0.4236261841235211,
H1a,L38-hist,1p6kW,Xe1,a=1/16_b=0.97_c=1.1L_w=0.25L,facility,success,5.196485543511972,7.582322357019064,-0.31465779231853525,74.973057035463,82.32639228613156,-0.089319294171321,-1.5006806634017462,0.17038252867683543,0.996089100952405,65933.99999999999,0.8208031402277705,0.46866757893183886,
H1a,L38-hist,1p6kW,Xe1,a=1/16_b=0.97_c=1L_w=0.1L,facility,success,6.395547426186196,7.582322357019064,-0.1565186594492719,84.18275836540889,82.32639228613156,0.022548857392236905,0.3788502202606801,2.6577801743631286,11.83135961990901,3995.999999999999,0.6457185127413705,0.48010118238108807,
H1a,L38-hist,1p6kW,Xe1,a=1/16_b=0.97_c=1L_w=0.25L,facility,success,5.034731466642551,7.582322357019064,-0.33599084428508524,78.02094746950601,82.32639228613156,-0.05229726090342516,-0.878662207474602,0.23764967167034579,1.5362535291293196,5993.999999999999,0.8542502469450778,0.5238540713868383,
H1a,L38-hist,1p6kW,Xe1,a=1/16_b=0.9_c=0.9L_w=0.1L,facility,success,8.21725770883738,7.582322357019064,0.08373890239980995,106.20454806878166,82.32639228613156,0.29004253823803877,4.873093016867366,1.820387623300702,7.369629391694085,4994.999999999999,0.5513353808372781,0.5947350289166123,
H1a,L38-hist,1p6kW,Xe1,a=1/16_b=0.9_c=0.9L_w=0.25L,facility,success,6.003881037970524,7.582322357019064,-0.20817386082080166,87.56091430168551,82.32639228613156,0.06358255074947264,1.068269799092643,0.4686846262432771,1.9509767935385942,5993.999999999999,0.7050765070496707,0.5532898364564571,
H1a,L38-hist,1p6kW,Xe1,a=1/16_b=0.9_c=1.1L_w=0.1L,facility,success,7.562936421059521,7.582322357019064,-0.0025567280111213797,97.68017736221499,82.32639228613156,0.18649894219486982,3.133425525731311,3.143061469279699,18.74663585027132,10988.999999999998,0.6969670093786217,0.5466213936293576,
H1a,L38-hist,1p6kW,Xe1,a=1/16_b=0.9_c=1.1L_w=0.25L,facility,success,6.110620728495834,7.582322357019064,-0.19409642049323506,85.95702163056428,82.32639228613156,0.044100430537684726,0.7409447641699445,0.5323500692821114,2.64467650917772,4994.999999999999,0.7117496867369629,0.523891780284636,
H1a,L38-hist,1p6kW,Xe1,a=1/16_b=0.9_c=1L_w=0.1L,facility,success,7.073375693935895,7.582322357019064,-0.06712279419405448,89.54317647929142,82.32639228613156,0.08766063947120842,1.4728131006448677,1.7801391865635003,7.344690799782033,4994.999999999999,0.5632661125182008,0.4911367849977646,
H1a,L38-hist,1p6kW,Xe1,a=1/16_b=0.9_c=1L_w=0.25L,facility,success,6.160999839896528,7.582322357019064,-0.18745213540107503,89.17271061004973,82.32639228613156,0.08316067464882076,1.3972078212077905,0.4533505723220016,2.192090214212276,5993.999999999999,0.7110565645672806,0.5592125822621052,
H1a,L38-hist,1p6kW,Xe1,a=1/32_b=0.8_c=0.9L_w=0.1L,facility,success,5.174726020020092,7.582322357019064,-0.31752756261677867,69.51401867417455,82.32639228613156,-0.15562899400992392,-2.614770124889186,2.967937598781855,17.28026645409199,3995.999999999999,0.8627775056894107,0.4045960395546863,
H1a,L38-hist,1p6kW,Xe1,a=1/32_b=0.8_c=0.9L_w=0.25L,facility,success,3.4394837813846038,7.582322357019064,-0.546381224717962,46.63390999425988,82.32639228613156,-0.43354848063570883,-7.284180059565648,3.419963386904315,21.76523967413675,3995.999999999999,0.8764973655326787,0.27395207226289403,
H1a,L38-hist,1p6kW,Xe1,a=1/32_b=0.8_c=1.1L_w=0.1L,facility,success,5.133681690325915,7.582322357019064,-0.3229407233558736,66.79374086446255,82.32639228613156,-0.1886715910941915,-3.1699288615651042,1.9626372366221205,8.218517576264334,3995.999999999999,0.8068166356454298,0.3765362500169949,
H1a,L38-hist,1p6kW,Xe1,a=1/32_b=0.8_c=1.1L_w=0.25L,facility,success,3.9784013804843825,7.582322357019064,-0.4753056922195454,54.088494321838105,82.32639228613156,-0.3429993369094873,-5.762836319243561,3.8749262278616388,26.439409278428336,2996.9999999999995,0.9269302505868916,0.318614387149854,
H1a,L38-hist,1p6kW,Xe1,a=1/32_b=0.8_c=1L_w=0.1L,facility,success,5.207834446432593,7.582322357019064,-0.31316103415048996,66.20800061209442,82.32639228613156,-0.19578644498372358,-3.289467688579008,2.5524397074681,12.708474407158988,3995.999999999999,0.7851196868454049,0.3646934570030572,
H1a,L38-hist,1p6kW,Xe1,a=1/32_b=0.8_c=1L_w=0.25L,facility,success,4.961578058333604,7.582322357019064,-0.3456387337923452,70.46904820795918,82.32639228613156,-0.1440284670432454,-2.4198661384025284,3.2434152646442516,19.345865543587916,6992.999999999998,0.9465836925559933,0.4336518252253991,
H1a,L38-hist,1p6kW,Xe1,a=1/32_b=0.97_c=0.9L_w=0.1L,facility,success,3.5961568288579104,7.582322357019064,-0.5257182879426253,57.99540234707676,82.32639228613156,-0.29554301194798643,-4.9655081508275085,3.650612958846637,22.974779967579984,6992.999999999998,0.9769645651490835,0.40524037060578183,
H1a,L38-hist,1p6kW,Xe1,a=1/32_b=0.97_c=0.9L_w=0.25L,facility,success,2.978903918160648,7.582322357019064,-0.6071251289648699,53.4775789664501,82.32639228613156,-0.35041998706095656,-5.88751292238397,3.28065296913103,19.555435343188652,6992.999999999998,1.026183698787157,0.4159596223278625,
H1a,L38-hist,1p6kW,Xe1,a=1/32_b=0.97_c=1.1L_w=0.1L,facility,success,4.138737401403707,7.582322357019064,-0.45415966157487114,55.44386716676369,82.32639228613156,-0.3265359306154901,-5.486229616197525,4.0219833551356485,27.445092901051556,2996.9999999999995,0.9499183498415824,0.32181282850952103,
H1a,L38-hist,1p6kW,Xe1,a=1/32_b=0.97_c=1.1L_w=0.25L,facility,success,2.589072051484214,7.582322357019064,-0.6585383831528248,43.537194643758774,82.32639228613156,-0.47116357908115314,-7.91616278415771,4.5532714234503935,36.529536871739914,2996.9999999999995,1.0744056582396784,0.31720567013403494,
H1a,L38-hist,1p6kW,Xe1,a=1/32_b=0.97_c=1L_w=0.1L,facility,success,5.202526765739927,7.582322357019064,-0.3138610414098427,75.68243817781338,82.32639228613156,-0.08070260245616764,-1.3559090016975879,3.306837324159629,19.03425634716115,9989.999999999998,0.9465293826099328,0.4770238595323768,
H1a,L38-hist,1p6kW,Xe1,a=1/32_b=0.97_c=1L_w=0.25L,facility,success,3.383172647084173,7.582322357019064,-0.553807858887413,57.32256563825647,82.32639228613156,-0.30371580672419624,-5.102821764872467,3.5538471792782746,22.23149020898272,2996.9999999999995,1.004895454930068,0.42081506131401947,
H1a,L38-hist,1p6kW,Xe1,a=1/32_b=0.9_c=0.9L_w=0.1L,facility,success,3.8582539661612425,7.582322357019064,-0.4911514197771344,58.15432066142936,82.32639228613156,-0.29361266725608903,-4.933075841775959,3.526304789645715,22.27783779248353,3995.999999999999,0.9628344142003514,0.37978460649460033,
H1a,L38-hist,1p6kW,Xe1,a=1/32_b=0.9_c=0.9L_w=0.25L,facility,success,3.2381668673569877,7.582322357019064,-0.5729320497222898,53.183579365863956,82.32639228613156,-0.3539911334749076,-5.947512840870939,3.549013157092966,22.819074597245958,6992.999999999998,1.0118054198106525,0.37846009715126616,
H1a,L38-hist,1p6kW,Xe1,a=1/32_b=0.9_c=1.1L_w=0.1L,facility,success,4.899133859405327,7.582322357019064,-0.35387423157100023,65.25949019483849,82.32639228613156,-0.20730778572168893,-3.483041243121033,2.6701850768809097,13.452399081739712,6992.999999999998,0.8732616765918483,0.3766450318041806,
H1a,L38-hist,1p6kW,Xe1,a=1/32_b=0.9_c=1.1L_w=0.25L,facility,success,3.8948660700641606,7.582322357019064,-0.4863228063023952,56.836632324723496,82.32639228613156,-0.3096183283826709,-5.201991828858788,3.8999751645546015,26.71028915732563,2996.9999999999995,0.9706754511414704,0.3593588473350501,
H1a,L38-hist,1p6kW,Xe1,a=1/32_b=0.9_c=1L_w=0.1L,facility,success,4.03969734313099,7.582322357019064,-0.46722163040306713,57.303975706250455,82.32639228613156,-0.3039416144085826,-5.106615628547164,3.7477993235976577,25.024175235376028,6992.999999999998,0.9291221047371825,0.3521963695149712,
H1a,L38-hist,1p6kW,Xe1,a=1/32_b=0.9_c=1L_w=0.25L,facility,success,3.59164245903515,7.582322357019064,-0.5263136688312499,58.050923924924014,82.32639228613156,-0.2948686039446054,-4.954177216572967,3.751159551633999,24.36029913425097,2996.9999999999995,1.0214282459850677,0.4065269774889179,
H1a,L38-hist,1p6kW,Xe1,a=1/8_b=0.8_c=0.9L_w=0.1L,facility,success,12.766166788440932,7.582322357019064,0.6836750255840957,102.7520147472135,82.32639228613156,0.2481053996644374,4.168494379812637,0.00325468662550304,0.019337742899458946,6992.999999999998,0.33397769830888074,0.35833099361062726,
H1a,L38-hist,1p6kW,Xe1,a=1/8_b=0.8_c=0.9L_w=0.25L,facility,success,10.454907498956262,7.582322357019064,0.37885294329091734,104.55339411627004,82.32639228613156,0.26998634596894355,4.536122822477241,0.1519358392159948,0.5052181016673674,6992.999999999998,0.41058519398344745,0.45302302175653825,
H1a,L38-hist,1p6kW,Xe1,a=1/8_b=0.8_c=1.1L_w=0.1L,facility,success,13.242746152400679,7.582322357019064,0.7465290354137583,103.32447434309155,82.32639228613156,0.2550589364341338,4.285322868767345,0.009947685016829516,0.059306074416538956,5993.999999999999,0.3222247776329495,0.34929514586780785,
H1a,L38-hist,1p6kW,Xe1,a=1/8_b=0.8_c=1.1L_w=0.25L,facility,success,10.761968881887823,7.582322357019064,0.4193499531084055,103.5387921065149,82.32639228613156,0.25766220565888576,4.329061187833333,0.4201052378857586,1.3418317004616378,5993.999999999999,0.3927129771685197,0.43159723314177234,
H1a,L38-hist,1p6kW,Xe1,a=1/8_b=0.8_c=1L_w=0.1L,facility,success,12.98955936684574,7.582322357019064,0.7131373153531411,103.09203279244194,82.32639228613156,0.2522355216798258,4.237885817614363,0.005523971455445659,0.03049422145544935,5993.999999999999,0.32833904807984454,0.35450305555210826,
H1a,L38-hist,1p6kW,Xe1,a=1/8_b=0.8_c=1L_w=0.25L,facility,success,10.6334218656063,7.582322357019064,0.4023964380468195,104.40004799023859,82.32639228613156,0.2681236853837635,4.50482769471572,0.30474175760790645,0.8866487745068974,5993.999999999999,0.40186532908190165,0.4441120407352417,
H1a,L38-hist,1p6kW,Xe1,a=1/8_b=0.97_c=0.9L_w=0.1L,facility,success,9.381378470108938,7.582322357019064,0.2372698005149389,102.76726950387484,82.32639228613156,0.24829069573095677,4.171607595457811,0.1763511705662777,0.6708620834524512,5993.999999999999,0.450425379837842,0.487761113883239,
H1a,L38-hist,1p6kW,Xe1,a=1/8_b=0.97_c=0.9L_w=0.25L,facility,success,6.842414516195206,7.582322357019064,-0.09758327409265502,103.2307558551418,82.32639228613156,0.2539205592339763,4.266196646736782,0.012873401878744013,0.07152517804320546,7991.999999999998,0.6227336064113411,0.6747968236520886,
H1a,L38-hist,1p6kW,Xe1,a=1/8_b=0.97_c=1.1L_w=0.1L,facility,success,9.740494813126746,7.582322357019064,0.2846321159255161,106.41330535359388,82.32639228613156,0.29257826559126326,4.915696544380066,0.5574650151588778,1.6283070026995758,4994.999999999999,0.4423997183842153,0.5037035857924623,
H1a,L38-hist,1p6kW,Xe1,a=1/8_b=0.97_c=1.1L_w=0.25L,facility,success,7.116535074810406,7.582322357019064,-0.06143068841929043,102.35492025070229,82.32639228613156,0.24328198295098466,4.087454686647088,0.020299093036587734,0.11322260908122869,6992.999999999998,0.6021790136470583,0.6378419074503558,
H1a,L38-hist,1p6kW,Xe1,a=1/8_b=0.97_c=1L_w=0.1L,facility,success,9.370296783742576,7.582322357019064,0.235808284393021,102.52983349338066,82.32639228613156,0.2454066144065992,4.123151266785532,0.37603280973802344,1.2006000020672354,4994.999999999999,0.4458340992675372,0.48608403048275234,
H1a,L38-hist,1p6kW,Xe1,a=1/8_b=0.97_c=1L_w=0.25L,facility,success,6.818802890112595,7.582322357019064,-0.10069731026400741,100.22750703886804,82.32639228613156,0.21744077756401387,3.653288725048261,0.20893811996927902,0.6585957219454709,6992.999999999998,0.6210375684087334,0.6383074532161234,
H1a,L38-hist,1p6kW,Xe1,a=1/8_b=0.9_c=0.9L_w=0.1L,facility,success,11.46453825698165,7.582322357019064,0.5120088169779228,103.5347949481784,82.32639228613156,0.25761365308387907,4.328245441234047,0.003818214896981192,0.01750858796028499,5993.999999999999,0.373170184792947,0.40511682753606065,
H1a,L38-hist,1p6kW,Xe1,a=1/8_b=0.9_c=0.9L_w=0.25L,facility,success,8.764295591089914,7.582322357019064,0.15588538424202983,104.1679363386501,82.32639228613156,0.2653042778384678,4.457457969901741,0.014042381354944641,0.08831003577659513,5993.999999999999,0.48455277466350966,0.5364327693969939,
H1a,L38-hist,1p6kW,Xe1,a=1/8_b=0.9_c=1.1L_w=0.1L,facility,success,11.957909452163678,7.582322357019064,0.5770774294625012,104.24828687670993,82.32639228613156,0.2662802775856759,4.473856038893542,0.02337000921964222,0.08474573059357451,5993.999999999999,0.3575421906791213,0.393773774694218,
H1a,L38-hist,1p6kW,Xe1,a=1/8_b=0.9_c=1.1L_w=0.25L,facility,success,9.124826340924345,7.582322357019064,0.20343423970590802,103.73692212899118,82.32639228613156,0.2600688460687761,4.369495886297883,0.40644434216091374,1.4523427615005284,4994.999999999999,0.45872731749821843,0.5109828264923942,
H1a,L38-hist,1p6kW,Xe1,a=1/8_b=0.9_c=1L_w=0.1L,facility,success,11.69708222594335,7.582322357019064,0.5426780444272715,104.03512415238113,82.32639228613156,0.2636910383586255,4.430353442091747,0.008324382437113096,0.034684642828993924,5993.999999999999,0.36581775429691177,0.4009097628818432,
H1a,L38-hist,1p6kW,Xe1,a=1/8_b=0.9_c=1L_w=0.25L,facility,success,8.994873668509229,7.582322357019064,0.1862953386811029,105.15457101015089,82.32639228613156,0.27728870523899884,4.658811984493738,0.09273730052803755,0.44687147742606964,5993.999999999999,0.473525745594362,0.5326297733688347,
H1a,L38-hist,1p6kW,Xe2,a=1/16_b=0.8_c=0.9L_w=0.1L,facility,success,8.915011824174197,8.589692369157012,0.037873237018977414,106.03930749206873,93.01516772729975,0.1400216769264226,2.6579877070957085,1.9718046159658902,12.873118700362905,4994.999999999999,0.49428835517282815,0.5039076975175113,
H1a,L38-hist,1p6kW,Xe2,a=1/16_b=0.8_c=0.9L_w=0.25L,facility,success,7.418619618541328,8.589692369157012,-0.13633465557167707,106.44353162789102,93.01516772729975,0.14436746423938415,2.740482428692095,0.28198407534405645,1.333192155280925,6992.999999999998,0.5726303825315202,0.6101752634731742,
H1a,L38-hist,1p6kW,Xe2,a=1/16_b=0.8_c=1.1L_w=0.1L,facility,success,7.49177584972186,8.589692369157012,-0.12781790921610167,81.27248352585849,93.01516772729975,-0.12624483176623694,-2.3964661635594426,2.703758788072321,13.975174415614369,3995.999999999999,0.5358383365816278,0.35224224274801047,
H1a,L38-hist,1p6kW,Xe2,a=1/16_b=0.8_c=1.1L_w=0.25L,facility,success,6.8304926485558815,8.589692369157012,-0.20480357677509906,99.7166312861645,93.01516772729975,0.07204699752315634,1.3676456242581094,3.0665811456526955,19.757421086745904,3995.999999999999,0.6878316973660805,0.581597215869246,
H1a,L38-hist,1p6kW,Xe2,a=1/16_b=0.8_c=1L_w=0.1L,facility,success,7.412690046686738,8.589692369157012,-0.13702496805316727,84.22546437191797,93.01516772729975,-0.09449752734039343,-1.7938170113024057,2.708143660425901,14.768745703946875,3995.999999999999,0.5216022448332337,0.38234035376821046,
H1a,L38-hist,1p6kW,Xe2,a=1/16_b=0.8_c=1L_w=0.25L,facility,success,7.4318755825277485,8.589692369157012,-0.13479141474107192,106.04909292230779,93.01516772729975,0.140126879448529,2.6599847336751097,0.9953820056502634,3.4100927803961336,5993.999999999999,0.5746811403481286,0.6045811972063277,
H1a,L38-hist,1p6kW,Xe2,a=1/16_b=0.97_c=0.9L_w=0.1L,facility,success,6.926287029888156,8.589692369157012,-0.19365132856697423,104.69162596115353,93.01516772729975,0.12553284070923365,2.382950659970157,0.07001264539885013,0.3978331658218027,5993.999999999999,0.6105197018047834,0.6322117382235627,
H1a,L38-hist,1p6kW,Xe2,a=1/16_b=0.97_c=0.9L_w=0.25L,facility,success,4.993893924173432,8.589692369157012,-0.4186178375718093,85.94115723482393,93.01516772729975,-0.076052225301741,-1.4436756107093527,0.33429305724804326,1.252749554028111,5993.999999999999,0.8632303567665017,0.5908840021664508,
H1a,L38-hist,1p6kW,Xe2,a=1/16_b=0.97_c=1.1L_w=0.1L,facility,success,5.289236114601276,8.589692369157012,-0.38423451186758173,64.01509753503595,93.01516772729975,-0.3117778626953155,-5.918381671890572,3.754923613370644,22.714064872888436,6992.999999999998,0.5976038314606876,0.30953589504666507,
H1a,L38-hist,1p6kW,Xe2,a=1/16_b=0.97_c=1.1L_w=0.25L,facility,success,5.279899568256994,8.589692369157012,-0.38532145956524394,79.63228924518322,93.01516772729975,-0.1438784534727952,-2.7311996902278652,0.2285651857173017,1.6706527930175084,60938.999999999985,0.7898805736243061,0.47983496407757664,
H1a,L38-hist,1p6kW,Xe2,a=1/16_b=0.97_c=1L_w=0.1L,facility,success,6.419059236345533,8.589692369157012,-0.25270208053149446,90.41252312129446,93.01516772729975,-0.02798086236468111,-0.5311519604092454,2.7231022275556254,12.062670189774865,3995.999999999999,0.6536339029436548,0.5087740420769089,
H1a,L38-hist,1p6kW,Xe2,a=1/16_b=0.97_c=1L_w=0.25L,facility,success,5.092578604149368,8.589692369157012,-0.40712910482856424,80.40743974746451,93.01516772729975,-0.13554486099297666,-2.5730057101704595,0.21498115440745447,1.2665841422894608,5993.999999999999,0.7977839744346287,0.5072170890240075,
H1a,L38-hist,1p6kW,Xe2,a=1/16_b=0.9_c=0.9L_w=0.1L,facility,success,8.360943706761738,8.589692369157012,-0.02663060009187773,110.22985637412556,93.01516772729975,0.18507399456931078,3.5132017646583273,1.9097672841125954,8.284161062245351,4994.999999999999,0.5376067218553432,0.5806070889765961,
H1a,L38-hist,1p6kW,Xe2,a=1/16_b=0.9_c=0.9L_w=0.25L,facility,success,6.118166583805924,8.589692369157012,-0.2877315832899429,94.1758003635092,93.01516772729975,0.012477885753129678,0.23686380330804915,0.16861352320247724,0.8987650599618652,40958.99999999999,0.6855835634653767,0.5791572433529794,
H1a,L38-hist,1p6kW,Xe2,a=1/16_b=0.9_c=1.1L_w=0.1L,facility,success,7.380398407106912,8.589692369157012,-0.1407843156749488,87.91769159232663,93.01516772729975,-0.054802633371772345,-1.0403012520353303,2.877424417284096,15.52991387800591,3995.999999999999,0.6039075687975097,0.41841948153174424,
H1a,L38-hist,1p6kW,Xe2,a=1/16_b=0.9_c=1.1L_w=0.25L,facility,success,6.180668603306906,8.589692369157012,-0.2804551853917589,90.85385041504263,93.01516772729975,-0.02323618142143919,-0.4410851657667617,0.5920114421783119,2.980861351911555,4994.999999999999,0.6851267186154582,0.5335687272659679,
H1a,L38-hist,1p6kW,Xe2,a=1/16_b=0.9_c=1L_w=0.1L,facility,success,8.2645174213342,8.589692369157012,-0.03785641369304653,104.52094337136651,93.01516772729975,0.123697843321631,2.3481174783809697,2.4380666564293985,13.062334129568544,3995.999999999999,0.5915756481024168,0.5281147443434686,
H1a,L38-hist,1p6kW,Xe2,a=1/16_b=0.9_c=1L_w=0.25L,facility,success,6.345132499039125,8.589692369157012,-0.26130852813511957,93.8988786075898,93.01516772729975,0.009500718021397105,0.1803491592428635,0.3074747547356437,1.6809361301093733,4994.999999999999,0.6680326712409662,0.5551614051920016,
H1a,L38-hist,1p6kW,Xe2,a=1/32_b=0.8_c=0.9L_w=0.1L,facility,success,5.586470828848202,8.589692369157012,-0.3496308611810675,80.35496175975621,93.01516772729975,-0.13610904841520605,-2.5837155035803168,0.45336715091609253,1.7625661251798703,5993.999999999999,0.7959121809539348,0.46177138017611,
H1a,L38-hist,1p6kW,Xe2,a=1/32_b=0.8_c=0.9L_w=0.25L,facility,success,4.518549832415001,8.589692369157012,-0.47395673346350015,65.80165150230754,93.01516772729975,-0.2925707375465509,-5.5537788214269845,3.0611937744653988,17.42710846037877,3995.999999999999,0.9139899775140872,0.3828367860962843,
H1a,L38-hist,1p6kW,Xe2,a=1/32_b=0.8_c=1.1L_w=0.1L,facility,success,5.388944144505156,8.589692369157012,-0.3726266421536556,76.2741265802658,93.01516772729975,-0.17998184119943797,-3.4165390095987656,1.8306368462223106,7.766605082446935,3995.999999999999,0.7972621986934137,0.4313104241878398,
H1a,L38-hist,1p6kW,Xe2,a=1/32_b=0.8_c=1.1L_w=0.25L,facility,success,5.246717810364861,8.589692369157012,-0.3891844335189188,74.47414382013955,93.01516772729975,-0.1993333384240994,-3.783882430032696,3.3804648626366363,20.74617198096393,9989.999999999998,0.9152840438887334,0.42234025899562305,
H1a,L38-hist,1p6kW,Xe2,a=1/32_b=0.8_c=1L_w=0.1L,facility,success,6.047003811964077,8.589692369157012,-0.29601625389087977,74.62733779304416,93.01516772729975,-0.1976863600156559,-3.752618353929713,1.834093689685005,7.425532079635433,3995.999999999999,0.7123431158444707,0.36795508266153565,
H1a,L38-hist,1p6kW,Xe2,a=1/32_b=0.8_c=1L_w=0.25L,facility,success,3.7161234281344138,8.589692369157012,-0.5673740957850959,55.378127231460674,93.01516772729975,-0.40463336695992097,-7.6810286726202195,3.866239558431903,26.610177231543435,6992.999999999998,0.9231947951668867,0.3297050123697379,
H1a,L38-hist,1p6kW,Xe2,a=1/32_b=0.97_c=0.9L_w=0.1L,facility,success,4.719876003475412,8.589692369157012,-0.4505186215488858,72.57926912812063,93.01516772729975,-0.21970501261786402,-4.170591550852883,3.274014201003788,18.643319304429703,3995.999999999999,0.8914595242014162,0.44589617010260907,
H1a,L38-hist,1p6kW,Xe2,a=1/32_b=0.97_c=0.9L_w=0.25L,facility,success,2.9568223554921658,8.589692369157012,-0.6557708671722376,53.56638301493004,93.01516772729975,-0.42411131083507775,-8.050772390279533,3.60748943519206,23.155908281977485,3995.999999999999,1.0261508538117472,0.3877024647130445,
H1a,L38-hist,1p6kW,Xe2,a=1/32_b=0.97_c=1.1L_w=0.1L,facility,success,5.419248609951289,8.589692369157012,-0.3690986385717174,69.42387220719611,93.01516772729975,-0.25362847905911634,-4.814550106143599,3.654728451671819,23.387793661368825,2996.9999999999995,0.8365231530770495,0.3553184363289706,
H1a,L38-hist,1p6kW,Xe2,a=1/32_b=0.97_c=1.1L_w=0.25L,facility,success,3.7675339453107584,8.589692369157012,-0.5613889551110314,62.16441169575043,93.01516772729975,-0.3316744654161892,-6.2960726594998615,4.05432266136063,28.00921505289256,2996.9999999999995,1.0224779456345257,0.4097940348987814,
H1a,L38-hist,1p6kW,Xe2,a=1/32_b=0.97_c=1L_w=0.1L,facility,success,5.180079696826086,8.589692369157012,-0.39694234971368875,84.38278137633561,93.01516772729975,-0.09280622248913659,-1.7617115001967627,3.46720542558704,21.167851232525344,6992.999999999998,0.9943284786813502,0.5491745228380739,
H1a,L38-hist,1p6kW,Xe2,a=1/32_b=0.97_c=1L_w=0.25L,facility,success,3.3863228249344215,8.589692369157012,-0.6057690218227509,59.13376733951147,93.01516772729975,-0.3642567251732662,-6.914571507711894,3.84516734629473,25.627840567284306,2996.9999999999995,1.0198579476313194,0.4125550323175316,
H1a,L38-hist,1p6kW,Xe2,a=1/32_b=0.9_c=0.9L_w=0.1L,facility,success,5.041068298763321,8.589692369157012,-0.41312586270676316,76.74169354647078,93.01516772729975,-0.17495505924946844,-3.3211171797610146,3.248741849836081,19.73814934424686,3995.999999999999,0.8950114018619878,0.46674462674500655,
H1a,L38-hist,1p6kW,Xe2,a=1/32_b=0.9_c=0.9L_w=0.25L,facility,success,3.2241075633012874,8.589692369157012,-0.6246538962352036,54.35561914803788,93.01516772729975,-0.4156262846571783,-7.889703791686096,3.7852258545077224,25.30781051014682,6992.999999999998,1.0142045558447523,0.36611584253399204,
H1a,L38-hist,1p6kW,Xe2,a=1/32_b=0.9_c=1.1L_w=0.1L,facility,success,4.948659567105813,8.589692369157012,-0.42388395830391395,73.77153115323328,93.01516772729975,-0.2068870813681122,-3.9272727702176464,1.8264298789481186,7.433432617679839,3995.999999999999,0.9010422756952826,0.43936875235344125,
H1a,L38-hist,1p6kW,Xe2,a=1/32_b=0.9_c=1.1L_w=0.25L,facility,success,3.896064844088481,8.589692369157012,-0.546425567220769,60.86585053317974,93.01516772729975,-0.3456352117578805,-6.561085141657147,4.140252423024807,29.727310100348557,2996.9999999999995,1.0248533740982158,0.3798921892106537,
H1a,L38-hist,1p6kW,Xe2,a=1/32_b=0.9_c=1L_w=0.1L,facility,success,5.145909818834356,8.589692369157012,-0.40092035923058633,67.70553433971682,93.01516772729975,-0.2721022173693787,-5.165231303588354,3.429955550431165,21.630770565440205,6992.999999999998,0.7983656461333719,0.35589781300228135,
H1a,L38-hist,1p6kW,Xe2,a=1/32_b=0.9_c=1L_w=0.25L,facility,success,4.783013439084328,8.589692369157012,-0.4431682493940431,77.81121866198966,93.01516772729975,-0.16345666450750024,-3.102846748022469,3.398996629221332,20.880848123237033,9989.999999999998,1.0042008259307857,0.5057338041747823,
H1a,L38-hist,1p6kW,Xe2,a=1/8_b=0.8_c=0.9L_w=0.1L,facility,success,12.933616586050118,8.589692369157012,0.5057135960410903,104.98404859018615,93.01516772729975,0.12867665731654157,2.442628747527834,0.002105049993167544,0.014087493862121945,6992.999999999998,0.32367158416498487,0.34045977029701063,
H1a,L38-hist,1p6kW,Xe2,a=1/8_b=0.8_c=0.9L_w=0.25L,facility,success,10.515661397441882,8.589692369157012,0.22421862687428043,106.29556086676386,93.01516772729975,0.14277664024000186,2.710284314176348,0.06035304542954569,0.21359794456119932,6992.999999999998,0.3990878213031669,0.4292722478837909,
H1a,L38-hist,1p6kW,Xe2,a=1/8_b=0.8_c=1.1L_w=0.1L,facility,success,13.380469641064886,8.589692369157012,0.557735605190019,105.46075541112954,93.01516772729975,0.13380170124852686,2.5399158538428117,0.006273475135245523,0.036055397208666004,5993.999999999999,0.31298308459802704,0.3320852215565776,
H1a,L38-hist,1p6kW,Xe2,a=1/8_b=0.8_c=1.1L_w=0.25L,facility,success,11.016509080115197,8.589692369157012,0.2825266152338762,106.86800162593667,93.01516772729975,0.14893091349628487,2.8271089589054914,0.17236730738882033,0.48902363959313827,5993.999999999999,0.38097142372683,0.4141813415134271,
H1a,L38-hist,1p6kW,Xe2,a=1/8_b=0.8_c=1L_w=0.1L,facility,success,13.14464623331241,8.589692369157012,0.5302813731153935,105.28997294650905,93.01516772729975,0.1319656301131053,2.5050622896345485,0.0037052802010424622,0.02201241850363462,5993.999999999999,0.3185430025008831,0.336949081082357,
H1a,L38-hist,1p6kW,Xe2,a=1/8_b=0.8_c=1L_w=0.25L,facility,success,10.74133229666627,8.589692369157012,0.2504909180723569,106.6950100082853,93.01516772729975,0.1470710919007517,2.7918045471399053,0.12566434295907497,0.3894147720011427,5993.999999999999,0.39098949785607473,0.42341790122496276,
H1a,L38-hist,1p6kW,Xe2,a=1/8_b=0.97_c=0.9L_w=0.1L,facility,success,9.448804029199255,8.589692369157012,0.10001658070166211,104.25333961789435,93.01516772729975,0.12082085282630978,2.293504467468286,0.18806125792359613,0.6541407816101227,5993.999999999999,0.4361411959216029,0.4595600420796203,
H1a,L38-hist,1p6kW,Xe2,a=1/8_b=0.97_c=0.9L_w=0.25L,facility,success,6.8954738193987914,8.589692369157012,-0.19723855953696864,105.70099262710757,93.01516772729975,0.13638447588462013,2.5889438571036343,0.014172121833525975,0.08027097092055663,7991.999999999998,0.6062504277960269,0.6473410799156641,
H1a,L38-hist,1p6kW,Xe2,a=1/8_b=0.97_c=1.1L_w=0.1L,facility,success,9.460813354612034,8.589692369157012,0.10141468960901953,104.46913639396205,93.01516772729975,0.12314086988740196,2.3375446258494463,0.5028757866269935,1.5116108375594417,4994.999999999999,0.4303118680961393,0.460878750559932,
H1a,L38-hist,1p6kW,Xe2,a=1/8_b=0.97_c=1.1L_w=0.25L,facility,success,7.101507218468662,8.589692369157012,-0.1732524387057182,104.32261872599655,93.01516772729975,0.121565667997802,2.307643060958528,0.20187519286954766,0.7099554024433504,6992.999999999998,0.5929797676782851,0.6122736622492495,
H1a,L38-hist,1p6kW,Xe2,a=1/8_b=0.97_c=1L_w=0.1L,facility,success,9.493936446899383,8.589692369157012,0.1052708337948444,104.8017766761261,93.01516772729975,0.12671706385975795,2.405430397719661,0.32495043114959665,1.0181623541164144,4994.999999999999,0.4326420759709806,0.4622001909582727,
H1a,L38-hist,1p6kW,Xe2,a=1/8_b=0.97_c=1L_w=0.25L,facility,success,7.040502320314355,8.589692369157012,-0.18035454382572888,107.23555611227994,93.01516772729975,0.15288246779999645,2.902120078567382,0.010409443830522256,0.056758234305118886,6992.999999999998,0.5974429716287398,0.6525489889298165,
H1a,L38-hist,1p6kW,Xe2,a=1/8_b=0.9_c=0.9L_w=0.1L,facility,success,11.591974673069329,8.589692369157012,0.3495215165903502,105.57484017238987,93.01516772729975,0.1350282190740368,2.563198458181655,0.005446994762276499,0.02799959470053772,5993.999999999999,0.3617198223565662,0.38415155195625544,
H1a,L38-hist,1p6kW,Xe2,a=1/8_b=0.9_c=0.9L_w=0.25L,facility,success,8.880264206469064,8.589692369157012,0.03382796785079383,106.98441444453236,93.01516772729975,0.15018246011432662,2.850866676986244,0.02610652608984122,0.14097223788159582,5993.999999999999,0.47239954546813445,0.5149372285474934,
H1a,L38-hist,1p6kW,Xe2,a=1/8_b=0.9_c=1.1L_w=0.1L,facility,success,12.074676825511101,8.589692369157012,0.4057170276397342,106.50221766955312,93.01516772729975,0.14499839404466222,2.7524591718884404,0.013950884261093446,0.05892083324122739,5993.999999999999,0.34795094128166115,0.3753020500457019,
H1a,L38-hist,1p6kW,Xe2,a=1/8_b=0.9_c=1.1L_w=0.25L,facility,success,9.137849966630121,8.589692369157012,0.0638157426267531,105.39679880435936,93.01516772729975,0.13311410794161924,2.5268634851142036,0.5270353236605025,1.690274484922671,4994.999999999999,0.447859063008391,0.4856797182502523,
H1a,L38-hist,1p6kW,Xe2,a=1/8_b=0.9_c=1L_w=0.1L,facility,success,11.819596276778242,8.589692369157012,0.37602090608260175,106.19602560850554,93.01516772729975,0.14170654317206832,2.6899709961644445,0.008724898643271872,0.04112905871046048,5993.999999999999,0.35536478983769937,0.3812001255041294,
H1a,L38-hist,1p6kW,Xe2,a=1/8_b=0.9_c=1L_w=0.25L,facility,success,8.995942946836665,8.589692369157012,0.04729512539219407,106.77244843097978,93.01516772729975,0.1479036273311184,2.8076083068734716,0.1442705039512537,0.6576535641694287,5993.999999999999,0.4624996688620365,0.5063034206055557,
H1a,L38-hist,1p6kW,Xe3,a=1/16_b=0.8_c=0.9L_w=0.1L,facility,success,8.182518927386313,7.400656215822092,0.10564775457244624,101.58262024033581,95.17124528500324,0.06736672338512373,1.308443868435219,1.2913847097656854,6.848936148683007,4994.999999999999,0.4676699613547979,0.4597545073125159,
H1a,L38-hist,1p6kW,Xe3,a=1/16_b=0.8_c=0.9L_w=0.25L,facility,success,7.426049353741768,7.400656215822092,0.003431200852890197,109.02681207187037,95.17124528500324,0.14558564139173283,2.8276666911973725,0.4622677455360568,1.6035944361991223,5993.999999999999,0.5555992281619664,0.5835566040506951,
H1a,L38-hist,1p6kW,Xe3,a=1/16_b=0.8_c=1.1L_w=0.1L,facility,success,9.180983360745108,7.400656215822092,0.24056341667605083,101.48737239597865,95.17124528500324,0.06636591852991848,1.289005532852125,2.3320790522382535,10.584063451089762,3995.999999999999,0.5104307810665107,0.4089865338559082,
H1a,L38-hist,1p6kW,Xe3,a=1/16_b=0.8_c=1.1L_w=0.25L,facility,success,6.853128276305314,7.400656215822092,-0.0739837013839667,95.8420440527994,95.17124528500324,0.007048334460554216,0.13689770771349924,3.2006275263598396,20.535191241471235,3995.999999999999,0.6142594222786357,0.48864950859734724,
H1a,L38-hist,1p6kW,Xe3,a=1/16_b=0.8_c=1L_w=0.1L,facility,success,7.482289599932608,7.400656215822092,0.011030560227347051,87.63875276205317,95.17124528500324,-0.07914672651800447,-1.537243372030627,2.499154056399058,12.367019219808212,8990.999999999998,0.49888143809634033,0.37422436095281103,
H1a,L38-hist,1p6kW,Xe3,a=1/16_b=0.8_c=1L_w=0.25L,facility,success,7.858497219875903,7.400656215822092,0.06186491990736961,114.84068274343716,95.17124528500324,0.20667416297360727,4.014170909884472,1.3301890359778026,4.094521001846893,10988.999999999998,0.5583789851471525,0.6118235929182396,
H1a,L38-hist,1p6kW,Xe3,a=1/16_b=0.97_c=0.9L_w=0.1L,facility,success,6.966349078951873,7.400656215822092,-0.05868494957807943,107.17246413011603,95.17124528500324,0.12610131147463183,2.4492283357373017,0.5002831844372961,1.5802124495664982,4994.999999999999,0.5856721962844822,0.601084310206129,
H1a,L38-hist,1p6kW,Xe3,a=1/16_b=0.97_c=0.9L_w=0.25L,facility,success,4.982150272713849,7.400656215822092,-0.326796147879109,85.71034332825295,95.17124528500324,-0.09940924833355222,-1.930796317704142,0.35098691870507337,1.4426099909424834,5993.999999999999,0.7886659158078191,0.5375561554110855,
H1a,L38-hist,1p6kW,Xe3,a=1/16_b=0.97_c=1.1L_w=0.1L,facility,success,5.183920618363022,7.400656215822092,-0.2995323026517355,69.27102750498749,95.17124528500324,-0.2721433107495235,-5.285758730615461,3.639497937917077,21.987385119396656,6992.999999999998,0.641734170175347,0.337457518892748,
H1a,L38-hist,1p6kW,Xe3,a=1/16_b=0.97_c=1.1L_w=0.25L,facility,success,5.326982401591286,7.400656215822092,-0.2802013434697095,85.03323919276511,95.17124528500324,-0.10652383565937905,-2.0689808351506405,0.25724773886487695,1.7336153606750953,56942.999999999985,0.7644853741878308,0.4948463560129,
H1a,L38-hist,1p6kW,Xe3,a=1/16_b=0.97_c=1L_w=0.1L,facility,success,6.466815129340929,7.400656215822092,-0.1261835517348686,91.09149555333029,95.17124528500324,-0.04286746190464973,-0.8326019860557043,2.578263291796681,10.796120188657863,3995.999999999999,0.5991327244482949,0.46777758949400305,
H1a,L38-hist,1p6kW,Xe3,a=1/16_b=0.97_c=1L_w=0.25L,facility,success,5.142521144275631,7.400656215822092,-0.3051263301109332,85.49578132345101,95.17124528500324,-0.1016637318612123,-1.9745844819494356,0.25859468761276855,1.4906836519351523,5993.999999999999,0.7781854301404029,0.5181881502829853,
H1a,L38-hist,1p6kW,Xe3,a=1/16_b=0.9_c=0.9L_w=0.1L,facility,success,8.60229638412498,7.400656215822092,0.16236940796329163,116.5149513321651,95.17124528500324,0.22426633152949943,4.355858376971805,0.8474421339981703,3.622488245417412,4994.999999999999,0.5092803862615808,0.5753380630625206,
H1a,L38-hist,1p6kW,Xe3,a=1/16_b=0.9_c=0.9L_w=0.25L,facility,success,6.245221702746353,7.400656215822092,-0.15612595415599775,101.02577937473197,95.17124528500324,0.06151578738091027,1.1948028754548405,0.1717926551813048,0.668308234614366,34964.99999999999,0.6582603949364817,0.5957866275330399,
H1a,L38-hist,1p6kW,Xe3,a=1/16_b=0.9_c=1.1L_w=0.1L,facility,success,7.20920563513967,7.400656215822092,-0.025869406049846576,85.47232161833071,95.17124528500324,-0.10191023178931607,-1.9793721768719457,2.744727476730206,14.19458098964717,3995.999999999999,0.5612781782695504,0.36943478065650576,
H1a,L38-hist,1p6kW,Xe3,a=1/16_b=0.9_c=1.1L_w=0.25L,facility,success,6.2288052240727145,7.400656215822092,-0.1583442005107657,95.08777534151423,95.17124528500324,-0.0008770500295446353,-0.017034682344696288,0.5943358283466322,2.78049027185872,4994.999999999999,0.6529438685561496,0.5291987570172038,
H1a,L38-hist,1p6kW,Xe3,a=1/16_b=0.9_c=1L_w=0.1L,facility,success,6.964444514960439,7.400656215822092,-0.05894230026913867,88.31136902294233,95.17124528500324,-0.07207929497526362,-1.3999747473593702,2.4508711658729263,11.134204936871559,3995.999999999999,0.536165402553753,0.40824506574646985,
H1a,L38-hist,1p6kW,Xe3,a=1/16_b=0.9_c=1L_w=0.25L,facility,success,6.348039630062831,7.400656215822092,-0.14223287166195336,100.60523077260774,95.17124528500324,0.05709692535105211,1.1089766301233674,0.22736762209783357,1.2009449981054274,38960.99999999999,0.6588458451730785,0.5812670248922114,
H1a,L38-hist,1p6kW,Xe3,a=1/32_b=0.8_c=0.9L_w=0.1L,facility,success,5.627824074711584,7.400656215822092,-0.2395506681313362,77.90174749237747,95.17124528500324,-0.1814570960053104,-3.5243873046175054,0.22066813677958733,0.9550053751991218,5993.999999999999,0.6911622872938047,0.3931226613173227,
H1a,L38-hist,1p6kW,Xe3,a=1/32_b=0.8_c=0.9L_w=0.25L,facility,success,4.513909331252441,7.400656215822092,-0.39006634011697305,68.83872941333902,95.17124528500324,-0.2766856290763867,-5.373982830951882,3.2657231465490058,20.794611094748646,3995.999999999999,0.9077003401097828,0.3827251946165507,
H1a,L38-hist,1p6kW,Xe3,a=1/32_b=0.8_c=1.1L_w=0.1L,facility,success,4.842976549686127,7.400656215822092,-0.3456017401089139,69.50098905197672,95.17124528500324,-0.26972701845135527,-5.238827802658475,1.8074453502309424,7.323088364623756,4994.999999999999,0.7343445579454042,0.3636166791883415,
H1a,L38-hist,1p6kW,Xe3,a=1/32_b=0.8_c=1.1L_w=0.25L,facility,success,3.8391644625053076,7.400656215822092,-0.4812399940565488,52.06300147904045,95.17124528500324,-0.45295449982680475,-8.7976007767271,3.821952683254113,27.993261709124592,6992.999999999998,0.7844187549488101,0.2573924948685548,
H1a,L38-hist,1p6kW,Xe3,a=1/32_b=0.8_c=1L_w=0.1L,facility,success,5.656852168152314,7.400656215822092,-0.23562830062848286,88.91544347006669,95.17124528500324,-0.06573205799926968,-1.2766942479462353,0.6912987085492106,2.5672652237748674,5993.999999999999,0.8187156422337787,0.509511230230847,
H1a,L38-hist,1p6kW,Xe3,a=1/32_b=0.8_c=1L_w=0.25L,facility,success,4.6224150185298205,7.400656215822092,-0.3754047095651577,62.637712749198755,95.17124528500324,-0.34184203893075477,-6.639496435878466,3.5808628267713676,23.004235275917686,10988.999999999998,0.7846892524564637,0.3094404176108187,
H1a,L38-hist,1p6kW,Xe3,a=1/32_b=0.97_c=0.9L_w=0.1L,facility,success,4.873414461437372,7.400656215822092,-0.34148887351119644,81.9671291295562,95.17124528500324,-0.1387406050630684,-2.694717582744295,1.641035683367781,6.901944742457524,4994.999999999999,0.9164622827640043,0.5025974645463516,
H1a,L38-hist,1p6kW,Xe3,a=1/32_b=0.97_c=0.9L_w=0.25L,facility,success,3.9348065517753907,7.400656215822092,-0.46831653342266516,73.43825910415534,95.17124528500324,-0.22835664402378608,-4.4353033022138595,3.3042537597227972,19.562712157418154,3995.999999999999,1.027162309893186,0.49968412578231924,
H1a,L38-hist,1p6kW,Xe3,a=1/32_b=0.97_c=1.1L_w=0.1L,facility,success,3.6160307547814914,7.400656215822092,-0.5113905241199197,51.564859474542885,95.17124528500324,-0.458188664862744,-8.89926241029803,2.640824514546289,13.156651647798686,3995.999999999999,0.8817684504702673,0.2680709503178214,
H1a,L38-hist,1p6kW,Xe3,a=1/32_b=0.97_c=1.1L_w=0.25L,facility,success,3.747988669057379,7.400656215822092,-0.4935599547180103,62.38373297144944,95.17124528500324,-0.34451069979558574,-6.691329043582408,4.301591285581593,31.110898988511124,2996.9999999999995,0.9915458557719878,0.3785459820841947,
H1a,L38-hist,1p6kW,Xe3,a=1/32_b=0.97_c=1L_w=0.1L,facility,success,4.925482823411133,7.400656215822092,-0.33445323228488977,75.66850576052927,95.17124528500324,-0.20492260520570432,-3.980150923362034,3.1400346052109884,23.065073943488215,3995.999999999999,0.8470021834763777,0.42379487401207383,
H1a,L38-hist,1p6kW,Xe3,a=1/32_b=0.97_c=1L_w=0.25L,facility,success,4.4932179586423455,7.400656215822092,-0.39286222361793327,81.34239324935739,95.17124528500324,-0.14530493947235307,-2.8222147011522165,3.5082742674124545,21.58719030215787,9989.999999999998,1.02909085819979,0.5368470839466837,
H1a,L38-hist,1p6kW,Xe3,a=1/32_b=0.9_c=0.9L_w=0.1L,facility,success,5.383270107007434,7.400656215822092,-0.2725955712551039,74.10075958469126,95.17124528500324,-0.22139550278252168,-4.30009912251265,0.33747255058355796,1.3038338538045875,5993.999999999999,0.7224065300428908,0.37185475632735887,
H1a,L38-hist,1p6kW,Xe3,a=1/32_b=0.9_c=0.9L_w=0.25L,facility,success,4.27677433432058,7.400656215822092,-0.4221087685201305,75.59566332611693,95.17124528500324,-0.20568798800798044,-3.9950167263033283,3.397360140641199,21.03731046232099,3995.999999999999,1.0177302589225317,0.4871375657463124,
H1a,L38-hist,1p6kW,Xe3,a=1/32_b=0.9_c=1.1L_w=0.1L,facility,success,5.838580971029873,7.400656215822092,-0.21107253184556937,78.83287246638442,95.17124528500324,-0.17167341637373082,-3.334361799718128,1.5663483322570615,6.014061317028896,3995.999999999999,0.7105127067062168,0.3880445495466774,
H1a,L38-hist,1p6kW,Xe3,a=1/32_b=0.9_c=1.1L_w=0.25L,facility,success,3.9681623012299863,7.400656215822092,-0.4638093993953767,67.99032220821815,95.17124528500324,-0.28560016205932925,-5.547127158527571,4.18827242789303,31.45758558095783,2996.9999999999995,1.057429616863774,0.4246967760176479,
H1a,L38-hist,1p6kW,Xe3,a=1/32_b=0.9_c=1L_w=0.1L,facility,success,5.108498603179584,7.400656215822092,-0.3097235631270149,75.79627002059689,95.17124528500324,-0.2035801381644776,-3.9540765845727233,0.45204274355090834,2.420926723154134,5993.999999999999,0.7643897782137665,0.4099931322539369,
H1a,L38-hist,1p6kW,Xe3,a=1/32_b=0.9_c=1L_w=0.25L,facility,success,4.344573640790086,7.400656215822092,-0.4129475124784627,76.60680439596344,95.17124528500324,-0.19506354922062916,-3.7886614059264896,3.7832361398170855,24.544105360197882,6992.999999999998,1.0399424116227225,0.4924495242927344,
H1a,L38-hist,1p6kW,Xe3,a=1/8_b=0.8_c=0.9L_w=0.1L,facility,success,13.103200788196409,7.400656215822092,0.7705458010848646,107.3604745586987,95.17124528500324,0.12807680762391147,2.487597810958255,0.0010434743310906414,0.007763594802651516,6992.999999999998,0.3123245289437697,0.3206901652265521,
H1a,L38-hist,1p6kW,Xe3,a=1/8_b=0.8_c=0.9L_w=0.25L,facility,success,10.640874011466247,7.400656215822092,0.43782844401240967,108.95686005573197,95.17124528500324,0.14485062929927858,2.813390769536473,0.015987328141171694,0.06496935806417947,6992.999999999998,0.3867257661920558,0.4067298528031693,
H1a,L38-hist,1p6kW,Xe3,a=1/8_b=0.8_c=1.1L_w=0.1L,facility,success,13.521767631069013,7.400656215822092,0.827103872513414,107.77257449793797,95.17124528500324,0.13240689638134212,2.5716998393744324,0.003042170427243286,0.018492862142228943,5993.999999999999,0.30274911428095846,0.3131534776579488,
H1a,L38-hist,1p6kW,Xe3,a=1/8_b=0.8_c=1.1L_w=0.25L,facility,success,11.12543490352074,7.400656215822092,0.5033038394264724,109.48792236638286,95.17124528500324,0.15043070034973666,2.921770832934614,0.02647384959685532,0.0880062381151319,5993.999999999999,0.3698333375170593,0.39281641236096715,
H1a,L38-hist,1p6kW,Xe3,a=1/8_b=0.8_c=1L_w=0.1L,facility,success,13.299318898821763,7.400656215822092,0.7970458984959654,107.63398124601912,95.17124528500324,0.1309506450577012,2.5434155022481386,0.002127143236556221,0.013278362563725478,6992.999999999998,0.30779880146501326,0.3175730219098026,
H1a,L38-hist,1p6kW,Xe3,a=1/8_b=0.8_c=1L_w=0.25L,facility,success,10.862589221211744,7.400656215822092,0.46778730215683817,109.44571162405454,95.17124528500324,0.1499871762348435,2.9131563957247546,0.018277066446339724,0.06487340528440479,5993.999999999999,0.37944078508623125,0.40201136843803675,
H1a,L38-hist,1p6kW,Xe3,a=1/8_b=0.97_c=0.9L_w=0.1L,facility,success,9.725623840220956,7.400656215822092,0.3141569553559648,108.42219147657302,95.17124528500324,0.13923266583186983,2.7042747329734227,0.08549715392887455,0.3231537887099965,5993.999999999999,0.4219795340057202,0.44064930196749397,
H1a,L38-hist,1p6kW,Xe3,a=1/8_b=0.97_c=0.9L_w=0.25L,facility,success,6.930768395153398,7.400656215822092,-0.06349272374848422,108.46738212744515,95.17124528500324,0.1397075009644438,2.7134973147840626,0.013224927800650729,0.07577021390482587,8990.999999999998,0.5905788946735995,0.6188581620244189,
H1a,L38-hist,1p6kW,Xe3,a=1/8_b=0.97_c=1.1L_w=0.1L,facility,success,9.658939053794557,7.400656215822092,0.3051462967762793,108.50514434849757,95.17124528500324,0.14010428279638606,2.721203890509044,0.368882795020273,1.0652837195259461,4994.999999999999,0.4193134423000969,0.4443707093612127,
H1a,L38-hist,1p6kW,Xe3,a=1/8_b=0.97_c=1.1L_w=0.25L,facility,success,7.0605608420749295,7.400656215822092,-0.045954759122584614,106.71678422011354,95.17124528500324,0.12131331160515554,2.356232435736793,0.15958466844031863,0.5820129980748437,4994.999999999999,0.5761671118612643,0.5880313118896103,
H1a,L38-hist,1p6kW,Xe3,a=1/8_b=0.97_c=1L_w=0.1L,facility,success,9.886672310517913,7.400656215822092,0.33591833240150915,110.7328125330099,95.17124528500324,0.16351122864270007,3.1758300506136026,0.21267111121176752,0.661538614733485,5993.999999999999,0.42070734426425377,0.4521439396816521,
H1a,L38-hist,1p6kW,Xe3,a=1/8_b=0.97_c=1L_w=0.25L,facility,success,7.054930400399751,7.400656215822092,-0.04671556215288086,109.7029419814393,95.17124528500324,0.15268999216012044,2.9656523870277636,0.018109747404074058,0.09576082471286336,6992.999999999998,0.5804841677347621,0.6218963498698744,
H1a,L38-hist,1p6kW,Xe3,a=1/8_b=0.9_c=0.9L_w=0.1L,facility,success,11.725420614663872,7.400656215822092,0.5843758002966996,107.88353136220614,95.17124528500324,0.13357276180567176,2.5943440973883467,0.003189201912147149,0.019340093909093498,6992.999999999998,0.3495068224552025,0.3618729071092444,
H1a,L38-hist,1p6kW,Xe3,a=1/8_b=0.9_c=0.9L_w=0.25L,facility,success,9.023695774595303,7.400656215822092,0.21931022215344426,110.13775318813356,95.17124528500324,0.1572587167301538,3.0543893679857774,0.04764504694244692,0.23722299340574907,6992.999999999998,0.4580238589479573,0.49007457570118085,
H1a,L38-hist,1p6kW,Xe3,a=1/8_b=0.9_c=1.1L_w=0.1L,facility,success,12.170777909274879,7.400656215822092,0.6445538820266499,108.75233050970122,95.17124528500324,0.14270156058195485,2.7716500458567292,0.014508455795699537,0.07378133384451115,5993.999999999999,0.33730844592512477,0.3542688762563717,
H1a,L38-hist,1p6kW,Xe3,a=1/8_b=0.9_c=1.1L_w=0.25L,facility,success,9.241458031104296,7.400656215822092,0.24873494479404357,108.07605420038895,95.17124528500324,0.13559567153650764,2.6336344725276937,0.6052067992581852,1.81568787288271,4994.999999999999,0.4345380234031293,0.4607789785888587,
H1a,L38-hist,1p6kW,Xe3,a=1/8_b=0.9_c=1L_w=0.1L,facility,success,11.920868609477733,7.400656215822092,0.6107853495466711,108.3471592935564,95.17124528500324,0.13844427451901137,2.688962042561868,0.007214987677820484,0.03838483859609322,5993.999999999999,0.34395712691042557,0.35900570462153214,
H1a,L38-hist,1p6kW,Xe3,a=1/8_b=0.9_c=1L_w=0.25L,facility,success,9.03618475671339,7.400656215822092,0.2209977727913708,108.79054518125314,95.17124528500324,0.14310309648113828,2.7794489584183455,0.21039626054806793,0.7926638593960651,5993.999999999999,0.44908234541765635,0.4774978237827321,
H1b,L38-hist,3p0kW,Xe1,a=1/16_b=0.8_c=0.9L_w=0.1L,facility,success,9.261786680797583,7.582322357019064,0.2214973519589041,106.4330352260515,82.32639228613156,0.2928179198735625,4.919723048963253,2.2483915783819373,13.661485280053352,3995.999999999999,0.5167419466443331,0.5299346492009909,
H1b,L38-hist,3p0kW,Xe1,a=1/16_b=0.8_c=0.9L_w=0.25L,facility,success,7.170451540176694,7.582322357019064,-0.054319876872696474,99.52962987248387,82.32639228613156,0.208963822033658,3.5108648135412874,0.6114195376176834,2.7236409820144134,5993.999999999999,0.5854425500293785,0.5985803674318022,
H1b,L38-hist,3p0kW,Xe1,a=1/16_b=0.8_c=1.1L_w=0.1L,facility,success,8.265926057974477,7.582322357019064,0.09015756238886254,94.45931690483435,82.32639228613156,0.14737588131560406,2.4761070650413846,3.0675200628800754,18.638380447804618,3995.999999999999,0.5986326291712794,0.46769451934352424,
H1b,L38-hist,3p0kW,Xe1,a=1/16_b=0.8_c=1.1L_w=0.25L,facility,success,6.688406746262522,7.582322357019064,-0.11789469883577709,91.85521081326536,82.32639228613156,0.11574439572203866,1.9446568422722044,2.304684575385226,11.467946332810532,3995.999999999999,0.6893287801914079,0.5465741848289265,
H1b,L38-hist,3p0kW,Xe1,a=1/16_b=0.8_c=1L_w=0.1L,facility,success,7.999762991077077,7.582322357019064,0.05505445619462255,84.06935495430106,82.32639228613156,0.021171371898718806,0.3557066669733686,3.10932208526583,19.533392969691132,3995.999999999999,0.504808689365563,0.382791693882198,
H1b,L38-hist,3p0kW,Xe1,a=1/16_b=0.8_c=1L_w=0.25L,facility,success,7.34754403231453,7.582322357019064,-0.03096390705246081,101.58492811454086,82.32639228613156,0.233929063251974,3.9303134343692427,0.8476252916271547,3.014826161438478,4994.999999999999,0.5994415080038955,0.6085279821664187,
H1b,L38-hist,3p0kW,Xe1,a=1/16_b=0.97_c=0.9L_w=0.1L,facility,success,6.7736759890564535,7.582322357019064,-0.1066489038432974,99.97120347564947,82.32639228613156,0.21432751635942027,3.600981875411818,0.32908664969585166,1.1166906788234277,7991.999999999998,0.6431189474375507,0.6392777913803473,
H1b,L38-hist,3p0kW,Xe1,a=1/16_b=0.97_c=0.9L_w=0.25L,facility,success,4.983614789614474,7.582322357019064,-0.3427324037468454,85.13795402678691,82.32639228613156,0.03415140227308337,0.5737881103378257,0.1554632419262399,0.8444895587227222,8990.999999999998,0.8570181683716352,0.6301822234256054,
H1b,L38-hist,3p0kW,Xe1,a=1/16_b=0.97_c=1.1L_w=0.1L,facility,success,7.1201306657443295,7.582322357019064,-0.060956481340690656,89.2315120396698,82.32639228613156,0.08387492226719921,1.4092081129669862,3.073601865635955,14.534849633592325,6992.999999999998,0.6618211248560212,0.48452114656615775,
H1b,L38-hist,3p0kW,Xe1,a=1/16_b=0.97_c=1.1L_w=0.25L,facility,success,5.190073139287332,7.582322357019064,-0.3155034968299907,74.93589314522839,82.32639228613156,-0.08977071551024533,-1.5082651307965658,0.2105422225129332,1.367152348164914,60938.999999999985,0.8093765263920697,0.4687815313230636,
H1b,L38-hist,3p0kW,Xe1,a=1/16_b=0.97_c=1L_w=0.1L,facility,success,6.780041217993948,7.582322357019064,-0.10580942107828384,99.8243650306811,82.32639228613156,0.21254390309894808,3.571014845826435,0.3614129001289293,1.5591096330036887,3995.999999999999,0.6235474801878597,0.63680281450229,
H1b,L38-hist,3p0kW,Xe1,a=1/16_b=0.97_c=1L_w=0.25L,facility,success,4.95790027695207,7.582322357019064,-0.3461237806168356,77.84845218698402,82.32639228613156,-0.054392521945867855,-0.9138653263566401,0.5902848864982778,2.5071543042512277,4994.999999999999,0.8626346438158801,0.5296224338367206,
H1b,L38-hist,3p0kW,Xe1,a=1/16_b=0.9_c=0.9L_w=0.1L,facility,success,7.875099947300454,7.582322357019064,0.03861318162111133,99.30424117821124,82.32639228613156,0.20622607672484772,3.464867120832587,1.5861190880857126,5.99922682328724,4994.999999999999,0.534273512523467,0.5425549316548857,
H1b,L38-hist,3p0kW,Xe1,a=1/16_b=0.9_c=0.9L_w=0.25L,facility,success,6.139281769589606,7.582322357019064,-0.1903164386164108,90.31388493022152,82.32639228613156,0.09702226008311927,1.6301005396101957,0.22662726752622153,1.0730242108356107,5993.999999999999,0.6925895376295413,0.5756462471586716,
H1b,L38-hist,3p0kW,Xe1,a=1/16_b=0.9_c=1.1L_w=0.1L,facility,success,6.046253591435638,7.582322357019064,-0.20258552634094548,67.99945932045978,82.32639228613156,-0.17402600269276283,-2.9238638705452606,3.7954921907150307,26.197476311674365,6992.999999999998,0.5905077236886225,0.33135135907480673,
H1b,L38-hist,3p0kW,Xe1,a=1/16_b=0.9_c=1.1L_w=0.25L,facility,success,6.2053893003901965,7.582322357019064,-0.18159779969711004,91.94632292044433,82.32639228613156,0.11685111380659043,1.9632511498597482,0.5749680670909303,2.879753231615832,4994.999999999999,0.7378221490868024,0.5902879185432829,
H1b,L38-hist,3p0kW,Xe1,a=1/16_b=0.9_c=1L_w=0.1L,facility,success,7.874767312211797,7.582322357019064,0.03856931180484737,96.58981585586606,82.32639228613156,0.17325456847618084,2.9109027693335725,1.847385302546786,6.785265926324671,3995.999999999999,0.5396676616559783,0.5133211302469249,
H1b,L38-hist,3p0kW,Xe1,a=1/16_b=0.9_c=1L_w=0.25L,facility,success,6.021440235026683,7.582322357019064,-0.2058580535747666,86.4964194540079,82.32639228613156,0.05065237346224406,0.8510259526278253,0.43490095428509673,1.9865632568833218,4994.999999999999,0.70454652868173,0.5383442459619748,
H1b,L38-hist,3p0kW,Xe1,a=1/32_b=0.8_c=0.9L_w=0.1L,facility,success,4.13710414144164,7.582322357019064,-0.45437506523158255,61.42382609211146,82.32639228613156,-0.2538987269279535,-4.265829835514305,3.514873679976723,22.741134129541226,6992.999999999998,0.9840418720822282,0.39513133566169273,
H1b,L38-hist,3p0kW,Xe1,a=1/32_b=0.8_c=0.9L_w=0.25L,facility,success,3.7183553131267315,7.582322357019064,-0.5096020535602002,61.24101428715449,82.32639228613156,-0.2561193004266876,-4.303138367138177,3.3372935963360124,21.78172180928659,6992.999999999998,1.069844848604889,0.4370167252531056,
H1b,L38-hist,3p0kW,Xe1,a=1/32_b=0.8_c=1.1L_w=0.1L,facility,success,4.329872613298503,7.582322357019064,-0.4289516576289746,52.47609749551709,82.32639228613156,-0.36258475516414634,-6.09189689604377,3.1833428582864554,21.682192706182864,6992.999999999998,0.787051999395013,0.27555743698889207,
H1b,L38-hist,3p0kW,Xe1,a=1/32_b=0.8_c=1.1L_w=0.25L,facility,success,4.241147204364749,7.582322357019064,-0.4406532715614948,61.47025329492199,82.32639228613156,-0.25333478623383,-4.256354896165218,3.916915262842037,27.346238417203693,2996.9999999999995,0.9635850536117025,0.3860209315136848,
H1b,L38-hist,3p0kW,Xe1,a=1/32_b=0.8_c=1L_w=0.1L,facility,success,4.3433371460130745,7.582322357019064,-0.4271758781143899,62.70456742708344,82.32639228613156,-0.23834185264490873,-4.004454052866962,3.723096535139746,24.92353730311267,6992.999999999998,0.9502253027151533,0.3922283722744309,
H1b,L38-hist,3p0kW,Xe1,a=1/32_b=0.8_c=1L_w=0.25L,facility,success,3.961794062563249,7.582322357019064,-0.47749596020594404,59.09566482181702,82.32639228613156,-0.28217837341364854,-4.740964788635621,3.735240587674976,25.46727920181126,2996.9999999999995,0.9576806609180445,0.3819297990072163,
H1b,L38-hist,3p0kW,Xe1,a=1/32_b=0.97_c=0.9L_w=0.1L,facility,success,3.729477212196584,7.582322357019064,-0.5081352339571591,57.17578403652908,82.32639228613156,-0.30549872952272283,-5.132777193796424,3.4722159856414163,20.878625526609706,6992.999999999998,0.9005591599614369,0.37978734991294394,
H1b,L38-hist,3p0kW,Xe1,a=1/32_b=0.97_c=0.9L_w=0.25L,facility,success,3.919654546681407,7.582322357019064,-0.483053560357675,70.19887547842045,82.32639228613156,-0.14731019386299615,-2.4750034301451245,2.79705148816642,14.274768204065774,6992.999999999998,1.0090283517199083,0.5447242544225531,
H1b,L38-hist,3p0kW,Xe1,a=1/32_b=0.97_c=1.1L_w=0.1L,facility,success,4.375586285531794,7.582322357019064,-0.42292267731386396,57.84616919372145,82.32639228613156,-0.29735571318766474,-4.995963896410226,3.966647823567447,27.154782854699942,2996.9999999999995,0.8758590708407685,0.3313425041119873,
H1b,L38-hist,3p0kW,Xe1,a=1/32_b=0.97_c=1.1L_w=0.25L,facility,success,2.625320301877734,7.582322357019064,-0.653757756758068,43.899950979476756,82.32639228613156,-0.4667572602125066,-7.842130878909143,4.529032064718385,34.891757248221985,4994.999999999999,0.9874532635907096,0.318060669721649,
H1b,L38-hist,3p0kW,Xe1,a=1/32_b=0.97_c=1L_w=0.1L,facility,success,4.081802799365495,7.582322357019064,-0.4616685222322535,63.262367115041904,82.32639228613156,-0.23156638644908917,-3.890617381855031,3.7710559649619135,24.271636558625254,2996.9999999999995,0.9452606266446961,0.4248181393573042,
H1b,L38-hist,3p0kW,Xe1,a=1/32_b=0.97_c=1L_w=0.25L,facility,success,3.4733020684374893,7.582322357019064,-0.5419210757740728,60.024040019074576,82.32639228613156,-0.27090161062255086,-4.55150046266469,3.4202518225825744,20.76998407635126,2996.9999999999995,0.986003352005109,0.44944037740092907,
H1b,L38-hist,3p0kW,Xe1,a=1/32_b=0.9_c=0.9L_w=0.1L,facility,success,4.010934429887622,7.582322357019064,-0.4710150477611067,58.98439226343456,82.32639228613156,-0.2835299759227895,-4.763673474019797,3.6353080252818026,23.08530528516167,6992.999999999998,0.9075817314859617,0.37583121798633,
H1b,L38-hist,3p0kW,Xe1,a=1/32_b=0.9_c=0.9L_w=0.25L,facility,success,4.443170599339466,7.582322357019064,-0.4140092718128292,73.61343292792007,82.32639228613156,-0.10583433958734581,-1.77815497106357,2.987442156494877,16.412082787628943,6992.999999999998,0.9935256973371264,0.5284274254838213,
H1b,L38-hist,3p0kW,Xe1,a=1/32_b=0.9_c=1.1L_w=0.1L,facility,success,4.449039809338099,7.582322357019064,-0.4132352068598667,59.0329185408546,82.32639228613156,-0.2829405382458488,-4.7537701520973386,3.8823111238697567,26.955717777404246,2996.9999999999995,0.9155337493022861,0.33938013149809826,
H1b,L38-hist,3p0kW,Xe1,a=1/32_b=0.9_c=1.1L_w=0.25L,facility,success,2.754897974029739,7.582322357019064,-0.6366683129108206,40.385743941762136,82.32639228613156,-0.5094435354169481,-8.559315988646821,4.761567491367476,39.37445964748581,2996.9999999999995,0.9182719703053283,0.256516231262223,
H1b,L38-hist,3p0kW,Xe1,a=1/32_b=0.9_c=1L_w=0.1L,facility,success,5.66647902741645,7.582322357019064,-0.2526723659841618,76.19695689220543,82.32639228613156,-0.07445286042199951,-1.250905182433904,3.2402200903609333,18.88095853642649,9989.999999999998,0.8836924050245911,0.4439419281919904,
H1b,L38-hist,3p0kW,Xe1,a=1/32_b=0.9_c=1L_w=0.25L,facility,success,3.752928996330669,7.582322357019064,-0.5050422786553609,60.48446546390691,82.32639228613156,-0.26530892725520383,-4.457536086168296,3.656873606708048,23.627785259201055,2996.9999999999995,0.9756036740313575,0.422358794318945,
H1b,L38-hist,3p0kW,Xe1,a=1/8_b=0.8_c=0.9L_w=0.1L,facility,success,12.839744169252997,7.582322357019064,0.6933788310077668,102.52529098982959,82.32639228613156,0.24535143764705775,4.122224225244494,0.0018691057731699094,0.012957447577458247,5993.999999999999,0.3319008345417325,0.3547070710285574,
H1b,L38-hist,3p0kW,Xe1,a=1/8_b=0.8_c=0.9L_w=0.25L,facility,success,10.645084120796476,7.582322357019064,0.40393452290275816,105.21890583998292,82.32639228613156,0.27807016581373695,4.671941541602317,0.11715829505035087,0.4286497664102512,5993.999999999999,0.4065392364594982,0.45061190392566525,
H1b,L38-hist,3p0kW,Xe1,a=1/8_b=0.8_c=1.1L_w=0.1L,facility,success,13.274696384849355,7.582322357019064,0.7507428146418464,103.19555027619899,82.32639228613156,0.25349292505780047,4.259011834707638,0.006008142008258523,0.03248442727352106,5993.999999999999,0.32144045467333854,0.34758541208075955,
H1b,L38-hist,3p0kW,Xe1,a=1/8_b=0.8_c=1.1L_w=0.25L,facility,success,11.201163275572528,7.582322357019064,0.477273419429794,107.27999188198778,82.32639228613156,0.3031057101242589,5.092571346093105,0.33760759713934196,0.9652001951663496,5993.999999999999,0.39143204800369474,0.4451829588533126,
H1b,L38-hist,3p0kW,Xe1,a=1/8_b=0.8_c=1L_w=0.1L,facility,success,13.042627193935605,7.582322357019064,0.7201362036344787,102.9539410341,82.32639228613156,0.25055815243641233,4.209703826116006,0.003719423377418171,0.021150521306037128,5993.999999999999,0.3270680690231747,0.35211543803689854,
H1b,L38-hist,3p0kW,Xe1,a=1/8_b=0.8_c=1L_w=0.25L,facility,success,10.670180919284292,7.582322357019064,0.40724443209760836,104.1094632006455,82.32639228613156,0.2645940179038241,4.445524676431416,0.23200292154484628,0.7321681327513362,5993.999999999999,0.399924897356503,0.4401217455579587,
H1b,L38-hist,3p0kW,Xe1,a=1/8_b=0.97_c=0.9L_w=0.1L,facility,success,9.415628508362847,7.582322357019064,0.24178689127436867,102.37302233149187,82.32639228613156,0.24350186481738129,4.091148988849042,0.11330371753585824,0.46799394964506225,5993.999999999999,0.44852724604651456,0.4822652064617679,
H1b,L38-hist,3p0kW,Xe1,a=1/8_b=0.97_c=0.9L_w=0.25L,facility,success,6.86080433930081,7.582322357019064,-0.0951579191367846,102.75575267764776,82.32639228613156,0.24815080345695734,4.169257222758408,0.011602370125745711,0.06753844542620854,7991.999999999998,0.6195184748522777,0.666808997103161,
H1b,L38-hist,3p0kW,Xe1,a=1/8_b=0.97_c=1.1L_w=0.1L,facility,success,9.760349835756271,7.582322357019064,0.28725070976717,106.73034970766857,82.32639228613156,0.296429331394958,4.980399473783061,0.3723546478989898,1.224737450382681,4994.999999999999,0.4434920203677488,0.5056787178746966,
H1b,L38-hist,3p0kW,Xe1,a=1/8_b=0.97_c=1.1L_w=0.25L,facility,success,7.04145428087462,7.582322357019064,-0.07133277255665002,100.81948195565718,82.32639228613156,0.22463136250707424,3.7740999325562483,0.3398461784702591,1.036232368121285,6992.999999999998,0.608081073555343,0.6254473471801062,
H1b,L38-hist,3p0kW,Xe1,a=1/8_b=0.97_c=1L_w=0.1L,facility,success,9.33430968116725,7.582322357019064,0.23106209966480082,101.89309214050122,82.32639228613156,0.23767226172579178,3.993204051912176,0.25113045086512226,0.8878010439431409,4994.999999999999,0.44587434181643293,0.48191614280660977,
H1b,L38-hist,3p0kW,Xe1,a=1/8_b=0.97_c=1L_w=0.25L,facility,success,6.80673046251095,7.582322357019064,-0.1022894910014129,99.55457069857651,82.32639228613156,0.20926677258693813,3.515954778049989,0.2634136238149569,0.9594911534028504,6992.999999999998,0.6250256350642508,0.6308818741918356,
H1b,L38-hist,3p0kW,Xe1,a=1/8_b=0.9_c=0.9L_w=0.1L,facility,success,11.5400031339531,7.582322357019064,0.5219615561807861,103.43998307882148,82.32639228613156,0.25646199482795334,4.308896080140801,0.004807834573539809,0.025163819412343302,5993.999999999999,0.37126235097375576,0.40173081924231874,
H1b,L38-hist,3p0kW,Xe1,a=1/8_b=0.9_c=0.9L_w=0.25L,facility,success,8.798133483267701,7.582322357019064,0.16034811882182035,103.64950939055596,82.32639228613156,0.2590070633766424,4.351656551923346,0.010725619775857748,0.06590356393245606,5993.999999999999,0.48120091128134346,0.5290639259836345,
H1b,L38-hist,3p0kW,Xe1,a=1/8_b=0.9_c=1.1L_w=0.1L,facility,success,11.993375701496833,7.582322357019064,0.5817549210888395,104.46624368488155,82.32639228613156,0.26892774946096587,4.518337020153057,0.028097884611144024,0.11304059134120896,5993.999999999999,0.357760246942637,0.3942527351516157,
H1b,L38-hist,3p0kW,Xe1,a=1/8_b=0.9_c=1.1L_w=0.25L,facility,success,9.093334253301897,7.582322357019064,0.19928088323547316,103.51860265008484,82.32639228613156,0.2574169689143934,4.324940890602711,0.23870297857947004,0.9709866792191281,4994.999999999999,0.4597526882751262,0.5105965104076503,
H1b,L38-hist,3p0kW,Xe1,a=1/8_b=0.9_c=1L_w=0.1L,facility,success,11.735114321754297,7.582322357019064,0.5476939345490811,103.97010608625544,82.32639228613156,0.2629012786677148,4.417084449004872,0.011380297299163152,0.050268530066818966,5993.999999999999,0.3651428317839735,0.39911113535826453,
H1b,L38-hist,3p0kW,Xe1,a=1/8_b=0.9_c=1L_w=0.25L,facility,success,8.973812576163528,7.582322357019064,0.18351768147345282,104.45397986222842,82.32639228613156,0.2687787835909384,4.515834199203439,0.051777886449985495,0.264582774574648,4994.999999999999,0.47223078355497383,0.5267895905257296,
H1b,L38-hist,3p0kW,Xe2,a=1/16_b=0.8_c=0.9L_w=0.1L,facility,success,9.505397628123369,8.589692369157012,0.10660512852059492,115.21446917800662,93.01516772729975,0.2386632416316271,4.530469683817727,1.142914061051749,6.472472814699425,4994.999999999999,0.47996962209864824,0.5579341031348592,
H1b,L38-hist,3p0kW,Xe2,a=1/16_b=0.8_c=0.9L_w=0.25L,facility,success,7.318573979752394,8.589692369157012,-0.14798182924091904,104.28568446205718,93.01516772729975,0.12116859013575206,2.3001054560729415,0.43970347986970054,1.4562880106214393,5993.999999999999,0.5697287025470752,0.593693200393784,
H1b,L38-hist,3p0kW,Xe2,a=1/16_b=0.8_c=1.1L_w=0.1L,facility,success,7.489464217814847,8.589692369157012,-0.1280870261771832,80.15627073062532,93.01516772729975,-0.13824516270694603,-2.6242646931988634,2.9678739483167726,16.5070559423807,3995.999999999999,0.5132044815782949,0.3427389067347472,
H1b,L38-hist,3p0kW,Xe2,a=1/16_b=0.8_c=1.1L_w=0.25L,facility,success,7.34966860331095,8.589692369157012,-0.14436183655407875,92.48722941541978,93.01516772729975,-0.0056758303487425416,-0.1077425126285685,2.5873946110492345,14.174236730437759,3995.999999999999,0.5542994752463168,0.46498070613962045,
H1b,L38-hist,3p0kW,Xe2,a=1/16_b=0.8_c=1L_w=0.1L,facility,success,7.941819879360348,8.589692369157012,-0.07542441125400233,88.4684854172343,93.01516772729975,-0.04888108489354488,-0.92789434899295,2.769615331974876,17.388337085884384,3995.999999999999,0.48898166381724323,0.3937280008951958,
H1b,L38-hist,3p0kW,Xe2,a=1/16_b=0.8_c=1L_w=0.25L,facility,success,7.187051231926814,8.589692369157012,-0.1632935240226598,100.56507996283545,93.01516772729975,0.08116861389392313,1.5407984154154475,1.1901369843733605,4.286940218232924,4994.999999999999,0.5642584800736038,0.5621896115857701,
H1b,L38-hist,3p0kW,Xe2,a=1/16_b=0.97_c=0.9L_w=0.1L,facility,success,6.751624818654234,8.589692369157012,-0.21398525948411412,101.42463147629996,93.01516772729975,0.09040959613871707,1.7162170916326938,0.45231981924508624,1.478811789138779,4994.999999999999,0.6117303696795705,0.6087202173991071,
H1b,L38-hist,3p0kW,Xe2,a=1/16_b=0.97_c=0.9L_w=0.25L,facility,success,4.983918977713831,8.589692369157012,-0.4197791069201061,87.8862444998407,93.01516772729975,-0.05514071901150516,-1.0467190260120527,0.1710487287581407,0.7537035804769687,88910.99999999999,0.873726559312902,0.6191701209938396,
H1b,L38-hist,3p0kW,Xe2,a=1/16_b=0.97_c=1.1L_w=0.1L,facility,success,6.864834384322824,8.589692369157012,-0.20080555981581263,92.32187841976821,93.01516772729975,-0.007453508115623842,-0.14148761378194724,3.083920463929366,14.727397825041821,6992.999999999998,0.686697336291282,0.49604188664462434,
H1b,L38-hist,3p0kW,Xe2,a=1/16_b=0.97_c=1.1L_w=0.25L,facility,success,5.238324304235812,8.589692369157012,-0.3901615937905936,79.02753165121901,93.01516772729975,-0.15038016291159587,-2.8546196073634182,0.2202341379082352,1.4922791394554407,56942.999999999985,0.7782398911384807,0.4763252489316677,
H1b,L38-hist,3p0kW,Xe2,a=1/16_b=0.97_c=1L_w=0.1L,facility,success,6.922448875656917,8.589692369157012,-0.19409816112701106,104.02712885839992,93.01516772729975,0.1183888757087966,2.247339006346971,0.2681911793317591,1.2820234812504827,3995.999999999999,0.6043887105999735,0.6245577728294608,
H1b,L38-hist,3p0kW,Xe2,a=1/16_b=0.97_c=1L_w=0.25L,facility,success,4.923351872550864,8.589692369157012,-0.426830244790939,77.83617179967708,93.01516772729975,-0.1631883949521459,-3.097754270943405,0.5341715069067725,2.255590750035546,4994.999999999999,0.799781495745255,0.4916332082082039,
H1b,L38-hist,3p0kW,Xe2,a=1/16_b=0.9_c=0.9L_w=0.1L,facility,success,8.209297050917844,8.589692369157012,-0.044285092165238994,105.92731635446653,93.01516772729975,0.13881766751227484,2.6351323728911784,1.7024329318816736,7.234391781062228,4994.999999999999,0.5229381023004812,0.5460710072114607,
H1b,L38-hist,3p0kW,Xe2,a=1/16_b=0.9_c=0.9L_w=0.25L,facility,success,6.23131639359338,8.589692369157012,-0.27455884031794286,95.39930259506511,93.01516772729975,0.025631678424266467,0.4865581362786439,0.1642878186030396,0.7302866507852324,35963.99999999999,0.6701443278345477,0.5835119399437947,
H1b,L38-hist,3p0kW,Xe2,a=1/16_b=0.9_c=1.1L_w=0.1L,facility,success,7.860252183716992,8.589692369157012,-0.08492040856541257,94.57815032029984,93.01516772729975,0.016803523889591953,0.3189760393877722,3.0339629839280535,17.831750088658893,10988.999999999998,0.590035741690912,0.4546574406401516,
H1b,L38-hist,3p0kW,Xe2,a=1/16_b=0.9_c=1.1L_w=0.25L,facility,success,6.246272279082704,8.589692369157012,-0.27281769699795316,91.53485924492497,93.01516772729975,-0.015914699919853083,-0.3021037719132201,0.5869153038772124,2.8167862725142983,4994.999999999999,0.6696731683719923,0.5359092769126452,
H1b,L38-hist,3p0kW,Xe2,a=1/16_b=0.9_c=1L_w=0.1L,facility,success,7.523671489854139,8.589692369157012,-0.12410466329744611,95.95281566746941,93.01516772729975,0.03158246135492866,0.5995199877897248,2.195050621907504,9.054740778380921,3995.999999999999,0.5504036880886694,0.48890533073497483,
H1b,L38-hist,3p0kW,Xe2,a=1/16_b=0.9_c=1L_w=0.25L,facility,success,6.213205366764475,8.589692369157012,-0.2766673007901637,91.2425369086289,93.01516772729975,-0.019057438286493433,-0.36176139156547965,0.29677186831764885,1.45537596780082,4994.999999999999,0.6559437832816657,0.5353257640104632,
H1b,L38-hist,3p0kW,Xe2,a=1/32_b=0.8_c=0.9L_w=0.1L,facility,success,5.435024115903647,8.589692369157012,-0.36726207618107776,73.24870027927737,93.01516772729975,-0.21250800198493822,-4.033972948575995,3.0248596504330294,17.346151701394575,3995.999999999999,0.7877084779206845,0.39440055820814707,
H1b,L38-hist,3p0kW,Xe2,a=1/32_b=0.8_c=0.9L_w=0.25L,facility,success,3.596716756916943,8.589692369157012,-0.581275253834274,63.3753312075805,93.01516772729975,-0.3186559487439383,-6.048946228514133,3.559946107562354,23.353822381442956,6992.999999999998,1.129396884279668,0.44614229414198325,
H1b,L38-hist,3p0kW,Xe2,a=1/32_b=0.8_c=1.1L_w=0.1L,facility,success,5.51978264161182,8.589692369157012,-0.35739460688584257,74.525107239911,93.01516772729975,-0.19878543402294982,-3.773481732120154,2.5876046727363455,12.801329997525327,3995.999999999999,0.86136781915618,0.4019966123688919,
H1b,L38-hist,3p0kW,Xe2,a=1/32_b=0.8_c=1.1L_w=0.25L,facility,success,4.217209183729235,8.589692369157012,-0.5090383913081733,66.21610519085523,93.01516772729975,-0.28811497297960637,-5.469196436009086,4.039858687461258,28.28727309824251,2996.9999999999995,0.9868926968382373,0.4153758767912866,
H1b,L38-hist,3p0kW,Xe2,a=1/32_b=0.8_c=1L_w=0.1L,facility,success,5.343162752435559,8.589692369157012,-0.3779564479373859,59.91049227572032,93.01516772729975,-0.3559062060570072,-6.756056214608047,3.3203190379955383,21.571553004731996,6992.999999999998,0.6545133177816099,0.2683777599649675,
H1b,L38-hist,3p0kW,Xe2,a=1/32_b=0.8_c=1L_w=0.25L,facility,success,5.2436914052586365,8.589692369157012,-0.3895367633784946,81.610517222486,93.01516772729975,-0.12261065354684644,-2.327479694859951,3.3022038616432687,19.7832691560146,9989.999999999998,0.9818484560572965,0.5074512021914844,
H1b,L38-hist,3p0kW,Xe2,a=1/32_b=0.97_c=0.9L_w=0.1L,facility,success,3.7532850513608325,8.589692369157012,-0.563047791462504,65.89614527100511,93.01516772729975,-0.2915548412039822,-5.5344943788356415,3.6701625499715345,22.503847807575337,6992.999999999998,0.9947594637014046,0.46221881741396964,
H1b,L38-hist,3p0kW,Xe2,a=1/32_b=0.97_c=0.9L_w=0.25L,facility,success,3.0308568920828916,8.589692369157012,-0.64715186972635,55.5577538662138,93.01516772729975,-0.40270221272839013,-7.644370175731827,3.4711658750217755,21.457788127122008,6992.999999999998,1.01212169865201,0.4068769416811786,
H1b,L38-hist,3p0kW,Xe2,a=1/32_b=0.97_c=1.1L_w=0.1L,facility,success,4.348023943486714,8.589692369157012,-0.49380911950943046,62.83531488404088,93.01516772729975,-0.32446162900807357,-6.159153641481402,4.136853772224,29.257411008074925,2996.9999999999995,0.9350122326396975,0.36278958850097415,
H1b,L38-hist,3p0kW,Xe2,a=1/32_b=0.97_c=1.1L_w=0.25L,facility,success,2.671532337141735,8.589692369157012,-0.6889839330294995,45.05545569334479,93.01516772729975,-0.5156117352232532,-9.787696333460195,4.73630245573468,38.33428624094487,2996.9999999999995,0.9690496078951121,0.3035802316638722,
H1b,L38-hist,3p0kW,Xe2,a=1/32_b=0.97_c=1L_w=0.1L,facility,success,5.420899885629256,8.589692369157012,-0.36890639936139413,82.64700272237415,93.01516772729975,-0.11146746555704555,-2.1159520418215507,3.3484829328672707,19.269523235357273,9989.999999999998,0.8946667843466507,0.5034101639675906,
H1b,L38-hist,3p0kW,Xe2,a=1/32_b=0.97_c=1L_w=0.25L,facility,success,3.4772713806179016,8.589692369157012,-0.5951809178750415,62.247687323312235,93.01516772729975,-0.3307791745771086,-6.279077633466841,3.69382315903813,23.80221747653108,2996.9999999999995,1.0044843096449232,0.44519164562973157,
H1b,L38-hist,3p0kW,Xe2,a=1/32_b=0.9_c=0.9L_w=0.1L,facility,success,3.9911943001620487,8.589692369157012,-0.5353507286834601,56.81076748831095,93.01516772729975,-0.3892311450228444,-7.388653109997715,3.6557766272630348,24.417170173308605,6992.999999999998,0.837499172963292,0.3230707147976931,
H1b,L38-hist,3p0kW,Xe2,a=1/32_b=0.9_c=0.9L_w=0.25L,facility,success,3.366077699599027,8.589692369157012,-0.6081259310652855,56.430561378562224,93.01516772729975,-0.3933187161044061,-7.466246193619903,3.660886114849125,24.198319084525032,6992.999999999998,0.9789269733902678,0.37795818534092485,
H1b,L38-hist,3p0kW,Xe2,a=1/32_b=0.9_c=1.1L_w=0.1L,facility,success,4.412043912190362,8.589692369157012,-0.48635600408314067,61.40229117506766,93.01516772729975,-0.3398679734139079,-6.451607459639203,3.8863612206842384,27.746726955273264,2996.9999999999995,0.8520377629207436,0.34140389982517927,
H1b,L38-hist,3p0kW,Xe2,a=1/32_b=0.9_c=1.1L_w=0.25L,facility,success,4.102723854341031,8.589692369157012,-0.5223666136085767,63.62289701432213,93.01516772729975,-0.31599438490665716,-5.9984225944852305,4.074335897205405,28.72811310165475,2996.9999999999995,0.9459745140841846,0.3941792372439201,
H1b,L38-hist,3p0kW,Xe2,a=1/32_b=0.9_c=1L_w=0.1L,facility,success,4.294377101597305,8.589692369157012,-0.500054609986137,63.094712388909386,93.01516772729975,-0.321672863356121,-6.106215375181708,3.926069563816524,26.528633462476286,9989.999999999998,0.8969773838839774,0.3703607048732847,
H1b,L38-hist,3p0kW,Xe2,a=1/32_b=0.9_c=1L_w=0.25L,facility,success,3.751040712973614,8.589692369157012,-0.563309074205909,61.53532464607067,93.01516772729975,-0.3384377392461533,-6.424457771679404,3.8707923073590984,26.37343913110284,2996.9999999999995,0.9650816858331336,0.403307561761659,
H1b,L38-hist,3p0kW,Xe2,a=1/8_b=0.8_c=0.9L_w=0.1L,facility,success,13.001363161480937,8.589692369157012,0.513600557822641,104.70456278767362,93.01516772729975,0.12567192368716282,2.385590828647727,0.0008409935538635775,0.005970342312370159,5993.999999999999,0.32165186839748944,0.33688484648443257,
H1b,L38-hist,3p0kW,Xe2,a=1/8_b=0.8_c=0.9L_w=0.25L,facility,success,10.672052528114328,8.589692369157012,0.2424254640869843,106.85621079389149,93.01516772729975,0.14880415103019173,2.824702666651373,0.05542400603572954,0.21571834676839793,6992.999999999998,0.39601761689991855,0.42745532887942045,
H1b,L38-hist,3p0kW,Xe2,a=1/8_b=0.8_c=1.1L_w=0.1L,facility,success,13.406417619134393,8.589692369157012,0.56075643259039,105.29591875413331,93.01516772729975,0.13202955310297398,2.5062757197619496,0.004059978432695474,0.023294407420235048,5993.999999999999,0.3122158828430338,0.3304071852972957,
H1b,L38-hist,3p0kW,Xe2,a=1/8_b=0.8_c=1.1L_w=0.25L,facility,success,11.034114912138127,8.589692369157012,0.28457626163170846,107.02117392013567,93.01516772729975,0.1505776588383787,2.8583686107828394,0.16225343929375985,0.5177974936284967,5993.999999999999,0.3814135829672233,0.41470671616720056,
H1b,L38-hist,3p0kW,Xe2,a=1/8_b=0.8_c=1L_w=0.1L,facility,success,13.186428312672039,8.589692369157012,0.5351455844938656,105.06621792999462,93.01516772729975,0.1295600545281596,2.4593980005499727,0.002334477240674305,0.014762371167948552,5993.999999999999,0.3172911226287017,0.33445536800334785,
H1b,L38-hist,3p0kW,Xe2,a=1/8_b=0.8_c=1L_w=0.25L,facility,success,10.796772117397479,8.589692369157012,0.2569451446439948,106.72466185687465,93.01516772729975,0.14738987699047268,2.797855944811203,0.11294776639956397,0.38893713498759797,5993.999999999999,0.3896852726072117,0.42147788330761626,
H1b,L38-hist,3p0kW,Xe2,a=1/8_b=0.97_c=0.9L_w=0.1L,facility,success,9.554118831176417,8.589692369157012,0.11227718299695683,104.6742695888863,93.01516772729975,0.12534624348330473,2.3794085431809266,0.12670958462710913,0.5088650907072121,5993.999999999999,0.4342980775390026,0.4581718365796797,
H1b,L38-hist,3p0kW,Xe2,a=1/8_b=0.97_c=0.9L_w=0.25L,facility,success,6.912311269506249,8.589692369157012,-0.19527836708957483,105.1520511915072,93.01516772729975,0.13048284232298693,2.476914992695395,0.015421204164558144,0.09106185444234739,8990.999999999998,0.6030597012418248,0.6390743123381668,
H1b,L38-hist,3p0kW,Xe2,a=1/8_b=0.97_c=1.1L_w=0.1L,facility,success,9.455739509173421,8.589692369157012,0.10082399960284055,105.15220339794948,93.01516772729975,0.1304844786845181,2.4769460552346363,0.40257768551433554,1.2678122349654781,4994.999999999999,0.4343206081780977,0.4671758729669106,
H1b,L38-hist,3p0kW,Xe2,a=1/8_b=0.97_c=1.1L_w=0.25L,facility,success,7.015392666018935,8.589692369157012,-0.18327777474207468,103.4346221209447,93.01516772729975,0.1120188744290878,2.126419264009169,0.2428600686551509,0.8013363804801853,5993.999999999999,0.5946666129732431,0.6092829573170979,
H1b,L38-hist,3p0kW,Xe2,a=1/8_b=0.97_c=1L_w=0.1L,facility,success,9.412845421497698,8.589692369157012,0.09583032976784824,103.91517277617125,93.01516772729975,0.11718524317268275,2.2244908263003045,0.24091891836170293,0.8273240570963049,4994.999999999999,0.43376334806456684,0.4583277487470484,
H1b,L38-hist,3p0kW,Xe2,a=1/8_b=0.97_c=1L_w=0.25L,facility,success,7.007134768138247,8.589692369157012,-0.18423914769069621,106.67403523273092,93.01516772729975,0.14684559345714443,2.7875239807002363,0.020818811892952635,0.10641233282731358,6992.999999999998,0.5975462878774859,0.6488078974240177,
H1b,L38-hist,3p0kW,Xe2,a=1/8_b=0.9_c=0.9L_w=0.1L,facility,success,11.68376966760324,8.589692369157012,0.36020816176794923,105.5902219513799,93.01516772729975,0.13519358757646355,2.5663375967510498,0.0020305910401831905,0.011379030856237185,5993.999999999999,0.35971316799008146,0.3812444842830191,
H1b,L38-hist,3p0kW,Xe2,a=1/8_b=0.9_c=0.9L_w=0.25L,facility,success,8.91533106010617,8.589692369157012,0.03791040202073231,106.42954970527741,93.01516772729975,0.14421714550153472,2.7376289750974783,0.017163454446964793,0.10376115182182623,5993.999999999999,0.46898287276748435,0.5076052730749149,
H1b,L38-hist,3p0kW,Xe2,a=1/8_b=0.9_c=1.1L_w=0.1L,facility,success,12.079088622099885,8.589692369157012,0.4062306428426051,106.41702512026731,93.01516772729975,0.14408249450518523,2.735072937340316,0.0030360252022656226,0.013650294728427983,5993.999999999999,0.34804079970767093,0.3745650148712342,
H1b,L38-hist,3p0kW,Xe2,a=1/8_b=0.9_c=1.1L_w=0.25L,facility,success,9.142407289528714,8.589692369157012,0.06434629979955213,105.57286601466595,93.01516772729975,0.13500699503313945,2.562795568850243,0.29763004728948583,1.1016574829010988,4994.999999999999,0.4486441416796923,0.4870608346545847,
H1b,L38-hist,3p0kW,Xe2,a=1/8_b=0.9_c=1L_w=0.1L,facility,success,11.86088342293982,8.589692369157012,0.38082749802876126,106.12635246377705,93.01516772729975,0.1409574917385134,2.675751987036182,0.0011585727726989594,0.005687230803357361,5993.999999999999,0.3545735279011323,0.3793748955084142,
H1b,L38-hist,3p0kW,Xe2,a=1/8_b=0.9_c=1L_w=0.25L,facility,success,9.044528062980994,8.589692369157012,0.052951336820531526,106.89795454868376,93.01516772729975,0.14925293541463375,2.833221800282448,0.08094682903090505,0.39007646795418494,5993.999999999999,0.46124714991470195,0.5047682503895213,
H1b,L38-hist,3p0kW,Xe3,a=1/16_b=0.8_c=0.9L_w=0.1L,facility,success,8.51409676724981,7.400656215822092,0.15045159766336116,105.34818776715557,95.17124528500324,0.10693295492431655,2.076927037173944,0.6636694303059355,2.5368764118343408,5993.999999999999,0.45794842570783334,0.47521457135517137,
H1b,L38-hist,3p0kW,Xe3,a=1/16_b=0.8_c=0.9L_w=0.25L,facility,success,7.393848880562573,7.400656215822092,-0.0009198286018157998,107.7438734034907,95.17124528500324,0.1321053232080446,2.5658424731607026,0.6084638773360757,2.0029238521145523,5993.999999999999,0.5554971184570536,0.5723857211905001,
H1b,L38-hist,3p0kW,Xe3,a=1/16_b=0.8_c=1.1L_w=0.1L,facility,success,7.930134544107726,7.400656215822092,0.07154478100923609,86.40712289681312,95.17124528500324,-0.09208792384658582,-1.788596405753085,2.6621943385116884,13.553076985235153,3995.999999999999,0.48306722688205633,0.3432359160954866,
H1b,L38-hist,3p0kW,Xe3,a=1/16_b=0.8_c=1.1L_w=0.25L,facility,success,7.111297615968838,7.400656215822092,-0.039099046275737744,94.14210206806202,95.17124528500324,-0.010813594104598671,-0.21002922794718876,3.134093151414502,19.816764109708277,3995.999999999999,0.5499586871390072,0.4543527073731284,
H1b,L38-hist,3p0kW,Xe3,a=1/16_b=0.8_c=1L_w=0.1L,facility,success,8.919072381187156,7.400656215822092,0.2051731793889838,109.8808554504631,95.17124528500324,0.15455939576507507,3.0019612582571122,1.9377869835707857,9.87363778803887,4994.999999999999,0.4772524799439802,0.49351296646418297,
H1b,L38-hist,3p0kW,Xe3,a=1/16_b=0.8_c=1L_w=0.25L,facility,success,7.9407271150273555,7.400656215822092,0.07297608258719394,114.70820074049459,95.17124528500324,0.20528212483702693,3.987133766426805,0.9607628335460502,3.3343806868682138,5993.999999999999,0.5503198949562833,0.6040916824435646,
H1b,L38-hist,3p0kW,Xe3,a=1/16_b=0.97_c=0.9L_w=0.1L,facility,success,7.003498694382155,7.400656215822092,-0.05366517641919943,107.2415992203545,95.17124528500324,0.1268277398199944,2.4633375378267877,0.601005856592938,1.838895524495867,4994.999999999999,0.589222471760961,0.5986675298022568,
H1b,L38-hist,3p0kW,Xe3,a=1/16_b=0.97_c=0.9L_w=0.25L,facility,success,5.06512494956531,7.400656215822092,-0.31558434794789925,89.8698431699173,95.17124528500324,-0.05570382208628423,-1.08191879899713,0.18294234900877943,0.8129388104150844,76922.99999999999,0.8152416686704549,0.5813156255021584,
H1b,L38-hist,3p0kW,Xe3,a=1/16_b=0.97_c=1.1L_w=0.1L,facility,success,5.963704566215693,7.400656215822092,-0.1941654371857317,88.9161869892215,95.17124528500324,-0.06572424556440463,-1.2765425093432121,3.294808459680029,16.540937567532072,6992.999999999998,0.710077868305687,0.4833032687268304,
H1b,L38-hist,3p0kW,Xe3,a=1/16_b=0.97_c=1.1L_w=0.25L,facility,success,5.273548260641978,7.400656215822092,-0.2874215330570962,84.77793296174035,95.17124528500324,-0.10920643406670473,-2.1210841476046713,0.25988329984687725,1.7699276743534427,53945.999999999985,0.7722364565890637,0.49686329438680726,
H1b,L38-hist,3p0kW,Xe3,a=1/16_b=0.97_c=1L_w=0.1L,facility,success,7.200043986953048,7.400656215822092,-0.027107356836836856,110.66375059423602,95.17124528500324,0.16278556892723603,3.161735777394445,0.24160785696424014,1.1035088688944064,4994.999999999999,0.5853907897707072,0.6200829828816433,
H1b,L38-hist,3p0kW,Xe3,a=1/16_b=0.97_c=1L_w=0.25L,facility,success,4.991853908332128,7.400656215822092,-0.3254849620416243,88.52859771283035,95.17124528500324,-0.06979679158637235,-1.3556423616679374,0.44200543543299076,1.9188191630937563,4994.999999999999,0.8531039952588154,0.5723734701664236,
H1b,L38-hist,3p0kW,Xe3,a=1/16_b=0.9_c=0.9L_w=0.1L,facility,success,8.327475500100112,7.400656215822092,0.12523474368347826,113.33538862307894,95.17124528500324,0.19085747258723684,3.706968028178714,0.31130423974952864,0.9966443746441779,4994.999999999999,0.5019848668965221,0.562330843611998,
H1b,L38-hist,3p0kW,Xe3,a=1/16_b=0.9_c=0.9L_w=0.25L,facility,success,6.3184233331165185,7.400656215822092,-0.1462347190769157,103.26142282907128,95.17124528500324,0.08500653238108731,1.6510566416465366,0.20352293951894473,0.9045515628858016,28970.999999999993,0.665344308501714,0.6152359178540131,
H1b,L38-hist,3p0kW,Xe3,a=1/16_b=0.9_c=1.1L_w=0.1L,facility,success,7.663100120923098,7.400656215822092,0.0354622478666039,98.68815643841897,95.17124528500324,0.03695350568214016,0.7177369700848412,2.747821634263489,14.445948937194625,3995.999999999999,0.6058513627080534,0.46333996856812537,
H1b,L38-hist,3p0kW,Xe3,a=1/16_b=0.9_c=1.1L_w=0.25L,facility,success,6.318065816701964,7.400656215822092,-0.1462830278219957,94.64136548628439,95.17124528500324,-0.005567645953691881,-0.10813873443242158,0.4794904867454183,2.4755916508312468,4994.999999999999,0.6210841072787842,0.5168351495287611,
H1b,L38-hist,3p0kW,Xe3,a=1/16_b=0.9_c=1L_w=0.1L,facility,success,9.250674931628764,7.400656215822092,0.24998036145111818,121.70199308522088,95.17124528500324,0.27876852636284943,5.414438326575027,2.029570243037455,7.892217353023158,3995.999999999999,0.522869681795239,0.5837086827074901,
H1b,L38-hist,3p0kW,Xe3,a=1/16_b=0.9_c=1L_w=0.25L,facility,success,6.304875149072744,7.400656215822092,-0.1480653924183971,97.74713613863858,95.17124528500324,0.02706585214810928,0.5256920109459877,0.22146992122263637,0.947784148487927,35963.99999999999,0.6520905498398147,0.5524662922116744,
H1b,L38-hist,3p0kW,Xe3,a=1/32_b=0.8_c=0.9L_w=0.1L,facility,success,5.988964177382987,7.400656215822092,-0.19075227888859442,90.28995079545643,95.17124528500324,-0.05128959356294134,-0.9961825488871048,0.7988254308473637,3.0356046388830475,5993.999999999999,0.7795219810156817,0.4962509026284168,
H1b,L38-hist,3p0kW,Xe3,a=1/32_b=0.8_c=0.9L_w=0.25L,facility,success,4.772967209830648,7.400656215822092,-0.3550616228292872,79.71425471426956,95.17124528500324,-0.16241240223815107,-3.154487871578303,3.2066089105521423,19.097423925644755,3995.999999999999,0.9770042587179969,0.48535300368922296,
H1b,L38-hist,3p0kW,Xe3,a=1/32_b=0.8_c=1.1L_w=0.1L,facility,success,5.337767603670619,7.400656215822092,-0.27874401296214246,74.72315054137468,95.17124528500324,-0.21485580736486068,-4.173080559924196,2.387807569333862,12.504350871189487,3995.999999999999,0.7824982748816507,0.38135099187225163,
H1b,L38-hist,3p0kW,Xe3,a=1/32_b=0.8_c=1.1L_w=0.25L,facility,success,5.345558588301961,7.400656215822092,-0.2776912705560453,89.30210694499966,95.17124528500324,-0.061669239720754346,-1.1977833346946074,3.6732571943753816,23.81825436683508,12986.999999999998,0.9946872607453295,0.5438817791803766,
H1b,L38-hist,3p0kW,Xe3,a=1/32_b=0.8_c=1L_w=0.1L,facility,success,5.263704877122514,7.400656215822092,-0.2887516020715736,78.18505112011051,95.17124528500324,-0.17848031844098777,-3.466570237733211,2.442115454819777,14.33600200469005,3995.999999999999,0.7708796782288077,0.4233797770063332,
H1b,L38-hist,3p0kW,Xe3,a=1/32_b=0.8_c=1L_w=0.25L,facility,success,3.9107598572190887,7.400656215822092,-0.4715657986033517,60.249330562785815,95.17124528500324,-0.3669376671245501,-7.1269213718811075,4.00985463761269,28.94865632119246,6992.999999999998,0.9030802405767375,0.33838998044491536,
H1b,L38-hist,3p0kW,Xe3,a=1/32_b=0.97_c=0.9L_w=0.1L,facility,success,4.792836491387608,7.400656215822092,-0.3523768228632409,70.58819852954068,95.17124528500324,-0.2583033003492314,-5.016948317441339,3.3050102790078264,18.84437130549176,10988.999999999998,0.8006439936824417,0.3790057302151424,
H1b,L38-hist,3p0kW,Xe3,a=1/32_b=0.97_c=0.9L_w=0.25L,facility,success,3.7124038389441583,7.400656215822092,-0.49836828915153564,63.924564413441786,95.17124528500324,-0.32832060543065317,-6.37687364725744,3.3599731271573,19.894077721607694,3995.999999999999,0.9387175273736111,0.4012864857293105,
H1b,L38-hist,3p0kW,Xe3,a=1/32_b=0.97_c=1.1L_w=0.1L,facility,success,4.2893900143735735,7.400656215822092,-0.42040409805779744,63.09942838822233,95.17124528500324,-0.3369906193907361,-6.545268754445084,4.23105806476178,30.385698939550064,2996.9999999999995,0.8933296662743654,0.33839933898317914,
H1b,L38-hist,3p0kW,Xe3,a=1/32_b=0.97_c=1.1L_w=0.25L,facility,success,3.8686020134177217,7.400656215822092,-0.47726229936922115,69.42181900029966,95.17124528500324,-0.27055888790351984,-5.254984956061955,4.137244992259358,28.861880104987467,2996.9999999999995,0.9994342434393779,0.45416338354148567,
H1b,L38-hist,3p0kW,Xe3,a=1/32_b=0.97_c=1L_w=0.1L,facility,success,4.061465241967334,7.400656215822092,-0.4512020118858917,69.57656123603613,95.17124528500324,-0.26893295314483223,-5.223404907952472,4.023873656728488,27.730254095208213,9989.999999999998,0.9762180273427575,0.4345276052450347,
H1b,L38-hist,3p0kW,Xe3,a=1/32_b=0.97_c=1L_w=0.25L,facility,success,3.472790880897467,7.400656215822092,-0.5307455474728201,64.1021951158897,95.17124528500324,-0.3264541729602575,-6.340622483492559,3.9114445600209615,26.516538841824254,2996.9999999999995,1.0096817055919032,0.4313614828721483,
H1b,L38-hist,3p0kW,Xe3,a=1/32_b=0.9_c=0.9L_w=0.1L,facility,success,5.39617443539227,7.400656215822092,-0.2708518977201479,84.90837091410242,95.17124528500324,-0.10783587353687824,-2.0944641573266995,0.21105675626140005,1.233631274367368,5993.999999999999,0.8517916766388763,0.4870675866218229,
H1b,L38-hist,3p0kW,Xe3,a=1/32_b=0.9_c=0.9L_w=0.25L,facility,success,3.3686384496059323,7.400656215822092,-0.5448189523512773,58.01230246021567,95.17124528500324,-0.39044296114346366,-7.583457719344401,3.7902600481949387,25.60355021704575,3995.999999999999,0.9667173300023443,0.3642168183385763,
H1b,L38-hist,3p0kW,Xe3,a=1/32_b=0.9_c=1.1L_w=0.1L,facility,success,4.222328864347871,7.400656215822092,-0.42946561207358575,65.41274511855357,95.17124528500324,-0.3126837321223841,-6.073163299275441,3.748969664037999,27.080822263434133,6992.999999999998,0.9138079132054421,0.369442527329949,
H1b,L38-hist,3p0kW,Xe3,a=1/32_b=0.9_c=1.1L_w=0.25L,facility,success,4.074541844848498,7.400656215822092,-0.4494350600778606,70.7087082026288,95.17124528500324,-0.2570370599766563,-4.992354506607029,4.248798476109817,31.13010416411361,2996.9999999999995,1.012375256057376,0.4473435874589961,
H1b,L38-hist,3p0kW,Xe3,a=1/32_b=0.9_c=1L_w=0.1L,facility,success,5.186334523664795,7.400656215822092,-0.29920612815701814,70.33745269127022,95.17124528500324,-0.260937980997988,-5.068120937496536,2.7403372780360944,22.107312843253485,3995.999999999999,0.6965043334594632,0.34776585476704147,
H1b,L38-hist,3p0kW,Xe3,a=1/32_b=0.9_c=1L_w=0.25L,facility,success,4.974238470988341,7.400656215822092,-0.3278652154718709,85.63669017921372,95.17124528500324,-0.10018314961874258,-1.945827572610108,3.4728019345744228,21.484419325608222,9989.999999999998,0.97964624031084,0.5374862241130549,
H1b,L38-hist,3p0kW,Xe3,a=1/8_b=0.8_c=0.9L_w=0.1L,facility,success,13.187314162648294,7.400656215822092,0.7819114654258261,107.17032480912773,95.17124528500324,0.12607883282594037,2.4487917396172425,0.0003886669329941442,0.0028960175321026565,5993.999999999999,0.31026912063259676,0.31751696432434073,
H1b,L38-hist,3p0kW,Xe3,a=1/8_b=0.8_c=0.9L_w=0.25L,facility,success,10.733055494811058,7.400656215822092,0.4502842966633859,108.84329442161587,95.17124528500324,0.1436573525508656,2.790214109512778,0.012803521233885548,0.0537025870050433,6992.999999999998,0.38366365765035987,0.40239648109457465,
H1b,L38-hist,3p0kW,Xe3,a=1/8_b=0.8_c=1.1L_w=0.1L,facility,success,13.545751439651362,7.400656215822092,0.8303446403430388,107.5923951059658,95.17124528500324,0.13051368387337736,2.53492853489032,0.0017232526872086804,0.010954455617349795,5993.999999999999,0.30200503948619456,0.3115546525155776,
H1b,L38-hist,3p0kW,Xe3,a=1/8_b=0.8_c=1.1L_w=0.25L,facility,success,11.133183257714196,7.400656215822092,0.5043508214734009,109.34498771063913,95.17124528500324,0.14892883226641293,2.8926004950277324,0.04600421389623968,0.16680987458519492,5993.999999999999,0.3695366792565685,0.3915187764516704,
H1b,L38-hist,3p0kW,Xe3,a=1/8_b=0.8_c=1L_w=0.1L,facility,success,13.34163579144082,7.400656215822092,0.8027638904395159,107.39817938618961,95.17124528500324,0.1284729864001584,2.4952926737115018,0.0009455973713362994,0.006929731681319668,5993.999999999999,0.3065411749459643,0.31518021693009624,
H1b,L38-hist,3p0kW,Xe3,a=1/8_b=0.8_c=1L_w=0.25L,facility,success,10.900335280138492,7.400656215822092,0.47288766864137366,109.21064458472844,95.17124528500324,0.14751723861217014,2.865183530556162,0.032227035959271864,0.12742033067449685,5993.999999999999,0.37786322041929266,0.3989002208350726,
H1b,L38-hist,3p0kW,Xe3,a=1/8_b=0.97_c=0.9L_w=0.1L,facility,success,9.771100922992531,7.400656215822092,0.3203019621560844,108.17625562978111,95.17124528500324,0.13664852556917373,2.654083743832218,0.06634218560012906,0.2655305968818147,5993.999999999999,0.4202750937966528,0.4366109094885911,
H1b,L38-hist,3p0kW,Xe3,a=1/8_b=0.97_c=0.9L_w=0.25L,facility,success,6.970333843414323,7.400656215822092,-0.05814651564110888,107.69294460120906,95.17124528500324,0.13157019516459925,2.555448840042004,0.017273850652003743,0.10871137445947547,8990.999999999998,0.5844116485356006,0.6065898192334235,
H1b,L38-hist,3p0kW,Xe3,a=1/8_b=0.97_c=1.1L_w=0.1L,facility,success,9.610150594161693,7.400656215822092,0.2985538462948535,108.30734681716426,95.17124528500324,0.13802594988458097,2.6808370473798,0.2788967406375439,0.8875858452343597,4994.999999999999,0.4214390100896704,0.44499981806471706,
H1b,L38-hist,3p0kW,Xe3,a=1/8_b=0.97_c=1.1L_w=0.25L,facility,success,7.178535648533085,7.400656215822092,-0.030013631333682105,110.40125989914083,95.17124528500324,0.16002748065898711,3.1081662477831777,0.009232580536056426,0.054263154417215465,5993.999999999999,0.5717583913306248,0.6189939298607273,
H1b,L38-hist,3p0kW,Xe3,a=1/8_b=0.97_c=1L_w=0.1L,facility,success,9.748303307754611,7.400656215822092,0.31722147651088173,108.75816192776352,95.17124528500324,0.1427628334805582,2.772840131175567,0.17790049692451623,0.6013260496779805,4994.999999999999,0.41986379076815467,0.4423528985917948,
H1b,L38-hist,3p0kW,Xe3,a=1/8_b=0.97_c=1L_w=0.25L,facility,success,7.0213412592721305,7.400656215822092,-0.0512542327988446,109.08821385877795,95.17124528500324,0.14623081301603694,2.8401976681172845,0.018994950072280165,0.1022752964815995,6992.999999999998,0.5813327760845848,0.6178880167932059,
H1b,L38-hist,3p0kW,Xe3,a=1/8_b=0.9_c=0.9L_w=0.1L,facility,success,11.807649448280104,7.400656215822092,0.5954868195385383,107.79545034557171,95.17124528500324,0.13264726149966374,2.57636837970785,0.0020813022376020467,0.012882609882121025,5993.999999999999,0.34750656455405365,0.3587662686748496,
H1b,L38-hist,3p0kW,Xe3,a=1/8_b=0.9_c=0.9L_w=0.25L,facility,success,9.078121272537297,7.400656215822092,0.2266643670231432,109.742679821555,95.17124528500324,0.15310753256317716,2.9737621503166842,0.02961381942137732,0.1536024663064703,5993.999999999999,0.45447621072693484,0.48364793126626443,
H1b,L38-hist,3p0kW,Xe3,a=1/8_b=0.9_c=1.1L_w=0.1L,facility,success,12.182732270745726,7.400656215822092,0.6461691930372181,108.71839116888466,95.17124528500324,0.14234494718769994,2.7647236497717187,0.00604407113344606,0.03032758364385353,5993.999999999999,0.33736193569345846,0.3537003798558529,
H1b,L38-hist,3p0kW,Xe3,a=1/8_b=0.9_c=1.1L_w=0.25L,facility,success,9.196951025678782,7.400656215822092,0.2427210179032956,107.8413011682832,95.17124528500324,0.13312903330557188,2.585725690465295,0.3914426895830603,1.3198142925039749,4994.999999999999,0.43612039637273964,0.46099960898705694,
H1b,L38-hist,3p0kW,Xe3,a=1/8_b=0.9_c=1L_w=0.1L,facility,success,11.976039676869496,7.400656215822092,0.6182402381109866,108.37475404850892,95.17124528500324,0.13873422296793506,2.69459362520524,0.003565543646689846,0.02001958828301136,5993.999999999999,0.3430726539529671,0.3575338915574282,
H1b,L38-hist,3p0kW,Xe3,a=1/8_b=0.9_c=1L_w=0.25L,facility,success,9.083171083739117,7.400656215822092,0.22734671343332016,109.03819979546745,95.17124528500324,0.14570529647833982,2.829990716421265,0.11925697609335949,0.5462154566833276,5993.999999999999,0.4484053995061079,0.47719297720669007,
H2a,L32-anode,1p6kW,Xe1,a=1/16_b=0.8_c=0.9L_w=0.1L,facility,success,8.774484407304483,7.582322357019064,0.15722914354621415,94.44528812959747,82.32639228613156,0.1472054769671648,2.4732440496869206,1.8778485388408315,12.71109277085654,4994.999999999999,0.4746657833586182,0.4404566595069369,
H2a,L32-anode,1p6kW,Xe1,a=1/16_b=0.8_c=0.9L_w=0.25L,facility,success,8.066615249886347,7.582322357019064,0.06387131409929656,106.90307155436615,82.32639228613156,0.29852734446101437,5.015648830251957,0.3395729032706167,1.8799573987847868,6992.999999999998,0.5397078994733402,0.6138372218681043,
H2a,L32-anode,1p6kW,Xe1,a=1/16_b=0.8_c=1.1L_w=0.1L,facility,success,8.141611214950903,7.582322357019064,0.07376221052038195,84.45743784481532,82.32639228613156,0.025885326679652633,0.43490725687423465,2.775466597393519,15.253891478253088,3995.999999999999,0.47725592559329,0.3796030037416048,
H2a,L32-anode,1p6kW,Xe1,a=1/16_b=0.8_c=1.1L_w=0.25L,facility,success,7.820785918833171,7.582322357019064,0.03144993718096916,100.25434920151909,82.32639228613156,0.21776682322088842,3.6587667174260248,1.9897116774375039,7.6504811412298315,4994.999999999999,0.5447785151802805,0.5568269438146513,
H2a,L32-anode,1p6kW,Xe1,a=1/16_b=0.8_c=1L_w=0.1L,facility,success,8.570149977875609,7.582322357019064,0.1302803513678232,92.21236053465175,82.32639228613156,0.12008261231903325,2.017544540514323,2.1832838075467342,13.825285746780413,4994.999999999999,0.46312226678800555,0.42988674321033665,
H2a,L32-anode,1p6kW,Xe1,a=1/16_b=0.8_c=1L_w=0.25L,facility,success,7.7085424098406135,7.582322357019064,0.016646621823550683,100.82940125966395,82.32639228613156,0.22475185004128198,3.7761242803127333,0.7686489123980116,2.9875922318788155,5993.999999999999,0.5399176183188572,0.5714343011985049,
H2a,L32-anode,1p6kW,Xe1,a=1/16_b=0.97_c=0.9L_w=0.1L,facility,success,7.294294509918234,7.582322357019064,-0.03798675834906946,101.94103409107844,82.32639228613156,0.2382546017172077,4.002988123458545,0.007988605769024156,0.05004434931777268,5993.999999999999,0.5781357278764129,0.6172754019016284,
H2a,L32-anode,1p6kW,Xe1,a=1/16_b=0.97_c=0.9L_w=0.25L,facility,success,5.49102408868113,7.582322357019064,-0.27581236590422575,92.44896095798998,82.32639228613156,0.12295654395587587,2.0658303411955945,0.1341339532841645,0.5088573709399409,36962.99999999999,0.7831741647875317,0.6743958909318192,
H2a,L32-anode,1p6kW,Xe1,a=1/16_b=0.97_c=1.1L_w=0.1L,facility,success,7.1826704884303,7.582322357019064,-0.05270837215444957,101.50301534966025,82.32639228613156,0.23293408749018046,3.9135965435772824,0.216878814485001,0.7275437978223044,4994.999999999999,0.5915933520302635,0.6214928552832203,
H2a,L32-anode,1p6kW,Xe1,a=1/16_b=0.97_c=1.1L_w=0.25L,facility,success,5.452830630391286,7.582322357019064,-0.28084953743182345,86.83101809920369,82.32639228613156,0.054716667255574086,0.9193113904228819,0.18085015596318887,0.6776634094441177,49949.99999999999,0.7889123079795992,0.5990898663736645,
H2a,L32-anode,1p6kW,Xe1,a=1/16_b=0.97_c=1L_w=0.1L,facility,success,7.3012116849989015,7.582322357019064,-0.037074481772716245,104.02661176805819,82.32639228613156,0.2635876403584635,4.428616220801352,0.00995722758335343,0.06906428157708815,4994.999999999999,0.5802365943134978,0.6421820499005048,
H2a,L32-anode,1p6kW,Xe1,a=1/16_b=0.97_c=1L_w=0.25L,facility,success,5.446127069239063,7.582322357019064,-0.2817336413826424,88.77540503867438,82.32639228613156,0.07833469405690456,1.3161250515393517,0.144489525062699,0.5469969930085802,46952.99999999999,0.7900223388443853,0.6269916401766159,
H2a,L32-anode,1p6kW,Xe1,a=1/16_b=0.9_c=0.9L_w=0.1L,facility,success,8.328211079801777,7.582322357019064,0.09837206698185731,102.23560470682493,82.32639228613156,0.24183268412269787,4.063104575651707,0.5119029089485361,1.7234243779948373,5993.999999999999,0.5014698714940276,0.5437719634081912,
H2a,L32-anode,1p6kW,Xe1,a=1/16_b=0.9_c=0.9L_w=0.25L,facility,success,6.918548781830257,7.582322357019064,-0.08754225208775807,103.88966752104649,82.32639228613156,0.2619242096747073,4.40066841528876,0.004471363292009607,0.028979171872598474,8990.999999999998,0.6174659480792998,0.6759178269477608,
H2a,L32-anode,1p6kW,Xe1,a=1/16_b=0.9_c=1.1L_w=0.1L,facility,success,8.618900571071434,7.582322357019064,0.13670985817330686,104.75816781797275,82.32639228613156,0.27247368564236196,4.5779133738451385,2.3112463411297077,10.483250783710744,8990.999999999998,0.5267635629347716,0.5516811094591494,
H2a,L32-anode,1p6kW,Xe1,a=1/16_b=0.9_c=1.1L_w=0.25L,facility,success,7.009078725775823,7.582322357019064,-0.07560264576625138,102.89378460774489,82.32639228613156,0.24982744598026135,4.197427004410884,0.004154188638870433,0.023687754863129275,4994.999999999999,0.6122725489396506,0.6544576381831497,
H2a,L32-anode,1p6kW,Xe1,a=1/16_b=0.9_c=1L_w=0.1L,facility,success,8.50407433510167,7.582322357019064,0.12156591802369462,102.2830595556702,82.32639228613156,0.2424091073999422,4.072789238681354,1.6816210214206322,7.903024037668956,4994.999999999999,0.5056655950555927,0.5330213055028583,
H2a,L32-anode,1p6kW,Xe1,a=1/16_b=0.9_c=1L_w=0.25L,facility,success,6.892816752440266,7.582322357019064,-0.09093593916387796,101.78547743417583,82.32639228613156,0.23636509031529962,3.97124186694781,0.21555349596046644,0.6410373030705786,9989.999999999998,0.6237356720894334,0.6512370477876288,
H2a,L32-anode,1p6kW,Xe1,a=1/32_b=0.8_c=0.9L_w=0.1L,facility,success,6.292707675917288,7.582322357019064,-0.17008175337045128,86.76195937896003,82.32639228613156,0.05387782665627229,0.9052177740466261,2.4031732564763537,12.112520465279253,3995.999999999999,0.801727205637817,0.5183049312109914,
H2a,L32-anode,1p6kW,Xe1,a=1/32_b=0.8_c=0.9L_w=0.25L,facility,success,5.294669550003342,7.582322357019064,-0.30170872449098773,76.36376453716683,82.32639228613156,-0.07242668582198009,-1.2168628059111704,2.4244228822053184,11.969643610405196,8990.999999999998,0.8836568869066294,0.47719951657603465,
H2a,L32-anode,1p6kW,Xe1,a=1/32_b=0.8_c=1.1L_w=0.1L,facility,success,5.552471815279813,7.582322357019064,-0.26770828859052515,69.84235535473537,82.32639228613156,-0.15164076287962405,-2.547762639060446,2.9384724081993383,16.812121984620898,3995.999999999999,0.7631555047255203,0.38064101859925376,
H2a,L32-anode,1p6kW,Xe1,a=1/32_b=0.8_c=1.1L_w=0.25L,facility,success,3.8272585789947566,7.582322357019064,-0.49523926855314865,55.2702333458325,82.32639228613156,-0.3286450212255548,-5.52166508985695,3.660609137818321,24.455903203093566,3995.999999999999,0.9170095792917173,0.3458270711292082,
H2a,L32-anode,1p6kW,Xe1,a=1/32_b=0.8_c=1L_w=0.1L,facility,success,5.351693731032514,7.582322357019064,-0.2941880496443976,72.23148185174146,82.32639228613156,-0.12262058562343497,-2.0601858029367532,2.8802192200989927,16.509069122761982,3995.999999999999,0.8002070788446803,0.42240202672112637,
H2a,L32-anode,1p6kW,Xe1,a=1/32_b=0.8_c=1L_w=0.25L,facility,success,4.67504578378725,7.582322357019064,-0.3834282474868015,70.29187677387549,82.32639228613156,-0.146180528237278,-2.456023573929812,2.910256703242557,15.836517543789455,3995.999999999999,0.9429511432605494,0.45791893831880875,
H2a,L32-anode,1p6kW,Xe1,a=1/32_b=0.97_c=0.9L_w=0.1L,facility,success,5.125919879196675,7.582322357019064,-0.3239643953608042,83.21952452689993,82.32639228613156,0.010848674598350188,0.18227188587109555,2.5264716563724745,11.98101425867142,8990.999999999998,0.9029428105344327,0.5853866880009732,
H2a,L32-anode,1p6kW,Xe1,a=1/32_b=0.97_c=0.9L_w=0.25L,facility,success,3.791058619061462,7.582322357019064,-0.5000135261260654,68.4902015246659,82.32639228613156,-0.16806506853084163,-2.8237124002991125,2.651010477981292,13.336601004220936,4994.999999999999,1.0306157397099605,0.5361182409074648,
H2a,L32-anode,1p6kW,Xe1,a=1/32_b=0.97_c=1.1L_w=0.1L,facility,success,4.821148934344975,7.582322357019064,-0.3641593291161027,75.98488715951308,82.32639228613156,-0.07702882332773796,-1.2941847197180563,3.4556933505846605,19.855683195708526,6992.999999999998,0.9779137308085908,0.5188813883756466,
H2a,L32-anode,1p6kW,Xe1,a=1/32_b=0.97_c=1.1L_w=0.25L,facility,success,4.318574020550568,7.582322357019064,-0.4304417806039593,74.41454383005441,82.32639228613156,-0.09610342730164737,-1.6146629502198258,3.1781602671422626,17.81270583925449,6992.999999999998,1.009614514451987,0.5555708813159062,
H2a,L32-anode,1p6kW,Xe1,a=1/32_b=0.97_c=1L_w=0.1L,facility,success,4.7766195071050355,7.582322357019064,-0.37003212443437583,72.36726736732412,82.32639228613156,-0.12097122978732944,-2.032474473226009,2.9570273258827124,15.3623639344808,3995.999999999999,0.8990061873304639,0.4750375003769972,
H2a,L32-anode,1p6kW,Xe1,a=1/32_b=0.97_c=1L_w=0.25L,facility,success,3.8374539133397034,7.582322357019064,-0.49389464960068363,66.0494102215265,82.32639228613156,-0.19771280645984332,-3.321833074409197,2.964600207667217,15.884068091371141,3995.999999999999,1.0017326001373006,0.49255973932468106,
H2a,L32-anode,1p6kW,Xe1,a=1/32_b=0.9_c=0.9L_w=0.1L,facility,success,5.966356961643985,7.582322357019064,-0.21312275043003895,85.66085990667645,82.32639228613156,0.04050302130276393,0.6805035960295687,2.424172374996616,11.789246721309716,8990.999999999998,0.812808742834479,0.5328682222916286,
H2a,L32-anode,1p6kW,Xe1,a=1/32_b=0.9_c=0.9L_w=0.25L,facility,success,4.7930457515362885,7.582322357019064,-0.36786573745452833,78.28588946543294,82.32639228613156,-0.04907907061754328,-0.8245924123874737,2.484105522316218,12.530100806329555,8990.999999999998,0.9848644556348284,0.5540125483302122,
H2a,L32-anode,1p6kW,Xe1,a=1/32_b=0.9_c=1.1L_w=0.1L,facility,success,4.12158060897681,7.582322357019064,-0.4564223973989441,57.63753924607455,82.32639228613156,-0.2998898938052459,-5.0385414367463275,3.7128005217049123,25.998725660993674,3995.999999999999,0.8639024667387367,0.3492297711044517,
H2a,L32-anode,1p6kW,Xe1,a=1/32_b=0.9_c=1.1L_w=0.25L,facility,success,4.66595879084829,7.582322357019064,-0.38462669204126554,74.48403773502994,82.32639228613156,-0.09525930061218918,-1.600480520632983,3.3416130103402195,19.622776094974945,6992.999999999998,0.9783016950067104,0.5151689974721018,
H2a,L32-anode,1p6kW,Xe1,a=1/32_b=0.9_c=1L_w=0.1L,facility,success,5.160170523027637,7.582322357019064,-0.31944722473441217,78.76746131169403,82.32639228613156,-0.04322952671201965,-0.7263124437627616,3.0024125584063763,16.812629150939216,3995.999999999999,0.9499657322111129,0.5209473564920779,
H2a,L32-anode,1p6kW,Xe1,a=1/32_b=0.9_c=1L_w=0.25L,facility,success,4.349410929354619,7.582322357019064,-0.4263748328599737,68.60406542794466,82.32639228613156,-0.1666819895434495,-2.800474869017735,3.072980086696098,17.5289574453039,3995.999999999999,0.9466098235206286,0.4688495019150286,
H2a,L32-anode,1p6kW,Xe1,a=1/8_b=0.8_c=0.9L_w=0.1L,facility,success,13.789190332020777,7.582322357019064,0.818597216360226,101.20688394615462,82.32639228613156,0.2293370465500601,3.8531615632700125,2.0159405169318043e-05,0.00012992141004943705,6992.999999999998,0.30796533162477957,0.321844088429263,
H2a,L32-anode,1p6kW,Xe1,a=1/8_b=0.8_c=0.9L_w=0.25L,facility,success,11.40492888201273,7.582322357019064,0.5041471919820217,102.6605230877119,82.32639228613156,0.2469940712439765,4.149822612567415,0.018015485877085017,0.09743373588954414,6992.999999999998,0.37464906243970825,0.40038570149147235,
H2a,L32-anode,1p6kW,Xe1,a=1/8_b=0.8_c=1.1L_w=0.1L,facility,success,14.06810884559821,7.582322357019064,0.8553825837508956,101.94470017723025,82.32639228613156,0.2382991328335363,4.003736304305853,4.175148384784869e-05,0.0002694532969638331,5993.999999999999,0.3023339177871318,0.3200794422283405,
H2a,L32-anode,1p6kW,Xe1,a=1/8_b=0.8_c=1.1L_w=0.25L,facility,success,11.652263482981793,7.582322357019064,0.5367670924983988,103.65232066533792,82.32639228613156,0.25904121129329344,4.352230281470687,0.062134494068621614,0.29643164916741516,6992.999999999998,0.3680430110603747,0.399495561884613,
H2a,L32-anode,1p6kW,Xe1,a=1/8_b=0.8_c=1L_w=0.1L,facility,success,13.901178098139845,7.582322357019064,0.8333668028861008,101.61092170926065,82.32639228613156,0.23424480154680247,3.9356182496181824,8.925226227336907e-06,5.31071525973035e-05,998.9999999999998,0.3057533489521578,0.3218054313861142,
H2a,L32-anode,1p6kW,Xe1,a=1/8_b=0.8_c=1L_w=0.25L,facility,success,11.426887574255261,7.582322357019064,0.5070432297932083,102.77282910015258,82.32639228613156,0.24835822688498105,4.172742206943064,0.036830190456424404,0.18774306234093624,6992.999999999998,0.3731598070009778,0.4004910956933289,
H2a,L32-anode,1p6kW,Xe1,a=1/8_b=0.97_c=0.9L_w=0.1L,facility,success,10.292596046681814,7.582322357019064,0.35744638147095015,101.47877688742487,82.32639228613156,0.23263966839124645,3.9086499186312884,0.029556440792456427,0.17721061451727124,6992.999999999998,0.4154037347172376,0.433500612373938,
H2a,L32-anode,1p6kW,Xe1,a=1/8_b=0.97_c=0.9L_w=0.25L,facility,success,7.3571158650741815,7.582322357019064,-0.02970151905193075,100.20332429210895,82.32639228613156,0.21714703522832343,3.6483534706076286,0.027076885268861366,0.14427323783488274,9989.999999999998,0.5763903689192064,0.591317673086614,
H2a,L32-anode,1p6kW,Xe1,a=1/8_b=0.97_c=1.1L_w=0.1L,facility,success,10.097395211066459,7.582322357019064,0.3317021798366508,103.26028479287115,82.32639228613156,0.2542792405378615,4.272222960559099,0.1781895551982508,0.7582837583822972,5993.999999999999,0.42301600835700687,0.4575320036459016,
H2a,L32-anode,1p6kW,Xe1,a=1/8_b=0.97_c=1.1L_w=0.25L,facility,success,7.40856513889101,7.582322357019064,-0.022916094825117007,102.8835930918792,82.32639228613156,0.24970365195039218,4.1953471032138046,0.011287605201788052,0.06796250449756255,7991.999999999998,0.5725110214030508,0.6190451679114829,
H2a,L32-anode,1p6kW,Xe1,a=1/8_b=0.97_c=1L_w=0.1L,facility,success,10.110975454425413,7.582322357019064,0.3334932199322202,101.59269359820165,82.32639228613156,0.23402338881933044,3.9318982269530793,0.09968511388064118,0.4623023772565078,5993.999999999999,0.4190887378218067,0.4422787667015205,
H2a,L32-anode,1p6kW,Xe1,a=1/8_b=0.97_c=1L_w=0.25L,facility,success,7.313537905011572,7.582322357019064,-0.03544882944190238,101.37824469578027,82.32639228613156,0.23141852667893628,3.8881331448262673,0.015115683711284458,0.09280000279614865,8990.999999999998,0.5788000805074102,0.6088722957406084,
H2a,L32-anode,1p6kW,Xe1,a=1/8_b=0.9_c=0.9L_w=0.1L,facility,success,12.358923169718112,7.582322357019064,0.6299654100405374,101.46341732116359,82.32639228613156,0.23245309922630725,3.9055153132718434,0.0007573724794704458,0.0053127782386128055,6992.999999999998,0.3442910456617426,0.36091300697277867,
H2a,L32-anode,1p6kW,Xe1,a=1/8_b=0.9_c=0.9L_w=0.25L,facility,success,9.642718643389085,7.582322357019064,0.27173683593954334,103.16137602691961,82.32639228613156,0.253077818208947,4.252037498120011,0.009027365215319333,0.05742294028885309,6992.999999999998,0.4446862270589232,0.4781883081025117,
H2a,L32-anode,1p6kW,Xe1,a=1/8_b=0.9_c=1.1L_w=0.1L,facility,success,12.616855406588039,7.582322357019064,0.6639829873374398,102.57154534636157,82.32639228613156,0.24591327881666997,4.13166388984286,0.002836778391705402,0.019213005614993922,5993.999999999999,0.3379494689738939,0.3612990893297316,
H2a,L32-anode,1p6kW,Xe1,a=1/8_b=0.9_c=1.1L_w=0.25L,facility,success,9.697012961756172,7.582322357019064,0.2788974808990427,102.97431888393939,82.32639228613156,0.25080567755288496,4.213862570981189,0.13806590583351716,0.6390318813072688,5993.999999999999,0.4360068850014056,0.4737880203392964,
H2a,L32-anode,1p6kW,Xe1,a=1/8_b=0.9_c=1L_w=0.1L,facility,success,12.462563809398103,7.582322357019064,0.6436341298337614,102.11459978764687,82.32639228613156,0.24036286483610142,4.038409694186796,0.0015788579771759826,0.009712717737338013,5993.999999999999,0.3418920814752777,0.36252042438060883,
H2a,L32-anode,1p6kW,Xe1,a=1/8_b=0.9_c=1L_w=0.25L,facility,success,9.717040388361841,7.582322357019064,0.28153881236223605,104.19283923742265,82.32639228613156,0.26560676769719976,4.462540194141037,0.038343272530344974,0.2190588422271474,6992.999999999998,0.44294597969061533,0.48406750846862073,
H2a,L32-anode,1p6kW,Xe2,a=1/16_b=0.8_c=0.9L_w=0.1L,facility,success,9.252513969536947,8.589692369157012,0.07716476584888268,105.03853964096803,93.01516772729975,0.1292624870485444,2.4537493701363813,1.0546581378676851,4.047679101090648,5993.999999999999,0.446095509160613,0.4764054829220004,
H2a,L32-anode,1p6kW,Xe2,a=1/16_b=0.8_c=0.9L_w=0.25L,facility,success,7.882894822191775,8.589692369157012,-0.08228438418855753,106.24276542716797,93.01516772729975,0.14220903991323922,2.699509734666982,0.17364126648088354,0.8831182941163266,6992.999999999998,0.5263235517846027,0.5720739228021661,
H2a,L32-anode,1p6kW,Xe2,a=1/16_b=0.8_c=1.1L_w=0.1L,facility,success,9.537875878343767,8.589692369157012,0.11038620109276504,105.11690464813893,93.01516772729975,0.13010498412816748,2.4697422287426876,2.131162466421473,12.003850666970216,4994.999999999999,0.4508870189843455,0.4628418402379915,
H2a,L32-anode,1p6kW,Xe2,a=1/16_b=0.8_c=1.1L_w=0.25L,facility,success,7.973215002499061,8.589692369157012,-0.0717694348253419,104.17850817306875,93.01516772729975,0.12001634484493401,2.2782327440344865,2.1487399753932785,8.723912392768224,4994.999999999999,0.5330717418085752,0.5438284745970686,
H2a,L32-anode,1p6kW,Xe2,a=1/16_b=0.8_c=1L_w=0.1L,facility,success,8.700945506196383,8.589692369157012,0.012951934977188221,98.22937092275679,93.01516772729975,0.056057558383853436,1.0641231011136787,1.3348651297012117,5.976377732138559,5993.999999999999,0.44501622707041255,0.4430527404987365,
H2a,L32-anode,1p6kW,Xe2,a=1/16_b=0.8_c=1L_w=0.25L,facility,success,7.786788788121574,8.589692369157012,-0.09347291457356752,101.4983801386386,93.01516772729975,0.09120246319621522,1.731267839048743,1.488025546842639,5.133835524532756,5993.999999999999,0.5244317671170027,0.5285657008211183,
H2a,L32-anode,1p6kW,Xe2,a=1/16_b=0.97_c=0.9L_w=0.1L,facility,success,7.3834054731437195,8.589692369157012,-0.1404342372428498,104.41700433946679,93.01516772729975,0.1225804015705775,2.3269054310544943,0.020316650314582872,0.1233534270997305,5993.999999999999,0.5599369143245886,0.5899631557962454,
H2a,L32-anode,1p6kW,Xe2,a=1/16_b=0.97_c=0.9L_w=0.25L,facility,success,5.577087440709502,8.589692369157012,-0.35072326213507515,97.61593278193536,93.01516772729975,0.049462524952102835,0.9389316438031824,0.15651925511750858,0.5530952863833694,58940.999999999985,0.7595328035232187,0.682610735068855,
H2a,L32-anode,1p6kW,Xe2,a=1/16_b=0.97_c=1.1L_w=0.1L,facility,success,7.2667326087047135,8.589692369157012,-0.15401712932149317,106.01604062039569,93.01516772729975,0.139771536306978,2.653239365937944,0.24020594540871787,0.7274263961918421,3995.999999999999,0.5786375097260805,0.617935479815193,
H2a,L32-anode,1p6kW,Xe2,a=1/16_b=0.97_c=1.1L_w=0.25L,facility,success,5.466808469360508,8.589692369157012,-0.36356178610189066,90.43617564984366,93.01516772729975,-0.027726575573320936,-0.5263249137665508,0.20169153562421488,0.791257787915553,46952.99999999999,0.7639556304468754,0.5977088264883278,
H2a,L32-anode,1p6kW,Xe2,a=1/16_b=0.97_c=1L_w=0.1L,facility,success,7.385743345765752,8.589692369157012,-0.14016206537434064,106.6781718604478,93.01516772729975,0.14689006607185828,2.788368190438375,0.018990540532784896,0.12673217404953357,4994.999999999999,0.5635837578557937,0.615596394752874,
H2a,L32-anode,1p6kW,Xe2,a=1/16_b=0.97_c=1L_w=0.25L,facility,success,5.51028224673892,8.589692369157012,-0.35850062960058066,92.39987357632553,93.01516772729975,-0.0066149872758186085,-0.12557023489269825,0.16525493605309735,0.6406730903374038,41957.99999999999,0.7511123438943398,0.6190248158419536,
H2a,L32-anode,1p6kW,Xe2,a=1/16_b=0.9_c=0.9L_w=0.1L,facility,success,8.566288534757199,8.589692369157012,-0.0027246417443131487,106.14566544700628,93.01516772729975,0.14116512436124704,2.679693412185004,0.6171217945039107,1.8665631378323801,5993.999999999999,0.48672675741755594,0.5254736946891014,
H2a,L32-anode,1p6kW,Xe2,a=1/16_b=0.9_c=0.9L_w=0.25L,facility,success,6.936102019952637,8.589692369157012,-0.19250868111900235,106.37641885318303,93.01516772729975,0.14364593917688295,2.7267859440578093,0.0019161507040663798,0.012473499798814021,9989.999999999998,0.6039743785934182,0.6518000802154318,
H2a,L32-anode,1p6kW,Xe2,a=1/16_b=0.9_c=1.1L_w=0.1L,facility,success,7.807098293958919,8.589692369157012,-0.09110851024282911,94.9166104869068,93.01516772729975,0.020442287059909022,0.3880495427769483,2.43096652152765,11.524173267948447,3995.999999999999,0.4970792061175708,0.4610350514170389,
H2a,L32-anode,1p6kW,Xe2,a=1/16_b=0.9_c=1.1L_w=0.25L,facility,success,7.018693601121929,8.589692369157012,-0.1828934844833401,105.3056543558125,93.01516772729975,0.13213421992148383,2.508262577247496,0.016497777793781178,0.13121626013008852,8990.999999999998,0.5998489814533535,0.6312279909157623,
H2a,L32-anode,1p6kW,Xe2,a=1/16_b=0.9_c=1L_w=0.1L,facility,success,8.517227344189326,8.589692369157012,-0.008436277092749668,106.94003874664972,93.01516772729975,0.1497053798814259,2.8418104121122356,0.7805708073985762,2.3362515080462725,5993.999999999999,0.48911623500176976,0.5364405324703504,
H2a,L32-anode,1p6kW,Xe2,a=1/16_b=0.9_c=1L_w=0.25L,facility,success,6.96697053720304,8.589692369157012,-0.18891501141306005,105.62514391027302,93.01516772729975,0.13556903127824246,2.5734645271374017,0.10554016902034799,0.3226420152435005,4994.999999999999,0.6079767998868921,0.639778739277336,
H2a,L32-anode,1p6kW,Xe2,a=1/32_b=0.8_c=0.9L_w=0.1L,facility,success,5.963925167485763,8.589692369157012,-0.3056881537573552,82.163295048829,93.01516772729975,-0.11666777519862238,-2.2146678935654616,1.2324284233022746,4.229424985404811,5993.999999999999,0.70552810276397,0.4522334271454508,
H2a,L32-anode,1p6kW,Xe2,a=1/32_b=0.8_c=0.9L_w=0.25L,facility,success,4.378942409250422,8.589692369157012,-0.4902096348672648,70.0727493852057,93.01516772729975,-0.24665244285057086,-4.682126192264095,2.75815518332189,15.469763228623254,8990.999999999998,0.9280766119032815,0.44798991007446737,
H2a,L32-anode,1p6kW,Xe2,a=1/32_b=0.8_c=1.1L_w=0.1L,facility,success,5.202135798397583,8.589692369157012,-0.39437460914469075,67.70863173644561,93.01516772729975,-0.2720689174592193,-5.164599181806969,2.353793509764344,12.863908561507708,3995.999999999999,0.706530731729395,0.3520833928377158,
H2a,L32-anode,1p6kW,Xe2,a=1/32_b=0.8_c=1.1L_w=0.25L,facility,success,5.062452265066553,8.589692369157012,-0.4106363711878334,73.78558156300645,93.01516772729975,-0.2067360263292786,-3.924405339651695,3.2128853442640706,18.754631438497757,3995.999999999999,0.862485997530809,0.42965633395273356,
H2a,L32-anode,1p6kW,Xe2,a=1/32_b=0.8_c=1L_w=0.1L,facility,success,6.0887112526897935,8.589692369157012,-0.2911607318380208,85.26991360393528,93.01516772729975,-0.08326872178601966,-1.580664106809077,0.9240371302000385,3.1219229116622325,5993.999999999999,0.7273750906694018,0.4770956067687223,
H2a,L32-anode,1p6kW,Xe2,a=1/32_b=0.8_c=1L_w=0.25L,facility,success,4.642092577141763,8.589692369157012,-0.45957405950763575,69.74704114351883,93.01516772729975,-0.25015411090799744,-4.748597261996107,2.9995534040261997,16.579228283335482,3995.999999999999,0.8851626636322282,0.4186749044345044,
H2a,L32-anode,1p6kW,Xe2,a=1/32_b=0.97_c=0.9L_w=0.1L,facility,success,4.397528020080929,8.589692369157012,-0.4880459239877877,69.18267859406117,93.01516772729975,-0.256221535858649,-4.86377329249767,2.7615559429716416,14.079869886962591,4994.999999999999,0.8274922531049587,0.4348357884636727,
H2a,L32-anode,1p6kW,Xe2,a=1/32_b=0.97_c=0.9L_w=0.25L,facility,success,3.4008998100710293,8.589692369157012,-0.6040719895531261,59.30200617733441,93.01516772729975,-0.36244800040360087,-6.880237051013334,2.9476911102564785,16.34898480145898,4994.999999999999,0.9766949492489854,0.4131274800568579,
H2a,L32-anode,1p6kW,Xe2,a=1/32_b=0.97_c=1.1L_w=0.1L,facility,success,3.862352459485419,8.589692369157012,-0.5503503159957208,61.430720954565246,93.01516772729975,-0.3395623267092657,-6.445805463823368,3.911070109735842,25.973237454212796,10988.999999999998,0.9336242704159969,0.3903538544476024,
H2a,L32-anode,1p6kW,Xe2,a=1/32_b=0.97_c=1.1L_w=0.25L,facility,success,3.266345809134769,8.589692369157012,-0.6197365785923569,58.60568932072263,93.01516772729975,-0.36993405750187147,-7.022342531954514,3.835744871151604,25.49331416681042,3995.999999999999,1.026122411408078,0.4201037378115908,
H2a,L32-anode,1p6kW,Xe2,a=1/32_b=0.97_c=1L_w=0.1L,facility,success,4.781701975666715,8.589692369157012,-0.44332092813517265,74.13288724932119,93.01516772729975,-0.20300216555365802,-3.853526628158892,3.0891001478273865,16.765851542860812,3995.999999999999,0.8543526611224798,0.45917525451720453,
H2a,L32-anode,1p6kW,Xe2,a=1/32_b=0.97_c=1L_w=0.25L,facility,success,3.846893650787942,8.589692369157012,-0.5521500089338502,67.66339831296808,93.01516772729975,-0.27255521904403324,-5.173830492720749,3.106233437297217,17.34333581570068,3995.999999999999,1.0026855053501205,0.4754847384625173,
H2a,L32-anode,1p6kW,Xe2,a=1/32_b=0.9_c=0.9L_w=0.1L,facility,success,4.760192375778046,8.589692369157012,-0.44582504574081633,74.79006817223284,93.01516772729975,-0.19593685632540003,-3.7194080724626355,2.760455756582798,14.12561151798356,8990.999999999998,0.8645364547450236,0.46946422632354523,
H2a,L32-anode,1p6kW,Xe2,a=1/32_b=0.9_c=0.9L_w=0.25L,facility,success,3.9229537316084437,8.589692369157012,-0.5432952004550728,61.38058489624043,93.01516772729975,-0.3401013362014789,-6.456037312461087,2.8032761952803713,15.660748292176594,4994.999999999999,0.8885867523780444,0.3836966517600206,
H2a,L32-anode,1p6kW,Xe2,a=1/32_b=0.9_c=1.1L_w=0.1L,facility,success,5.452887628807078,8.589692369157012,-0.36518243093469227,76.92778300929653,93.01516772729975,-0.1729544235749586,-3.2831397383680043,3.2440839448667513,20.350721049442132,3995.999999999999,0.8149538026761144,0.4335897786324903,
H2a,L32-anode,1p6kW,Xe2,a=1/32_b=0.9_c=1.1L_w=0.25L,facility,success,3.5935213964036783,8.589692369157012,-0.5816472532465857,57.198379762663734,93.01516772729975,-0.3850639507487968,-7.309548564211433,3.888161253192585,27.18792248922514,10988.999999999998,0.9399499949457313,0.3637360691051691,
H2a,L32-anode,1p6kW,Xe2,a=1/32_b=0.9_c=1L_w=0.1L,facility,success,5.309791249229194,8.589692369157012,-0.3818415117757827,79.51714250962507,93.01516772729975,-0.14511638851469855,-2.7546990240152405,1.0407285171486573,4.985537680103715,5993.999999999999,0.7744424661694221,0.4757548596165018,
H2a,L32-anode,1p6kW,Xe2,a=1/32_b=0.9_c=1L_w=0.25L,facility,success,4.33630960963324,8.589692369157012,-0.49517288591106984,69.29458160960185,93.01516772729975,-0.2550184738390357,-4.840935942387327,3.1625389781510127,18.44896990847553,3995.999999999999,0.9041771867222583,0.4424023459176963,
H2a,L32-anode,1p6kW,Xe2,a=1/8_b=0.8_c=0.9L_w=0.1L,facility,success,13.988554887058234,8.589692369157012,0.6285280410375236,103.46932729046632,93.01516772729975,0.11239198744247708,2.133501951666647,2.313310625125397e-05,0.000169226487607011,6992.999999999998,0.2980758066896944,0.30576625226176596,
H2a,L32-anode,1p6kW,Xe2,a=1/8_b=0.8_c=0.9L_w=0.25L,facility,success,11.516265395621186,8.589692369157012,0.34070754815068965,104.81250880068237,93.01516772729975,0.12683244423070705,2.40762062722094,0.0076022422797980115,0.0435724292293317,6992.999999999998,0.36406053002803257,0.38111296084776486,
H2a,L32-anode,1p6kW,Xe2,a=1/8_b=0.8_c=1.1L_w=0.1L,facility,success,14.24189184192485,8.589692369157012,0.6580211758296698,104.14531746146866,93.01516772729975,0.11965951366985748,2.271459129422227,4.6863225794235145e-05,0.00030051186601031467,5993.999999999999,0.29311483972249397,0.3042642753557942,
H2a,L32-anode,1p6kW,Xe2,a=1/8_b=0.8_c=1.1L_w=0.25L,facility,success,11.7350525081501,8.589692369157012,0.3661784385069627,105.65325781626542,93.01516772729975,0.1358712820474376,2.5792020589725833,0.024522714638556948,0.13124967711097812,6992.999999999998,0.3580456520690104,0.3800317655596746,
H2a,L32-anode,1p6kW,Xe2,a=1/8_b=0.8_c=1L_w=0.1L,facility,success,14.089267469574843,8.589692369157012,0.6402528593649223,103.84406460411567,93.01516772729975,0.11642076385395429,2.2099789544522275,3.0134750766202265e-05,0.00019409257740487558,5993.999999999999,0.29611075924892044,0.3057835328576411,
H2a,L32-anode,1p6kW,Xe2,a=1/8_b=0.8_c=1L_w=0.25L,facility,success,11.550204712774862,8.589692369157012,0.34465871609653387,105.03267459683612,93.01516772729975,0.12919943234171305,2.452552422354358,0.014976694474948801,0.08178188310701602,6992.999999999998,0.36263614812313383,0.38159117136133497,
H2a,L32-anode,1p6kW,Xe2,a=1/8_b=0.97_c=0.9L_w=0.1L,facility,success,10.417234876996801,8.589692369157012,0.21275994870339499,103.65230430976278,93.01516772729975,0.1143591614396568,2.1708442005026582,0.011643143827611982,0.07691367486940646,6992.999999999998,0.40215282438888084,0.4120449700034053,
H2a,L32-anode,1p6kW,Xe2,a=1/8_b=0.97_c=0.9L_w=0.25L,facility,success,7.45805176171627,8.589692369157012,-0.13174402048484546,102.9815723769352,93.01516772729975,0.10714816618784984,2.033960132578661,0.023376814419576796,0.1237618151424329,9989.999999999998,0.5602220979268224,0.5681104715143239,
H2a,L32-anode,1p6kW,Xe2,a=1/8_b=0.97_c=1.1L_w=0.1L,facility,success,10.15275413654737,8.589692369157012,0.18196946994316593,105.35456391848136,93.01516772729975,0.13266004343891555,2.518244120649306,0.13040327124541376,0.5782566599801356,5993.999999999999,0.41339184751488933,0.43677924049489053,
H2a,L32-anode,1p6kW,Xe2,a=1/8_b=0.97_c=1.1L_w=0.25L,facility,success,7.423752693654996,8.589692369157012,-0.13573707012937422,105.19821014830077,93.01516772729975,0.13097909425610077,2.4863351879593907,0.010284946791555892,0.061087326991444084,7991.999999999998,0.5606448076044878,0.5955693728130915,
H2a,L32-anode,1p6kW,Xe2,a=1/8_b=0.97_c=1L_w=0.1L,facility,success,10.266675334282052,8.589692369157012,0.19523201682362676,104.43747867419353,93.01516772729975,0.12280051980749536,2.331083866713015,0.04426998010416303,0.24563253049132175,5993.999999999999,0.40791330293498956,0.4244456422471042,
H2a,L32-anode,1p6kW,Xe2,a=1/8_b=0.97_c=1L_w=0.25L,facility,success,7.363528223600771,8.589692369157012,-0.1427483188989428,103.7740484158001,93.01516772729975,0.11566802438117445,2.19568993642864,0.014881481837468733,0.09178201440492668,8990.999999999998,0.5645310202789975,0.5842930412206887,
H2a,L32-anode,1p6kW,Xe2,a=1/8_b=0.9_c=0.9L_w=0.1L,facility,success,12.551866323269046,8.589692369157012,0.46127076312290327,103.73228739792388,93.01516772729975,0.11521905440244312,2.1871672797192083,0.00014013598423815796,0.0010053853765282022,6992.999999999998,0.33276853637351617,0.3424985634312926,
H2a,L32-anode,1p6kW,Xe2,a=1/8_b=0.9_c=0.9L_w=0.25L,facility,success,9.737818750998246,8.589692369157012,0.13366327133714456,105.43457575274604,93.01516772729975,0.13352024544918625,2.53457306641761,0.011494118771032048,0.07067216573658792,6992.999999999998,0.4323744431613592,0.4560826730034507,
H2a,L32-anode,1p6kW,Xe2,a=1/8_b=0.9_c=1.1L_w=0.1L,facility,success,12.742839777850724,8.589692369157012,0.48350362623071447,104.7113167618416,93.01516772729975,0.1257445352228188,2.386969190722825,0.0007480009856635428,0.0046638837356579,5993.999999999999,0.3283963694204612,0.3437638224127324,
H2a,L32-anode,1p6kW,Xe2,a=1/8_b=0.9_c=1.1L_w=0.25L,facility,success,9.799472872445731,8.589692369157012,0.14084095812705416,105.41121413128955,93.01516772729975,0.13326908618100122,2.5298053885693452,0.1685607648743185,0.7456214014923043,5993.999999999999,0.42472378871042116,0.4530123757320879,
H2a,L32-anode,1p6kW,Xe2,a=1/8_b=0.9_c=1L_w=0.1L,facility,success,12.61808886282762,8.589692369157012,0.4689802987747688,104.29197603443168,93.01516772729975,0.12123623041989323,2.3013894504350874,0.0003543548444942513,0.0022826898796190626,5993.999999999999,0.3313787670082122,0.3443874852235457,
H2a,L32-anode,1p6kW,Xe2,a=1/8_b=0.9_c=1L_w=0.25L,facility,success,9.774864126682383,8.589692369157012,0.13797604228306992,106.25363936524637,93.01516772729975,0.14232594491211298,2.70172890570339,0.049744394215795074,0.2975596863507154,6992.999999999998,0.43146982877529844,0.4614408616648964,
H2a,L32-anode,1p6kW,Xe3,a=1/16_b=0.8_c=0.9L_w=0.1L,facility,success,9.386507214539368,7.400656215822092,0.26833444775770865,109.18780727283313,95.17124528500324,0.14727727840331795,2.8605228546591595,0.6477271226420072,2.307710434609785,6992.999999999998,0.43624921234883374,0.4630399506139431,
H2a,L32-anode,1p6kW,Xe3,a=1/16_b=0.8_c=0.9L_w=0.25L,facility,success,7.95823333413051,7.400656215822092,0.07534157810443297,109.18393428961248,95.17124528500324,0.14723658351476157,2.8597324499202523,0.1922978594781658,0.881204664699246,6992.999999999998,0.5123685923003432,0.5461035539245233,
H2a,L32-anode,1p6kW,Xe3,a=1/16_b=0.8_c=1.1L_w=0.1L,facility,success,9.052865861603975,7.400656215822092,0.22325177627486223,103.3677295686268,95.17124528500324,0.08612353719947734,1.6727518946170525,1.4731985664309355,6.8549179879108255,4994.999999999999,0.43009255424100656,0.4302868378663631,
H2a,L32-anode,1p6kW,Xe3,a=1/16_b=0.8_c=1.1L_w=0.25L,facility,success,8.077652903883711,7.400656215822092,0.09147792686468086,107.9033603471891,95.17124528500324,0.13378111239437715,2.598390829017521,2.2270838104095003,9.606671768811365,4994.999999999999,0.5184852806904944,0.5254833311246674,
H2a,L32-anode,1p6kW,Xe3,a=1/16_b=0.8_c=1L_w=0.1L,facility,success,9.367126731855224,7.400656215822092,0.2657156958363981,108.15002550413105,95.17124528500324,0.1363729157925914,2.6487306569648585,0.8608705688314386,3.1627927052317655,5993.999999999999,0.4305964176444604,0.4552197005395139,
H2a,L32-anode,1p6kW,Xe3,a=1/16_b=0.8_c=1L_w=0.25L,facility,success,7.756515453502821,7.400656215822092,0.04808482211616945,105.44999462339939,95.17124528500324,0.10800267777956497,2.0977039466114586,0.9177546975385361,3.147471218650369,5993.999999999999,0.5135419813026183,0.5226376039820395,
H2a,L32-anode,1p6kW,Xe3,a=1/16_b=0.97_c=0.9L_w=0.1L,facility,success,7.528717726859882,7.400656215822092,0.01730407511215059,107.45198621029274,95.17124528500324,0.1290383548992466,2.5062736582223457,0.06030348362434916,0.32383032629691144,5993.999999999999,0.5383289757728977,0.5590904490203428,
H2a,L32-anode,1p6kW,Xe3,a=1/16_b=0.97_c=0.9L_w=0.25L,facility,success,5.699783619063678,7.400656215822092,-0.2298272676309523,103.31014678117056,95.17124528500324,0.08551849323600076,1.661000305340269,0.14748640078401548,0.5937000598668758,18980.999999999996,0.7205679195529164,0.6826557941187379,
H2a,L32-anode,1p6kW,Xe3,a=1/16_b=0.97_c=1.1L_w=0.1L,facility,success,7.248674010858232,7.400656215822092,-0.0205363146904369,109.69598615524563,95.17124528500324,0.15261690468319578,2.964232830661711,0.127111471372679,0.757412309429525,4994.999999999999,0.5594054312648405,0.6051974604016789,
H2a,L32-anode,1p6kW,Xe3,a=1/16_b=0.97_c=1.1L_w=0.25L,facility,success,5.514222174703447,7.400656215822092,-0.25490091501420903,95.89530539195464,95.17124528500324,0.0076079713445284265,0.14776736876558993,0.21987568544876956,0.8256053985565767,42956.99999999999,0.7405234109528702,0.6079734653393792,
H2a,L32-anode,1p6kW,Xe3,a=1/16_b=0.97_c=1L_w=0.1L,facility,success,7.475241274552518,7.400656215822092,0.010078168280667875,109.77621073533354,95.17124528500324,0.15345985446122648,2.9806051939449554,0.0542767863040137,0.29347671391698277,4994.999999999999,0.5464364055064584,0.5877132054154638,
H2a,L32-anode,1p6kW,Xe3,a=1/16_b=0.97_c=1L_w=0.25L,facility,success,5.537629698057977,7.400656215822092,-0.2517380166614271,95.92574637451995,95.17124528500324,0.007927826175408844,0.15397981418708248,0.19179172351348672,0.6914216698703142,36962.99999999999,0.7132945649975655,0.605787984933609,
H2a,L32-anode,1p6kW,Xe3,a=1/16_b=0.9_c=0.9L_w=0.1L,facility,success,9.04179415821648,7.400656215822092,0.22175573280728098,114.04560664923248,95.17124528500324,0.1983199999927225,3.8519104824957617,0.6555575545550097,1.9889654081065127,5993.999999999999,0.4737549266139047,0.5244169205907421,
H2a,L32-anode,1p6kW,Xe3,a=1/16_b=0.9_c=0.9L_w=0.25L,facility,success,6.953500053342109,7.400656215822092,-0.06042115042771395,108.98316486954047,95.17124528500324,0.1451270238523785,2.8187590988851485,0.001838054054618251,0.01308867508572289,9989.999999999998,0.5891025614391864,0.6227153358469327,
H2a,L32-anode,1p6kW,Xe3,a=1/16_b=0.9_c=1.1L_w=0.1L,facility,success,9.114139495620918,7.400656215822092,0.23153126288119114,113.70174286785614,95.17124528500324,0.1947068941607394,3.7817342005822234,1.7637123109390085,7.798103490917723,4994.999999999999,0.475501840690126,0.5171217025529283,
H2a,L32-anode,1p6kW,Xe3,a=1/16_b=0.9_c=1.1L_w=0.25L,facility,success,6.9815413472246295,7.400656215822092,-0.056632122392258157,107.00198236259907,95.17124528500324,0.1243099955471537,2.414436138284862,0.13113315766737454,0.4290234778309654,7991.999999999998,0.5881373431989764,0.5978696743625772,
H2a,L32-anode,1p6kW,Xe3,a=1/16_b=0.9_c=1L_w=0.1L,facility,success,8.522951321246998,7.400656215822092,0.15164805291529634,107.38480067347064,95.17124528500324,0.12833241124346167,2.49256232417702,0.8375043623742173,2.6432087800690915,5993.999999999999,0.4691066519998912,0.4932530905823338,
H2a,L32-anode,1p6kW,Xe3,a=1/16_b=0.9_c=1L_w=0.25L,facility,success,6.997449489258869,7.400656215822092,-0.05448256408684349,110.06061261278253,95.17124528500324,0.1564481717475804,3.0386463934243446,0.0008391597986133852,0.0059093966643972776,8990.999999999998,0.5866989510003143,0.6311001331907451,
H2a,L32-anode,1p6kW,Xe3,a=1/32_b=0.8_c=0.9L_w=0.1L,facility,success,5.547404974889347,7.400656215822092,-0.2504171504373655,82.61012619398016,95.17124528500324,-0.13198439353616834,-2.5634936920455247,1.3552691039864593,5.503612893182572,5993.999999999999,0.7096447356448441,0.4484880667157279,
H2a,L32-anode,1p6kW,Xe3,a=1/32_b=0.8_c=0.9L_w=0.25L,facility,success,5.02524542475803,7.400656215822092,-0.32097299506841004,75.94464231521704,95.17124528500324,-0.20202113476827507,-3.9237965244461637,2.6601177437640082,14.141080110444825,4994.999999999999,0.8174354517776881,0.4184188076604493,
H2a,L32-anode,1p6kW,Xe3,a=1/32_b=0.8_c=1.1L_w=0.1L,facility,success,6.0007544214885,7.400656215822092,-0.18915914393384456,86.80814690516704,95.17124528500324,-0.08787421405269803,-1.7067547713951434,0.8971037778030458,3.2691006855525457,5993.999999999999,0.7138362639458136,0.45781425314740937,
H2a,L32-anode,1p6kW,Xe3,a=1/32_b=0.8_c=1.1L_w=0.25L,facility,success,4.992309482492988,7.400656215822092,-0.3254234034247159,74.6271628483827,95.17124528500324,-0.2158643860873996,-4.192669885024602,3.3067634979580744,20.047683095576506,3995.999999999999,0.8309274754726541,0.4066928660018365,
H2a,L32-anode,1p6kW,Xe3,a=1/32_b=0.8_c=1L_w=0.1L,facility,success,5.774720256504878,7.400656215822092,-0.21970159292645905,81.2688841574023,95.17124528500324,-0.1460773270956835,-2.837216556653254,0.9978546089557297,3.7097297831977007,5993.999999999999,0.6528294364762929,0.41695754349237607,
H2a,L32-anode,1p6kW,Xe3,a=1/32_b=0.8_c=1L_w=0.25L,facility,success,5.737961491545458,7.400656215822092,-0.22466855313747824,82.57758324228303,95.17124528500324,-0.13232633454576315,-2.5701351107592285,2.723447000266259,14.331827956027425,3995.999999999999,0.7814759638229771,0.4332523230024758,
H2a,L32-anode,1p6kW,Xe3,a=1/32_b=0.97_c=0.9L_w=0.1L,facility,success,5.525473685300959,7.400656215822092,-0.2533805754295305,97.10907896752795,95.17124528500324,0.020361545934610783,0.3954762617397353,0.2108065051779306,1.055892162315787,48950.99999999999,0.7482891019902678,0.6221918923074158,
H2a,L32-anode,1p6kW,Xe3,a=1/32_b=0.97_c=0.9L_w=0.25L,facility,success,4.206543458714965,7.400656215822092,-0.43159858584950006,74.69137940541364,95.17124528500324,-0.21518963861678875,-4.179564465222368,2.6772052492011595,14.084829550536764,4994.999999999999,0.9648878805342547,0.48349253437528394,
H2a,L32-anode,1p6kW,Xe3,a=1/32_b=0.97_c=1.1L_w=0.1L,facility,success,3.831899704954178,7.400656215822092,-0.48222163100052656,61.75882395635879,95.17124528500324,-0.351076853398171,-6.818861495641725,3.929993317530521,26.402176934322746,3995.999999999999,0.9362634996263389,0.36287587297594437,
H2a,L32-anode,1p6kW,Xe3,a=1/32_b=0.97_c=1.1L_w=0.25L,facility,success,3.3669447904770053,7.400656215822092,-0.5450478049123929,59.25174915238012,95.17124528500324,-0.37741962948007357,-7.330509414821044,3.814691487673797,26.29825679948091,3995.999999999999,0.9655275951334553,0.38013735484278366,
H2a,L32-anode,1p6kW,Xe3,a=1/32_b=0.97_c=1L_w=0.1L,facility,success,5.135042424455325,7.400656215822092,-0.30613687831128283,82.15216864236184,95.17124528500324,-0.13679632544109313,-2.656954416865592,0.6748713335012538,4.525507369693925,5993.999999999999,0.7714349197445264,0.47914639081247734,
H2a,L32-anode,1p6kW,Xe3,a=1/32_b=0.97_c=1L_w=0.25L,facility,success,3.8516445839874986,7.400656215822092,-0.47955364069567935,67.93956559315112,95.17124528500324,-0.28613348086707446,-5.557485651398392,3.2230790724476908,19.1560131728959,3995.999999999999,0.9485624674381423,0.436891422772828,
H2a,L32-anode,1p6kW,Xe3,a=1/32_b=0.9_c=0.9L_w=0.1L,facility,success,5.932436119395001,7.400656215822092,-0.1983905283004686,98.41055597085425,95.17124528500324,0.03403665336258278,0.6610838134389787,0.9105196031579403,3.6946990577494923,5993.999999999999,0.69966837142303,0.5951473342871566,
H2a,L32-anode,1p6kW,Xe3,a=1/32_b=0.9_c=0.9L_w=0.25L,facility,success,4.204227895636347,7.400656215822092,-0.4319114720329803,64.65189029828294,95.17124528500324,-0.3206783193319154,-6.228439793208227,2.7523827999742467,14.615758808284193,4994.999999999999,0.8405913831215672,0.3624519141035802,
H2a,L32-anode,1p6kW,Xe3,a=1/32_b=0.9_c=1.1L_w=0.1L,facility,success,5.759255654851358,7.400656215822092,-0.2217912186572771,84.45367805318806,95.17124528500324,-0.11261350211106282,-2.1872586187377934,0.3687264375761648,1.7520564918156096,5993.999999999999,0.7220496745384636,0.4514867107827986,
H2a,L32-anode,1p6kW,Xe3,a=1/32_b=0.9_c=1.1L_w=0.25L,facility,success,4.6246836838105585,7.400656215822092,-0.37509816035998217,76.29780437809023,95.17124528500324,-0.1983103284021757,-3.851722634063879,3.4838313126097074,20.7280606928738,3995.999999999999,0.9696322244089015,0.45889807910229075,
H2a,L32-anode,1p6kW,Xe3,a=1/32_b=0.9_c=1L_w=0.1L,facility,success,5.83320265106533,7.400656215822092,-0.21179926739545812,86.69278858596657,95.17124528500324,-0.08908632721623826,-1.7302972855176877,0.6957451291224243,2.9382059404836296,5993.999999999999,0.7085695812974216,0.4697135336916221,
H2a,L32-anode,1p6kW,Xe3,a=1/32_b=0.9_c=1L_w=0.25L,facility,success,4.306674601707209,7.400656215822092,-0.41806855012399635,71.56778625948621,95.17124528500324,-0.24801040434884777,-4.817032454187148,3.224992249353278,19.266378214560426,3995.999999999999,0.9052270565046585,0.4335780630095074,
H2a,L32-anode,1p6kW,Xe3,a=1/8_b=0.8_c=0.9L_w=0.1L,facility,success,14.22795827631296,7.400656215822092,0.9225265789126329,106.05602347995466,95.17124528500324,0.11437045046910403,2.221383305092125,1.796756216047006e-05,0.00012379896125573364,6992.999999999998,0.2869509445751013,0.2882055158202878,
H2a,L32-anode,1p6kW,Xe3,a=1/8_b=0.8_c=0.9L_w=0.25L,facility,success,11.638845098246753,7.400656215822092,0.5726774435709775,107.15545519020995,95.17124528500324,0.1259225921581499,2.4457571235115734,0.0024049620634526334,0.015046485513164018,6992.999999999998,0.3520418568166195,0.35966060889289025,
H2a,L32-anode,1p6kW,Xe3,a=1/8_b=0.8_c=1.1L_w=0.1L,facility,success,14.43482134362021,7.400656215822092,0.9504785687463172,106.62415918526811,95.17124528500324,0.12034006559405168,2.337329367400994,4.404724544356559e-05,0.0002882290748831908,5993.999999999999,0.2830790907285263,0.28712698999347236,
H2a,L32-anode,1p6kW,Xe3,a=1/8_b=0.8_c=1.1L_w=0.25L,facility,success,11.835931452184617,7.400656215822092,0.5993083730710546,107.90819681534398,95.17124528500324,0.1338319309808147,2.5993778633348446,0.008352126428990603,0.04874596872919054,6992.999999999998,0.3466477764987675,0.35865808217283496,
H2a,L32-anode,1p6kW,Xe3,a=1/8_b=0.8_c=1L_w=0.1L,facility,success,14.305767310565443,7.400656215822092,0.9330403809300991,106.380797104721,95.17124528500324,0.11778296885944091,2.2876636366770917,2.2235777666976926e-05,0.00014595689887893587,5993.999999999999,0.28553482082434894,0.2883961881859434,
H2a,L32-anode,1p6kW,Xe3,a=1/8_b=0.8_c=1L_w=0.25L,facility,success,11.677101381571202,7.400656215822092,0.5778467531847196,107.48236561722807,95.17124528500324,0.12935756273186824,2.5124735371887397,0.0052865979731534455,0.030810441565231866,6992.999999999998,0.35089779806694055,0.3606729519780864,
H2a,L32-anode,1p6kW,Xe3,a=1/8_b=0.97_c=0.9L_w=0.1L,facility,success,10.593869087992243,7.400656215822092,0.43147699055974004,106.15262402546657,95.17124528500324,0.11538546866312491,2.24109770213537,0.004678498258200831,0.031479502489128425,6992.999999999998,0.3864387585913361,0.387776118077732,
H2a,L32-anode,1p6kW,Xe3,a=1/8_b=0.97_c=0.9L_w=0.25L,facility,success,7.613400563812621,7.400656215822092,0.028746687021577347,106.17040932284904,95.17124528500324,0.1155723454590438,2.2447273546624054,0.021841977845271424,0.11724541736538646,9989.999999999998,0.5394644107094407,0.539762235563045,
H2a,L32-anode,1p6kW,Xe3,a=1/8_b=0.97_c=1.1L_w=0.1L,facility,success,10.195743500047092,7.400656215822092,0.37768100594232384,107.38246089379807,95.17124528500324,0.12830782630012533,2.492084818121391,0.03556732375071224,0.18201390362400519,5993.999999999999,0.40176901856846925,0.41230822289141283,
H2a,L32-anode,1p6kW,Xe3,a=1/8_b=0.97_c=1.1L_w=0.25L,facility,success,7.4295331206387205,7.400656215822092,0.003901938419310893,107.6640726925441,95.17124528500324,0.13126682718219537,2.549556613783846,0.007094360532880431,0.038372221560230534,7991.999999999998,0.5472654873855629,0.5687930453884594,
H2a,L32-anode,1p6kW,Xe3,a=1/8_b=0.97_c=1L_w=0.1L,facility,success,10.407568242303515,7.400656215822092,0.4063034329378593,107.07883232657862,95.17124528500324,0.12511748696695613,2.4301198044031382,0.01016174375884631,0.05909093978790868,5993.999999999999,0.3943224834954392,0.4016355794766904,
H2a,L32-anode,1p6kW,Xe3,a=1/8_b=0.97_c=1L_w=0.25L,facility,success,7.417255158673573,7.400656215822092,0.0022429014897345405,106.40030066894644,95.17124528500324,0.11798790013008933,2.2916439559067747,0.013181166435052879,0.08168435547620362,8990.999999999998,0.5481822649362978,0.5564378751260682,
H2a,L32-anode,1p6kW,Xe3,a=1/8_b=0.9_c=0.9L_w=0.1L,facility,success,12.729263503832918,7.400656215822092,0.7200182163060934,106.09750572814642,95.17124528500324,0.11480632002263913,2.2298490700292177,1.7065624886008698e-05,0.000101582971375904,6992.999999999998,0.32072566402446046,0.3223897784652044,
H2a,L32-anode,1p6kW,Xe3,a=1/8_b=0.9_c=0.9L_w=0.25L,facility,success,9.83335634979691,7.400656215822092,0.3287141116991589,107.80242659328214,95.17124528500324,0.13272056355313103,2.577792103730386,0.013165164812993792,0.07971322962155511,7991.999999999998,0.4184013681044651,0.43085336398357393,
H2a,L32-anode,1p6kW,Xe3,a=1/8_b=0.9_c=1.1L_w=0.1L,facility,success,12.869367008569895,7.400656215822092,0.7389494435717845,107.00792232382902,95.17124528500324,0.12437240894956496,2.415648375270567,0.00010476155618628947,0.0008144235384793706,6992.999999999998,0.31782851826304165,0.324376116328924,
H2a,L32-anode,1p6kW,Xe3,a=1/8_b=0.9_c=1.1L_w=0.25L,facility,success,9.931902869794527,7.400656215822092,0.34203002816977285,108.32648140489518,95.17124528500324,0.13822700418069328,2.684742065284067,0.18299551333890543,0.7871439933604472,5993.999999999999,0.4121018172114238,0.43073583318508357,
H2a,L32-anode,1p6kW,Xe3,a=1/8_b=0.9_c=1L_w=0.1L,facility,success,12.773417339244357,7.400656215822092,0.7259844217510972,106.61971388878047,95.17124528500324,0.12029335719516152,2.3364221640361684,4.5424699154283314e-05,0.00038126970218042985,6992.999999999998,0.31996091531596976,0.3244457697673265,
H2a,L32-anode,1p6kW,Xe3,a=1/8_b=0.9_c=1L_w=0.25L,facility,success,9.82790795366722,7.400656215822092,0.3279779072369056,108.33424948093686,95.17124528500324,0.13830862627167706,2.6863273869252287,0.05335158039975626,0.2745075950316107,6992.999999999998,0.41823221363488267,0.43535613613802776,
H2b,L32-anode,3p0kW,Xe1,a=1/16_b=0.8_c=0.9L_w=0.1L,facility,success,9.0123120495997,7.582322357019064,0.18859521202720622,104.53878071642222,82.32639228613156,0.2698088403180579,4.533140495977686,1.7837044180294812,11.917293815587568,4994.999999999999,0.54112143994157,0.5253912500160527,
H2b,L32-anode,3p0kW,Xe1,a=1/16_b=0.8_c=0.9L_w=0.25L,facility,success,7.961676530254264,7.582322357019064,0.05003139610439103,104.90612437905862,82.32639228613156,0.2742708804055145,4.608108590393277,0.3678953481134911,2.0549282238299935,6992.999999999998,0.5386487704561046,0.5989097073295186,
H2b,L32-anode,3p0kW,Xe1,a=1/16_b=0.8_c=1.1L_w=0.1L,facility,success,8.257111254244288,7.582322357019064,0.08899501570261815,90.25698573292277,82.32639228613156,0.09633111844896398,1.618488458528819,2.915310242738435,15.671214529267495,3995.999999999999,0.5471583325211904,0.4274621938381301,
H2b,L32-anode,3p0kW,Xe1,a=1/16_b=0.8_c=1.1L_w=0.25L,facility,success,7.580490099974058,7.582322357019064,-0.00024164852913564883,98.16106433701744,82.32639228613156,0.1923401671222429,3.231565724670586,1.5761721294357491,5.604304639585861,4994.999999999999,0.5445897403844527,0.5507384881042217,
H2b,L32-anode,3p0kW,Xe1,a=1/16_b=0.8_c=1L_w=0.1L,facility,success,9.460902113536774,7.582322357019064,0.24775783303102142,117.37736411486817,82.32639228613156,0.4257561986551569,7.153259556885021,1.9013668807068813,13.144982451347781,4994.999999999999,0.564493367557091,0.6309578551603822,
H2b,L32-anode,3p0kW,Xe1,a=1/16_b=0.8_c=1L_w=0.25L,facility,success,7.620017423862886,7.582322357019064,0.004971440815745249,100.00892687712336,82.32639228613156,0.21478573395436568,3.6086805287738355,0.6795762396805395,2.6595832158245494,5993.999999999999,0.5466331784750039,0.5687033225254218,
H2b,L32-anode,3p0kW,Xe1,a=1/16_b=0.97_c=0.9L_w=0.1L,facility,success,7.258384852876762,7.582322357019064,-0.04272272911773904,101.22272142980164,82.32639228613156,0.22952942086900235,3.8563937027898114,0.00618120775282338,0.03813160416050678,5993.999999999999,0.5789065228598943,0.6116179499211852,
H2b,L32-anode,3p0kW,Xe1,a=1/16_b=0.97_c=0.9L_w=0.25L,facility,success,5.518931081530181,7.582322357019064,-0.27213183221876236,92.34408270825605,82.32639228613156,0.12168261166245767,2.0444266167601013,0.15051307277406595,0.5475682348319406,28970.999999999993,0.7704656373627373,0.6694642156911793,
H2b,L32-anode,3p0kW,Xe1,a=1/16_b=0.97_c=1.1L_w=0.1L,facility,success,7.098059929264468,7.582322357019064,-0.06386729618614895,100.78903861225929,82.32639228613156,0.22426157412509248,3.7678870053321902,0.2854975692395463,1.0194161489382818,4994.999999999999,0.5987983871758606,0.6200848761229529,
H2b,L32-anode,3p0kW,Xe1,a=1/16_b=0.97_c=1.1L_w=0.25L,facility,success,5.3889727483181895,7.582322357019064,-0.28927147982180673,84.97127467591986,82.32639228613156,0.03212678603230678,0.5397719162833264,0.17066299475542238,0.7064858671817799,47951.99999999999,0.7924513448929328,0.5805003349231732,
H2b,L32-anode,3p0kW,Xe1,a=1/16_b=0.97_c=1L_w=0.1L,facility,success,7.23595229718306,7.582322357019064,-0.045681262748656984,103.2764549214423,82.32639228613156,0.2544756554191906,4.275522986798107,0.006018435736265755,0.037897670110239305,4994.999999999999,0.583445854440978,0.6386620992276081,
H2b,L32-anode,3p0kW,Xe1,a=1/16_b=0.97_c=1L_w=0.25L,facility,success,5.4177346285180805,7.582322357019064,-0.28547819870744395,87.03740867991235,82.32639228613156,0.05722364679126583,0.961431917098119,0.15563383969104605,0.5866270180008674,43955.99999999999,0.7714770067854622,0.6058405972466084,
H2b,L32-anode,3p0kW,Xe1,a=1/16_b=0.9_c=0.9L_w=0.1L,facility,success,8.287034241293108,7.582322357019064,0.09294143022311402,102.08483526720974,82.32639228613156,0.24000132196253937,4.032335302260852,0.3832035625196727,1.4141091326878195,5993.999999999999,0.503607639338608,0.5448632628743327,
H2b,L32-anode,3p0kW,Xe1,a=1/16_b=0.9_c=0.9L_w=0.25L,facility,success,6.898822541307431,7.582322357019064,-0.09014386140928277,103.50140560848868,82.32639228613156,0.2572080803536461,4.321431290276963,0.005093859834619244,0.035452760004925456,8990.999999999998,0.6176646953849658,0.6727933921839948,
H2b,L32-anode,3p0kW,Xe1,a=1/16_b=0.9_c=1.1L_w=0.1L,facility,success,9.712182852300844,7.582322357019064,0.28089817274916273,111.17504428337139,82.32639228613156,0.35041802751387646,5.8874799994367,2.196591671923092,9.830434013454745,3995.999999999999,0.5009275814108846,0.5513939129081961,
H2b,L32-anode,3p0kW,Xe1,a=1/16_b=0.9_c=1.1L_w=0.25L,facility,success,6.956538671748347,7.582322357019064,-0.08253192832027512,102.59074318671426,82.32639228613156,0.24614647062575548,4.135581816445449,0.006389355810933722,0.04448942722462663,11987.999999999998,0.6169300966311898,0.6555221086928423,
H2b,L32-anode,3p0kW,Xe1,a=1/16_b=0.9_c=1L_w=0.1L,facility,success,7.831248371413201,7.582322357019064,0.03282978521266681,93.94196355588151,82.32639228613156,0.14109170761885398,2.370524748928561,2.273579373436099,12.787731950795933,8990.999999999998,0.5532025124436875,0.48826148139446235,
H2b,L32-anode,3p0kW,Xe1,a=1/16_b=0.9_c=1L_w=0.25L,facility,success,6.836068033936645,7.582322357019064,-0.09842028443852704,100.36876251084182,82.32639228613156,0.21915657571878822,3.6821163723898467,0.23617386696043485,0.719800039875374,8990.999999999998,0.6252057873539982,0.6384912623970784,
H2b,L32-anode,3p0kW,Xe1,a=1/32_b=0.8_c=0.9L_w=0.1L,facility,success,5.388904562612838,7.582322357019064,-0.2892804725422611,74.2193258018804,82.32639228613156,-0.09847469637773563,-1.6545033641328901,2.7558776290476943,14.596597842789771,3995.999999999999,0.8008852455484221,0.44289187503822364,
H2b,L32-anode,3p0kW,Xe1,a=1/32_b=0.8_c=0.9L_w=0.25L,facility,success,4.828842133737073,7.582322357019064,-0.36314470601913346,68.57775555427607,82.32639228613156,-0.16700156960687731,-2.8058442309909153,2.4633021862964606,12.273476971657272,3995.999999999999,0.8648114554126657,0.4219759721880588,
H2b,L32-anode,3p0kW,Xe1,a=1/32_b=0.8_c=1.1L_w=0.1L,facility,success,4.422402086637658,7.582322357019064,-0.41674834194515914,52.07211581718102,82.32639228613156,-0.36749182891191845,-6.174342136520518,3.561553446048177,25.08712843094425,3995.999999999999,0.7019580681401677,0.2656540358798467,
H2b,L32-anode,3p0kW,Xe1,a=1/32_b=0.8_c=1.1L_w=0.25L,facility,success,5.224332384667803,7.582322357019064,-0.3109851917820977,77.12559055002563,82.32639228613156,-0.06317295816911488,-1.0613881094093736,3.122417361409735,18.854137089934387,6992.999999999998,0.9141674171579387,0.49332190556669403,
H2b,L32-anode,3p0kW,Xe1,a=1/32_b=0.8_c=1L_w=0.1L,facility,success,5.608064465471193,7.582322357019064,-0.2603764122109992,66.65408525670338,82.32639228613156,-0.1903679560615009,-3.1984300060057502,2.85797830512044,15.076315418789083,3995.999999999999,0.7060509346020456,0.3432454140771718,
H2b,L32-anode,3p0kW,Xe1,a=1/32_b=0.8_c=1L_w=0.25L,facility,success,4.8721791075636425,7.582322357019064,-0.357429178271035,70.56653043064993,82.32639228613156,-0.1428443726115113,-2.399971807241148,2.8832262766822523,16.328104352603834,3995.999999999999,0.9152024301935807,0.442831473523907,
H2b,L32-anode,3p0kW,Xe1,a=1/32_b=0.97_c=0.9L_w=0.1L,facility,success,5.456632224403022,7.582322357019064,-0.28034816149016134,88.75077057387763,82.32639228613156,0.07803546480474527,1.311097609744096,2.331696247635521,10.17772944022891,8990.999999999998,0.8831950095577877,0.6254372982649187,
H2b,L32-anode,3p0kW,Xe1,a=1/32_b=0.97_c=0.9L_w=0.25L,facility,success,4.136910088433034,7.582322357019064,-0.45440065805123186,72.8052669665614,82.32639228613156,-0.11565094807602849,-1.9430867999122758,2.455102135706548,11.522754199574745,8990.999999999998,0.9936206421842158,0.55515430364179,
H2b,L32-anode,3p0kW,Xe1,a=1/32_b=0.97_c=1.1L_w=0.1L,facility,success,5.274070507490484,7.582322357019064,-0.3044254439263978,76.40393060171023,82.32639228613156,-0.07193879775318428,-1.2086656498819037,3.0973352499713944,16.87142884450492,6992.999999999998,0.8818322914900282,0.47956741540756676,
H2b,L32-anode,3p0kW,Xe1,a=1/32_b=0.97_c=1.1L_w=0.25L,facility,success,4.358240000135466,7.582322357019064,-0.42521040455356246,74.66696276525434,82.32639228613156,-0.09303735179183248,-1.5631488818116785,3.003192433158216,16.341025460548643,6992.999999999998,0.9823403728177942,0.5542555171745852,
H2b,L32-anode,3p0kW,Xe1,a=1/32_b=0.97_c=1L_w=0.1L,facility,success,4.87580530751866,7.582322357019064,-0.35695093429982466,73.23285466104515,82.32639228613156,-0.11045713740839194,-1.8558240051196757,2.794677146821248,14.007149252051477,3995.999999999999,0.8849290299064332,0.4765733652258068,
H2b,L32-anode,3p0kW,Xe1,a=1/32_b=0.97_c=1L_w=0.25L,facility,success,3.876389349317576,7.582322357019064,-0.48875962181571625,66.91664099462729,82.32639228613156,-0.18717875110992999,-3.1448472023478113,2.842201223711066,15.098334036773549,3995.999999999999,0.9897698946239192,0.5005011378021736,
H2b,L32-anode,3p0kW,Xe1,a=1/32_b=0.9_c=0.9L_w=0.1L,facility,success,5.049685061433285,7.582322357019064,-0.3340186787549701,70.23197220192587,82.32639228613156,-0.1469081754751335,-2.4682489967766714,2.6674058601042967,13.665295690253348,3995.999999999999,0.8112704776869035,0.4232233600915745,
H2b,L32-anode,3p0kW,Xe1,a=1/32_b=0.9_c=0.9L_w=0.25L,facility,success,5.002485142137323,7.582322357019064,-0.3402436738255461,76.34524164514274,82.32639228613156,-0.07265167918692324,-1.2206429879569023,2.377883185851806,11.38500223657475,8990.999999999998,0.8970061232611828,0.5048267229770292,
H2b,L32-anode,3p0kW,Xe1,a=1/32_b=0.9_c=1.1L_w=0.1L,facility,success,5.0316224992873195,7.582322357019064,-0.3364008726654209,78.40244010560691,82.32639228613156,-0.04766335644694176,-0.8008065674540091,3.406883274046738,20.952117038394466,6992.999999999998,0.9692346915435182,0.5293163435843021,
H2b,L32-anode,3p0kW,Xe1,a=1/32_b=0.9_c=1.1L_w=0.25L,facility,success,4.9465164183370725,7.582322357019064,-0.34762514894160207,79.8713865687601,82.32639228613156,-0.029820397192177536,-0.5010215749737681,3.1194304486840356,17.665650254706744,6992.999999999998,0.961199368177845,0.5587881508891448,
H2b,L32-anode,3p0kW,Xe1,a=1/32_b=0.9_c=1L_w=0.1L,facility,success,5.330626325224483,7.582322357019064,-0.29696653950753665,69.23475208081408,82.32639228613156,-0.1590211819293199,-2.67176330720765,2.9616189650037943,16.472607460648245,3995.999999999999,0.7586942460446984,0.3896137170511713,
H2b,L32-anode,3p0kW,Xe1,a=1/32_b=0.9_c=1L_w=0.25L,facility,success,4.47794845298791,7.582322357019064,-0.40942256974308017,73.00165907426653,82.32639228613156,-0.11326541772237773,-1.903006777931638,2.912194015923242,15.97246954323185,3995.999999999999,0.9637863786792651,0.515644709210592,
H2b,L32-anode,3p0kW,Xe1,a=1/8_b=0.8_c=0.9L_w=0.1L,facility,success,13.72520929320788,7.582322357019064,0.8101590313556452,101.25045771837219,82.32639228613156,0.22986632727046524,3.8620541698450244,1.0162978132387317e-05,4.684837377630061e-05,998.9999999999998,0.3096914528584171,0.32362287387383576,
H2b,L32-anode,3p0kW,Xe1,a=1/8_b=0.8_c=0.9L_w=0.25L,facility,success,11.364953951520034,7.582322357019064,0.4988750697204709,102.43752532008732,82.32639228613156,0.24428536797844858,4.104312864072603,0.025123289219920183,0.1329269933398985,6992.999999999998,0.37537520967195087,0.40005036560653945,
H2b,L32-anode,3p0kW,Xe1,a=1/8_b=0.8_c=1.1L_w=0.1L,facility,success,13.916694420674272,7.582322357019064,0.8354131841666412,101.98052121331817,82.32639228613156,0.23873424282795255,4.011046719834002,0.00010711640291205769,0.0007435177452147562,5993.999999999999,0.3058703082967891,0.3237893491902785,
H2b,L32-anode,3p0kW,Xe1,a=1/8_b=0.8_c=1.1L_w=0.25L,facility,success,11.49047458749993,7.582322357019064,0.5154294484542766,103.10129941275244,82.32639228613156,0.25234808121332614,4.239776964616505,0.07785834434461897,0.3641382348407131,5993.999999999999,0.37139180599752103,0.40082472808296393,
H2b,L32-anode,3p0kW,Xe1,a=1/8_b=0.8_c=1L_w=0.1L,facility,success,13.790025890456008,7.582322357019064,0.8187074145812838,101.64277103467938,82.32639228613156,0.23463166807325048,3.942118111948536,3.0062592457523668e-05,0.00025069763351782194,5993.999999999999,0.30848815635361504,0.3246026843265118,
H2b,L32-anode,3p0kW,Xe1,a=1/8_b=0.8_c=1L_w=0.25L,facility,success,11.425965348020112,7.582322357019064,0.5069216013274526,103.28869616785079,82.32639228613156,0.25462434706069914,4.278021200350862,0.04922344984614012,0.24287024006422514,6992.999999999998,0.3752968003895432,0.4045543575783571,
H2b,L32-anode,3p0kW,Xe1,a=1/8_b=0.97_c=0.9L_w=0.1L,facility,success,10.37598393068594,7.582322357019064,0.3684440521156087,101.77221970260564,82.32639228613156,0.23620405165926187,3.9685362074436883,0.032351775420225055,0.176760952174993,5993.999999999999,0.41393540648702515,0.4325072567816877,
H2b,L32-anode,3p0kW,Xe1,a=1/8_b=0.97_c=0.9L_w=0.25L,facility,success,7.370395880045101,7.582322357019064,-0.02795007479176604,99.84439432667006,82.32639228613156,0.212787194410917,3.575102457252753,0.022728417241139557,0.124062651440488,9989.999999999998,0.575198596238946,0.5860312209389587,
H2b,L32-anode,3p0kW,Xe1,a=1/8_b=0.97_c=1.1L_w=0.1L,facility,success,9.900426087803924,7.582322357019064,0.30572476632294043,102.1497996049745,82.32639228613156,0.24079042902724557,4.04559333037611,0.13077319432433251,0.5760987350250949,5993.999999999999,0.4273516851926206,0.4566519826914141,
H2b,L32-anode,3p0kW,Xe1,a=1/8_b=0.97_c=1.1L_w=0.25L,facility,success,7.31575274716261,7.582322357019064,-0.0351567234027826,102.25824190113256,82.32639228613156,0.24210765298358233,4.067724411224695,0.011943161552815442,0.07526439019344783,7991.999999999998,0.5782358880465448,0.6193010551391821,
H2b,L32-anode,3p0kW,Xe1,a=1/8_b=0.97_c=1L_w=0.1L,facility,success,10.055575151987806,7.582322357019064,0.3261867114735919,101.54105924961554,82.32639228613156,0.23339619810743023,3.921360604792648,0.07156102567564022,0.34473770749319094,5993.999999999999,0.4219497976801217,0.4442635252888692,
H2b,L32-anode,3p0kW,Xe1,a=1/8_b=0.97_c=1L_w=0.25L,facility,success,7.2690503524939,7.582322357019064,-0.04131610208251875,100.89197855386816,82.32639228613156,0.22551196222968817,3.7888951566809363,0.013395785435541858,0.08209036510804679,8990.999999999998,0.5811412778875223,0.6067360447335964,
H2b,L32-anode,3p0kW,Xe1,a=1/8_b=0.9_c=0.9L_w=0.1L,facility,success,12.326771086911393,7.582322357019064,0.6257250096337997,101.47707030639789,82.32639228613156,0.23261893893888505,3.9083016367890475,0.0006864108955850406,0.004465750122657903,6992.999999999998,0.34558181370584456,0.3619517705093378,
H2b,L32-anode,3p0kW,Xe1,a=1/8_b=0.9_c=0.9L_w=0.25L,facility,success,9.650518215209106,7.582322357019064,0.27276548804014955,103.08830474295395,82.32639228613156,0.25219023790891754,4.237124991188243,0.01021546324351247,0.06729770779091937,6992.999999999998,0.4447172655065528,0.47712520153441784,
H2b,L32-anode,3p0kW,Xe1,a=1/8_b=0.9_c=1.1L_w=0.1L,facility,success,12.469943108340248,7.582322357019064,0.6446073539456739,102.49001171267211,82.32639228613156,0.24492290827539695,4.115024372763377,0.004228859338191738,0.024388597187366138,5993.999999999999,0.34179771350240484,0.3649747409109073,
H2b,L32-anode,3p0kW,Xe1,a=1/8_b=0.9_c=1.1L_w=0.25L,facility,success,9.627873334285004,7.582322357019064,0.2697789517445595,103.15016715159321,82.32639228613156,0.2529416665446368,4.249749972543193,0.08156542006778407,0.42691939900996634,5993.999999999999,0.4401184115335208,0.4788215626612264,
H2b,L32-anode,3p0kW,Xe1,a=1/8_b=0.9_c=1L_w=0.1L,facility,success,12.3591750891769,7.582322357019064,0.629998634618302,102.0277498722541,82.32639228613156,0.23930791862771048,4.020685221657661,0.0015282135692939053,0.01095909665535748,5993.999999999999,0.34471623818622826,0.36493147988549035,
H2b,L32-anode,3p0kW,Xe1,a=1/8_b=0.9_c=1L_w=0.25L,facility,success,9.676818529394913,7.582322357019064,0.2762341237624834,104.04156775310021,82.32639228613156,0.2637693073139404,4.4316684626466625,0.025422016844478038,0.1452311947684887,5993.999999999999,0.44461716353787284,0.48466914691665086,
H2b,L32-anode,3p0kW,Xe2,a=1/16_b=0.8_c=0.9L_w=0.1L,facility,success,9.37792522260257,8.589692369157012,0.09176496893833641,107.10194241619153,93.01516772729975,0.15144599567020223,2.8748519773248513,0.9409135350403172,3.391498100966757,5993.999999999999,0.4485377900941157,0.48868282927298284,
H2b,L32-anode,3p0kW,Xe2,a=1/16_b=0.8_c=0.9L_w=0.25L,facility,success,8.04213928848019,8.589692369157012,-0.06374536562484122,108.51111095817603,93.01516772729975,0.16659587473203305,3.162437394056382,0.21551268501733825,1.1678369483170463,6992.999999999998,0.5275019892945272,0.5849462746795253,
H2b,L32-anode,3p0kW,Xe2,a=1/16_b=0.8_c=1.1L_w=0.1L,facility,success,10.097351293775473,8.589692369157012,0.17551954829395386,111.93555723211033,93.01516772729975,0.20341187321492588,3.861303980573584,1.8875338496750562,11.888493547075413,4994.999999999999,0.4539432451372895,0.4957558134583036,
H2b,L32-anode,3p0kW,Xe2,a=1/16_b=0.8_c=1.1L_w=0.25L,facility,success,8.05897976232895,8.589692369157012,-0.061784821157704235,105.27443527883857,93.01516772729975,0.13179858566164512,2.5018913370487352,2.1520993101401587,8.702485228422164,4994.999999999999,0.5337339165881835,0.5494205838274109,
H2b,L32-anode,3p0kW,Xe2,a=1/16_b=0.8_c=1L_w=0.1L,facility,success,8.937267853828546,8.589692369157012,0.04046425293641161,102.9440501444623,93.01516772729975,0.10674476711445455,2.0263025341148038,1.0388091323992485,3.7907962311351477,5993.999999999999,0.44991291778116216,0.47373653346357464,
H2b,L32-anode,3p0kW,Xe2,a=1/16_b=0.8_c=1L_w=0.25L,facility,success,7.542464570069016,8.589692369157012,-0.12191679912173276,100.143345612036,93.01516772729975,0.07663457540209473,1.4547301805584165,0.9242780019460161,3.3627849805802885,5993.999999999999,0.5350582104127438,0.5312146751883202,
H2b,L32-anode,3p0kW,Xe2,a=1/16_b=0.97_c=0.9L_w=0.1L,facility,success,7.372207235320609,8.589692369157012,-0.14173792046476824,103.95174872801464,93.01516772729975,0.11757846884476465,2.231955306268341,0.01513597267451874,0.08966162581993034,5993.999999999999,0.5603871401604036,0.5856055914742545,
H2b,L32-anode,3p0kW,Xe2,a=1/16_b=0.97_c=0.9L_w=0.25L,facility,success,5.6314032859603165,8.589692369157012,-0.3443998872205269,98.34467257895878,93.01516772729975,0.057297158967491935,1.0876540513589834,0.13213024930013584,0.627787272235449,9989.999999999998,0.7418888461495464,0.6861581055447017,
H2b,L32-anode,3p0kW,Xe2,a=1/16_b=0.97_c=1.1L_w=0.1L,facility,success,7.360774047459124,8.589692369157012,-0.1430689562423169,106.9057171054548,93.01516772729975,0.14933639015605613,2.834805995541844,0.3352976536781695,1.0578530460673663,3995.999999999999,0.5863906793381497,0.6203224886516042,
H2b,L32-anode,3p0kW,Xe2,a=1/16_b=0.97_c=1.1L_w=0.25L,facility,success,5.425753951648149,8.589692369157012,-0.3683412957685899,91.83468946700155,93.01516772729975,-0.012691244762995041,-0.24091393067310168,0.19640006880316532,0.7661085390535178,44954.99999999999,0.8016209608109327,0.6210013990448137,
H2b,L32-anode,3p0kW,Xe2,a=1/16_b=0.97_c=1L_w=0.1L,facility,success,7.29882611746618,8.589692369157012,-0.15028084781312337,105.80811835634792,93.01516772729975,0.137536177610885,2.6108062508261543,0.010503157179363263,0.0723269985518264,4994.999999999999,0.5676585064809665,0.6128075612517073,
H2b,L32-anode,3p0kW,Xe2,a=1/16_b=0.97_c=1L_w=0.25L,facility,success,5.478020690703935,8.589692369157012,-0.3622564749380489,93.3494155901972,93.01516772729975,0.0035934769679433986,0.06821384957090688,0.16007805444139828,0.6100542212898213,38960.99999999999,0.7673479267459414,0.6355338528031022,
H2b,L32-anode,3p0kW,Xe2,a=1/16_b=0.9_c=0.9L_w=0.1L,facility,success,8.382175062191958,8.589692369157012,-0.024158875317838557,104.60336455837096,93.01516772729975,0.12458394812602247,2.364938128790039,0.4623930118583279,1.5323600104476351,5993.999999999999,0.4902567301484095,0.5215233180692052,
H2b,L32-anode,3p0kW,Xe2,a=1/16_b=0.9_c=0.9L_w=0.25L,facility,success,6.918272629476913,8.589692369157012,-0.19458435387996684,105.99106885511057,93.01516772729975,0.13950306648753605,2.648143087308329,0.0031967784516961414,0.021421595291159133,9989.999999999998,0.6043727562311186,0.6487539597067924,
H2b,L32-anode,3p0kW,Xe2,a=1/16_b=0.9_c=1.1L_w=0.1L,facility,success,8.71974562082377,8.589692369157012,0.015140618089390564,108.28356339348306,93.01516772729975,0.16414952570904268,3.115999115547613,2.2786123063474837,11.284540991605521,3995.999999999999,0.511977055744337,0.53723019356617,
H2b,L32-anode,3p0kW,Xe2,a=1/16_b=0.9_c=1.1L_w=0.25L,facility,success,6.949084686037298,8.589692369157012,-0.19099725724877412,104.70910147227627,93.01516772729975,0.1257207187892257,2.3865170908115334,0.07892441350423471,0.2636145752662342,8990.999999999998,0.604352595386956,0.6303480472614506,
H2b,L32-anode,3p0kW,Xe2,a=1/16_b=0.9_c=1L_w=0.1L,facility,success,8.781290628548883,8.589692369157012,0.02230560201199312,110.45601888038944,93.01516772729975,0.18750545291949003,3.5593573781815655,0.5548546981403928,1.8290020603988324,5993.999999999999,0.48968069995574653,0.5550851022499128,
H2b,L32-anode,3p0kW,Xe2,a=1/16_b=0.9_c=1L_w=0.25L,facility,success,6.878400408775349,8.589692369157012,-0.19922622217838618,105.2954913388087,93.01516772729975,0.1320249579887034,2.5061884921446835,0.11210841780461607,0.6903269054933987,5993.999999999999,0.607647893095511,0.6439783214658144,
H2b,L32-anode,3p0kW,Xe2,a=1/32_b=0.8_c=0.9L_w=0.1L,facility,success,5.659386265039791,8.589692369157012,-0.34114214784211183,83.72975471293535,93.01516772729975,-0.09982686954440839,-1.8949822478294729,1.5219886724825828,6.24524179708765,4994.999999999999,0.8338588685183749,0.4949136725034933,
H2b,L32-anode,3p0kW,Xe2,a=1/32_b=0.8_c=0.9L_w=0.25L,facility,success,5.55058873444797,8.589692369157012,-0.35380820454310374,79.00279285694138,93.01516772729975,-0.1506461280749352,-2.8596683408894643,2.430442029563864,12.079715867227378,3995.999999999999,0.7982449533483298,0.44924679703800136,
H2b,L32-anode,3p0kW,Xe2,a=1/32_b=0.8_c=1.1L_w=0.1L,facility,success,5.848687060829522,8.589692369157012,-0.3191040133369166,77.18095035257763,93.01516772729975,-0.17023263798378138,-3.23147293361676,3.1460958350242167,18.453419266633098,3995.999999999999,0.7612544512396714,0.40691247961691557,
H2b,L32-anode,3p0kW,Xe2,a=1/32_b=0.8_c=1.1L_w=0.25L,facility,success,3.9568104073814254,8.589692369157012,-0.5393536535034554,55.62467437046247,93.01516772729975,-0.4019827547530536,-7.6307129299667915,3.6971880482365225,24.111192932073692,6992.999999999998,0.8305376879064601,0.31241283817353493,
H2b,L32-anode,3p0kW,Xe2,a=1/32_b=0.8_c=1L_w=0.1L,facility,success,5.581016215301813,8.589692369157012,-0.35026587967904943,81.22783953408236,93.01516772729975,-0.1267247964092833,-2.405577182289265,2.9734890858007166,16.07441341585633,3995.999999999999,0.8340215739714164,0.47231927638449606,
H2b,L32-anode,3p0kW,Xe2,a=1/32_b=0.8_c=1L_w=0.25L,facility,success,4.860957477948613,8.589692369157012,-0.4340941131485871,75.26427650635449,93.01516772729975,-0.19083867346223596,-3.622630861417401,2.947233779592785,17.18945445065765,3995.999999999999,0.889986644033002,0.4655808521277975,
H2b,L32-anode,3p0kW,Xe2,a=1/32_b=0.97_c=0.9L_w=0.1L,facility,success,5.409536752348936,8.589692369157012,-0.3702292794823541,88.02450440264859,93.01516772729975,-0.053654295816384624,-1.0185027193165659,0.3995975535946617,2.614958291102022,5993.999999999999,0.7578794358314546,0.572250593555485,
H2b,L32-anode,3p0kW,Xe2,a=1/32_b=0.97_c=0.9L_w=0.25L,facility,success,3.447413998931676,8.589692369157012,-0.5986568725894891,60.503646689322636,93.01516772729975,-0.349529241653295,-6.635004293464718,2.796261433279362,15.066877176881615,4994.999999999999,0.9597015042169171,0.42423726299208814,
H2b,L32-anode,3p0kW,Xe2,a=1/32_b=0.97_c=1.1L_w=0.1L,facility,success,4.333913585387583,8.589692369157012,-0.4954518277104596,72.65008165025313,93.01516772729975,-0.21894371181217054,-4.1561400157238,3.502261527010176,21.115853150167535,6992.999999999998,0.961226292936958,0.4865540772742863,
H2b,L32-anode,3p0kW,Xe2,a=1/32_b=0.97_c=1.1L_w=0.25L,facility,success,3.306583174316746,8.589692369157012,-0.6150522006830319,60.816136544913746,93.01516772729975,-0.3461696836024267,-6.5712308535481645,3.6291604817610628,23.358331092742365,3995.999999999999,1.0219088322009535,0.44688662176596955,
H2b,L32-anode,3p0kW,Xe2,a=1/32_b=0.97_c=1L_w=0.1L,facility,success,4.895900270997248,8.589692369157012,-0.43002612193925066,74.66480851275158,93.01516772729975,-0.19728351475264166,-3.7449712682751386,2.921668637705411,15.823755828401742,3995.999999999999,0.8128537887182313,0.4549236332294854,
H2b,L32-anode,3p0kW,Xe2,a=1/32_b=0.97_c=1L_w=0.25L,facility,success,3.8881449797992533,8.589692369157012,-0.5473475867703473,69.46021248337053,93.01516772729975,-0.25323778712077616,-4.807133723250862,2.9758388931871087,16.40288309369953,3995.999999999999,0.9904967202004231,0.4957570684427708,
H2b,L32-anode,3p0kW,Xe2,a=1/32_b=0.9_c=0.9L_w=0.1L,facility,success,6.212004332833836,8.589692369157012,-0.27680712348450737,90.96184966019632,93.01516772729975,-0.022075088582577354,-0.4190445034904963,2.479553312608941,11.597824161577208,3995.999999999999,0.7707322922121856,0.5321400746985671,
H2b,L32-anode,3p0kW,Xe2,a=1/32_b=0.9_c=0.9L_w=0.25L,facility,success,4.935752419555713,8.589692369157012,-0.42538659041172333,80.56889749246628,93.01516772729975,-0.13380903930983856,-2.5400551499660162,2.503272009833533,12.362794054479505,8990.999999999998,0.9130988297751856,0.5254369677950578,
H2b,L32-anode,3p0kW,Xe2,a=1/32_b=0.9_c=1.1L_w=0.1L,facility,success,4.245359833451411,8.589692369157012,-0.505761131947494,57.90455453472538,93.01516772729975,-0.37747191184464735,-7.165431263790689,3.698430249005089,24.026427628201255,6992.999999999998,0.7679860511802425,0.31553685574513995,
H2b,L32-anode,3p0kW,Xe2,a=1/32_b=0.9_c=1.1L_w=0.25L,facility,success,4.570426122141368,8.589692369157012,-0.4679173681990771,79.6554542709712,93.01516772729975,-0.14362940779181657,-2.7264721339446023,3.416298002265373,20.320069138543428,6992.999999999998,0.9971986366014366,0.5546429467988438,
H2b,L32-anode,3p0kW,Xe2,a=1/32_b=0.9_c=1L_w=0.1L,facility,success,5.338588527068711,8.589692369157012,-0.37848897287195427,84.2613142583196,93.01516772729975,-0.09411210755050775,-1.786500707955133,2.9783674073035176,16.480656157944704,3995.999999999999,0.8902359917797401,0.5313358984973378,
H2b,L32-anode,3p0kW,Xe2,a=1/32_b=0.9_c=1L_w=0.25L,facility,success,4.4593062337035745,8.589692369157012,-0.48085379055999783,72.66188290922251,93.01516772729975,-0.21881683724689557,-4.153731595525968,3.021690887218334,16.74781742685713,3995.999999999999,0.9239024678185674,0.4730261476738066,
H2b,L32-anode,3p0kW,Xe2,a=1/8_b=0.8_c=0.9L_w=0.1L,facility,success,13.91721256514728,8.589692369157012,0.6202224674680762,103.50944679327392,93.01516772729975,0.11282330959979678,2.14168960530085,1.3865735078161733e-05,0.00010547288026959243,5993.999999999999,0.29988410941594756,0.30757204831440005,
H2b,L32-anode,3p0kW,Xe2,a=1/8_b=0.8_c=0.9L_w=0.25L,facility,success,11.480536689474803,8.589692369157012,0.3365480620351364,104.65411249719257,93.01516772729975,0.12512953590553821,2.375294850998533,0.009345179561553936,0.056623928501556516,6992.999999999998,0.3648386645298334,0.3811444127124018,
H2b,L32-anode,3p0kW,Xe2,a=1/8_b=0.8_c=1.1L_w=0.1L,facility,success,14.089718537214202,8.589692369157012,0.6403053720300997,104.19911625618268,93.01516772729975,0.12023790100203686,2.2824384752822287,1.4222951608717724e-05,9.436336526949815e-05,5993.999999999999,0.2965346894923772,0.3078682507086202,
H2b,L32-anode,3p0kW,Xe2,a=1/8_b=0.8_c=1.1L_w=0.25L,facility,success,11.63094442944697,8.589692369157012,0.3540583212514309,105.62213467053391,93.01516772729975,0.13553667913812767,2.5728503965783984,0.03376466681688262,0.17630611791015807,5993.999999999999,0.3612848438331163,0.3832075444256159,
H2b,L32-anode,3p0kW,Xe2,a=1/8_b=0.8_c=1L_w=0.1L,facility,success,13.972934741189492,8.589692369157012,0.6267095654510371,103.88023853102884,93.01516772729975,0.11680966738223919,2.2173613885161374,1.3971548363229156e-05,0.00010544627765177614,5993.999999999999,0.298856513239351,0.30854420643095976,
H2b,L32-anode,3p0kW,Xe2,a=1/8_b=0.8_c=1L_w=0.25L,facility,success,11.5048631146234,8.589692369157012,0.33938011050708705,105.19922354916241,93.01516772729975,0.13098998926265082,2.486542004461767,0.02127133323244497,0.11970474796434745,6992.999999999998,0.36484068776579215,0.38431095408814075,
H2b,L32-anode,3p0kW,Xe2,a=1/8_b=0.97_c=0.9L_w=0.1L,facility,success,10.471333300567633,8.589692369157012,0.21905801168933875,103.82199165670808,93.01516772729975,0.11618345903639693,2.2054742713078204,0.016524365776313506,0.09328130831638916,6992.999999999998,0.4012980504625917,0.411259439025013,
H2b,L32-anode,3p0kW,Xe2,a=1/8_b=0.97_c=0.9L_w=0.25L,facility,success,7.46269010711849,8.589692369157012,-0.13120403078522883,102.65844119178364,93.01516772729975,0.10367420389710909,1.9680149927518111,0.020273846434245114,0.11083774935038458,9989.999999999998,0.5599321208761918,0.5641999894299564,
H2b,L32-anode,3p0kW,Xe2,a=1/8_b=0.97_c=1.1L_w=0.1L,facility,success,10.098498821579382,8.589692369157012,0.1756531418796833,105.70553463501246,93.01516772729975,0.1364333067152885,2.589870797492386,0.1325743677102363,0.5653428359361778,5993.999999999999,0.417174125318773,0.44205650476873315,
H2b,L32-anode,3p0kW,Xe2,a=1/8_b=0.97_c=1.1L_w=0.25L,facility,success,7.330503025175602,8.589692369157012,-0.14659306641792877,104.54866117871244,93.01516772729975,0.12399583566011912,2.3537741737576887,0.011893450664772938,0.07475592726651352,7991.999999999998,0.5661946841382282,0.5957201971349254,
H2b,L32-anode,3p0kW,Xe2,a=1/8_b=0.97_c=1L_w=0.1L,facility,success,10.226150527707386,8.589692369157012,0.19051417538844584,104.50500993149134,93.01516772729975,0.12352654394901806,2.344865755957465,0.051697703265234575,0.2620242404761419,5993.999999999999,0.4104172424770595,0.4266789237073409,
H2b,L32-anode,3p0kW,Xe2,a=1/8_b=0.97_c=1L_w=0.25L,facility,success,7.315972571800401,8.589692369157012,-0.14828468152481844,103.2625564962396,93.01516772729975,0.11016900812330903,2.0913038303958853,0.013758392994953766,0.08661560241273143,8990.999999999998,0.5669457922622692,0.5823080947592625,
H2b,L32-anode,3p0kW,Xe2,a=1/8_b=0.9_c=0.9L_w=0.1L,facility,success,12.519637084100058,8.589692369157012,0.4575186800698811,103.75973125410833,93.01516772729975,0.11551410150986656,2.1927680666956255,0.0001261867793953104,0.0008426402461514891,6992.999999999998,0.33399137154811837,0.34356197209459866,
H2b,L32-anode,3p0kW,Xe2,a=1/8_b=0.9_c=0.9L_w=0.25L,facility,success,9.747997108070788,8.589692369157012,0.1348482214651712,105.40023264711157,93.01516772729975,0.1331510249610271,2.527564269349349,0.012158689656226502,0.08265754054842304,6992.999999999998,0.43242695333501757,0.45530969475217875,
H2b,L32-anode,3p0kW,Xe2,a=1/8_b=0.9_c=1.1L_w=0.1L,facility,success,12.5986008956367,8.589692369157012,0.46671153682691435,104.66383838996038,93.01516772729975,0.12523409834417532,2.3772797270735957,0.0010500596393552782,0.006494370385266828,5993.999999999999,0.3320808633495442,0.34738426877320977,
H2b,L32-anode,3p0kW,Xe2,a=1/8_b=0.9_c=1.1L_w=0.25L,facility,success,9.740820062781186,8.589692369157012,0.13401267986703755,105.73137459108906,93.01516772729975,0.13671111039728986,2.5951442579161856,0.10617778127906992,0.4995341841077054,5993.999999999999,0.4288382212798538,0.45851271787436093,
H2b,L32-anode,3p0kW,Xe2,a=1/8_b=0.9_c=1L_w=0.1L,facility,success,12.526229401007496,8.589692369157012,0.45828614840566334,104.31627374030091,93.01516772729975,0.12149745347053016,2.306348165918604,0.000315567953918512,0.002497969548466589,5993.999999999999,0.33410258157242745,0.3470746705424291,
H2b,L32-anode,3p0kW,Xe2,a=1/8_b=0.9_c=1L_w=0.25L,facility,success,9.773880932723154,8.589692369157012,0.13786158021423503,106.54709874936384,93.01516772729975,0.14548090760570107,2.761618575931445,0.0386626804920922,0.21775923845855247,6992.999999999998,0.4332211311584469,0.4640399414131745,
H2b,L32-anode,3p0kW,Xe3,a=1/16_b=0.8_c=0.9L_w=0.1L,facility,success,9.763556600587336,7.400656215822092,0.31928254952763857,113.06034979303689,95.17124528500324,0.18796753635472865,3.6508376547007435,0.5515717343390976,1.8256589997918036,5993.999999999999,0.43434942833811546,0.4772948997979386,
H2b,L32-anode,3p0kW,Xe3,a=1/16_b=0.8_c=0.9L_w=0.25L,facility,success,7.907975731842459,7.400656215822092,0.06855061243565842,108.81055343286654,95.17124528500324,0.1433133306916236,2.7835322750741414,0.1634792299010299,0.7687506445858777,6992.999999999998,0.5141273605444183,0.5458218322406618,
H2b,L32-anode,3p0kW,Xe3,a=1/16_b=0.8_c=1.1L_w=0.1L,facility,success,9.497499391721973,7.400656215822092,0.28333206066469824,110.80605196554625,95.17124528500324,0.1642807828532919,3.1907768735802033,1.1082148424565115,4.2982770252748805,4994.999999999999,0.43605288009202514,0.47129396691776504,
H2b,L32-anode,3p0kW,Xe3,a=1/16_b=0.8_c=1.1L_w=0.25L,facility,success,8.257433331185927,7.400656215822092,0.1157704249971921,110.92066487342825,95.17124528500324,0.16548506370029334,3.214167262943878,2.214725831814636,9.761465948683037,4994.999999999999,0.5219484841997417,0.5431928499485512,
H2b,L32-anode,3p0kW,Xe3,a=1/16_b=0.8_c=1L_w=0.1L,facility,success,9.535930240903733,7.400656215822092,0.2885249581674355,110.91158380552706,95.17124528500324,0.16538964551096527,3.212313983780369,0.7071215704868858,2.395797474977486,5993.999999999999,0.43360165758965435,0.4702891302517678,
H2b,L32-anode,3p0kW,Xe3,a=1/16_b=0.8_c=1L_w=0.25L,facility,success,7.215484924004817,7.400656215822092,-0.025020928741615128,98.67028331133506,95.17124528500324,0.036765706026578325,0.7140893931289403,1.576965720994948,6.216900733283373,5993.999999999999,0.5250251701074145,0.49190520633398827,
H2b,L32-anode,3p0kW,Xe3,a=1/16_b=0.97_c=0.9L_w=0.1L,facility,success,7.460863944051673,7.400656215822092,0.008135458055849263,106.52894377938404,95.17124528500324,0.11933960158205992,2.317897651914446,0.045077180998871744,0.25739422158243463,5993.999999999999,0.5402537012067525,0.554523957775488,
H2b,L32-anode,3p0kW,Xe3,a=1/16_b=0.97_c=0.9L_w=0.25L,facility,success,5.659870906650868,7.400656215822092,-0.23522039916535314,101.50493579300515,95.17124528500324,0.0665504637354992,1.2925898995922258,0.27210947923328,0.8673959767452614,11987.999999999998,0.7246869557759859,0.6636544156986345,
H2b,L32-anode,3p0kW,Xe3,a=1/16_b=0.97_c=1.1L_w=0.1L,facility,success,7.285971396666471,7.400656215822092,-0.015496574332210283,111.01946260366836,95.17124528500324,0.1665231685390422,3.2343300650336975,0.09177200153222781,0.5588908194325232,4994.999999999999,0.5640506907265559,0.6167156537038093,
H2b,L32-anode,3p0kW,Xe3,a=1/16_b=0.97_c=1.1L_w=0.25L,facility,success,5.437980856077773,7.400656215822092,-0.265202882353629,88.4287990101738,95.17124528500324,-0.07084541401804992,-1.376009443842742,0.2259652732713321,0.8558897604101421,41957.99999999999,0.6847216392096507,0.5242325359241098,
H2b,L32-anode,3p0kW,Xe3,a=1/16_b=0.97_c=1L_w=0.1L,facility,success,7.365095483110181,7.400656215822092,-0.004805078316688264,108.66109274053295,95.17124528500324,0.14174289109207858,2.7530300929652465,0.02630182181898974,0.14401586769740257,4994.999999999999,0.5507100005450271,0.584445403253016,
H2b,L32-anode,3p0kW,Xe3,a=1/16_b=0.97_c=1L_w=0.25L,facility,success,5.510215619030665,7.400656215822092,-0.255442293448221,97.37548668450184,95.17124528500324,0.023160791822127533,0.44984518357114206,0.19094959923500363,0.730391718759389,33965.99999999999,0.7411731419529457,0.62734274735733,
H2b,L32-anode,3p0kW,Xe3,a=1/16_b=0.9_c=0.9L_w=0.1L,facility,success,8.616645072041848,7.400656215822092,0.1643082479118616,108.77501883474167,95.17124528500324,0.14293995532999562,2.7762803162731466,0.5100900641727342,1.542404529677438,5993.999999999999,0.4741178230593831,0.5006040080346958,
H2b,L32-anode,3p0kW,Xe3,a=1/16_b=0.9_c=0.9L_w=0.25L,facility,success,6.935298242255381,7.400656215822092,-0.06288063652677292,108.5950358389967,95.17124528500324,0.14104880643091394,2.7395490926517247,0.002507899547911393,0.020528022561812742,9989.999999999998,0.5895525143754543,0.619910505546526,
H2b,L32-anode,3p0kW,Xe3,a=1/16_b=0.9_c=1.1L_w=0.1L,facility,success,8.756943674725026,7.400656215822092,0.18326583742713037,110.48653000487265,95.17124528500324,0.1609234456689696,3.1255683101774276,1.177135025966309,4.797565513440816,4994.999999999999,0.4806507967805735,0.5082066040539561,
H2b,L32-anode,3p0kW,Xe3,a=1/16_b=0.9_c=1.1L_w=0.25L,facility,success,6.9528192864230896,7.400656215822092,-0.06051313780007215,107.09313540265201,95.17124528500324,0.12526777475640932,2.433038799520157,0.1912013013567662,0.6240397322844172,6992.999999999998,0.5940885453143354,0.601362743111738,
H2b,L32-anode,3p0kW,Xe3,a=1/16_b=0.9_c=1L_w=0.1L,facility,success,8.382450788172923,7.400656215822092,0.1326631779289817,107.40378666141689,95.17124528500324,0.12853190414585455,2.496437015594622,0.6061086323569848,1.8499180902135,5993.999999999999,0.4768381728918048,0.5016979962200201,
H2b,L32-anode,3p0kW,Xe3,a=1/16_b=0.9_c=1L_w=0.25L,facility,success,6.956144617851839,7.400656215822092,-0.06006380853361599,109.71190303532323,95.17124528500324,0.15278414931711787,2.9674811735346904,0.0011159851475155884,0.008441433647581221,8990.999999999998,0.5890866795543823,0.6308310864419792,
H2b,L32-anode,3p0kW,Xe3,a=1/32_b=0.8_c=0.9L_w=0.1L,facility,success,6.470699722548009,7.400656215822092,-0.12565865325373454,88.54389340915044,95.17124528500324,-0.06963607396337297,-1.3525207909903665,1.3517088442645298,4.6658896074395395,4994.999999999999,0.6407207394972124,0.4417129939352367,
H2b,L32-anode,3p0kW,Xe3,a=1/32_b=0.8_c=0.9L_w=0.25L,facility,success,4.79827772939319,7.400656215822092,-0.3516415856292847,78.74985403576729,95.17124528500324,-0.17254572218803976,-3.3513043365787665,2.7338872767829985,15.142695487950203,8990.999999999998,0.869611747193847,0.4711816032674048,
H2b,L32-anode,3p0kW,Xe3,a=1/32_b=0.8_c=1.1L_w=0.1L,facility,success,5.083088306769041,7.400656215822092,-0.31315708248928664,69.98933942487092,95.17124528500324,-0.2645957377642973,-5.139164461251496,2.0627314106434116,10.955060331467932,4994.999999999999,0.6700981096107285,0.3513260289703631,
H2b,L32-anode,3p0kW,Xe3,a=1/32_b=0.8_c=1.1L_w=0.25L,facility,success,4.868259936160476,7.400656215822092,-0.34218536921733067,66.17553184406043,95.17124528500324,-0.3046688456593292,-5.917492538967921,3.39425193169733,20.596321256573148,3995.999999999999,0.7281273104289767,0.3279406960995885,
H2b,L32-anode,3p0kW,Xe3,a=1/32_b=0.8_c=1L_w=0.1L,facility,success,6.429343007317388,7.400656215822092,-0.13124690300139924,90.37934051304532,95.17124528500324,-0.050350342244739124,-0.9779397493791688,1.0741201651462808,3.8274612836981268,4994.999999999999,0.6724375643794799,0.46317587679119027,
H2b,L32-anode,3p0kW,Xe3,a=1/32_b=0.8_c=1L_w=0.25L,facility,success,4.834853940740551,7.400656215822092,-0.3466992926378654,74.10361949254487,95.17124528500324,-0.22136545265713936,-4.299515467848649,3.075269622703412,17.977704872114728,3995.999999999999,0.8205471780164698,0.41406609989404786,
H2b,L32-anode,3p0kW,Xe3,a=1/32_b=0.97_c=0.9L_w=0.1L,facility,success,5.586170264873705,7.400656215822092,-0.2451790622389865,98.76223379525938,95.17124528500324,0.037731864277938454,0.7328547980114555,0.3532182649068206,1.9155280740571077,6992.999999999998,0.7394021181709807,0.636563645308105,
H2b,L32-anode,3p0kW,Xe3,a=1/32_b=0.97_c=0.9L_w=0.25L,facility,success,4.2634547242257375,7.400656215822092,-0.42390855622900503,79.15581586881098,95.17124528500324,-0.1682801288165547,-3.268454982896382,2.5426917512467395,12.766155303052608,4994.999999999999,0.965049645854717,0.5357697584729901,
H2b,L32-anode,3p0kW,Xe3,a=1/32_b=0.97_c=1.1L_w=0.1L,facility,success,3.9174369062224956,7.400656215822092,-0.47066357469121645,64.32156673119346,95.17124528500324,-0.32414915304960257,-6.295852766083628,3.8135544035692535,24.9593404588439,10988.999999999998,0.8744602747661857,0.3850218802392218,
H2b,L32-anode,3p0kW,Xe3,a=1/32_b=0.97_c=1.1L_w=0.25L,facility,success,3.3282143183406747,7.400656215822092,-0.5502811884133758,61.0079254601445,95.17124528500324,-0.35896682577339445,-6.972106086705866,3.692895909263672,24.2939582882558,3995.999999999999,0.9651494370872018,0.407695034820601,
H2b,L32-anode,3p0kW,Xe3,a=1/32_b=0.97_c=1L_w=0.1L,facility,success,4.885630200432109,7.400656215822092,-0.33983824434555293,76.22260650566135,95.17124528500324,-0.1991004606758861,-3.8670691386412037,3.0043084913257063,15.853604423471122,3995.999999999999,0.8050466043639177,0.4335320331008214,
H2b,L32-anode,3p0kW,Xe3,a=1/32_b=0.97_c=1L_w=0.25L,facility,success,3.884466065137764,7.400656215822092,-0.4751186986860647,70.75352232269803,95.17124528500324,-0.25656618119457214,-4.9832087678173895,3.0784490276814953,17.609015102829797,3995.999999999999,0.9528568654327085,0.4698281033106147,
H2b,L32-anode,3p0kW,Xe3,a=1/32_b=0.9_c=0.9L_w=0.1L,facility,success,6.283220364367525,7.400656215822092,-0.15099145519900883,100.36037657699885,95.17124528500324,0.05452415040337077,1.0590063861215524,1.1332721154327399,5.28055986818814,5993.999999999999,0.678967352851207,0.584408421121795,
H2b,L32-anode,3p0kW,Xe3,a=1/32_b=0.9_c=0.9L_w=0.25L,facility,success,3.9844505873485416,7.400656215822092,-0.4616084748228054,65.56159115946049,95.17124528500324,-0.3111197508961096,-6.042786556233215,2.822369143781434,15.581912973664902,4994.999999999999,0.8703907524030686,0.3932825865422256,
H2b,L32-anode,3p0kW,Xe3,a=1/32_b=0.9_c=1.1L_w=0.1L,facility,success,5.452645743551203,7.400656215822092,-0.2632213165240911,76.30555368335922,95.17124528500324,-0.19822890354274691,-3.8501411431926558,3.0717690031319376,20.776893434235284,3995.999999999999,0.6934240308151159,0.3892953405835105,
H2b,L32-anode,3p0kW,Xe3,a=1/32_b=0.9_c=1.1L_w=0.25L,facility,success,3.667350479748018,7.400656215822092,-0.5044560410862653,57.28663221678795,95.17124528500324,-0.3980678507963688,-7.731553687390875,3.8736470609832243,26.612955310871982,10988.999999999998,0.8182955645227719,0.32623335250817764,
H2b,L32-anode,3p0kW,Xe3,a=1/32_b=0.9_c=1L_w=0.1L,facility,success,5.401023580500287,7.400656215822092,-0.27019666594520747,79.06845413328946,95.17124528500324,-0.16919807136590245,-3.286283908513017,1.090487008786695,4.6447532267480796,4994.999999999999,0.6934259276320471,0.4219923859313397,
H2b,L32-anode,3p0kW,Xe3,a=1/32_b=0.9_c=1L_w=0.25L,facility,success,4.430780103101324,7.400656215822092,-0.40129902350704766,73.00927180475601,95.17124528500324,-0.2328641746136681,-4.522851730662699,3.0671931083787727,17.871993525740688,3995.999999999999,0.8456636445157192,0.43858121788916493,
H2b,L32-anode,3p0kW,Xe3,a=1/8_b=0.8_c=0.9L_w=0.1L,facility,success,14.146734391071913,7.400656215822092,0.9115513514635596,106.08344897436059,95.17124528500324,0.11465862043392692,2.2269803447668046,1.115005479986409e-05,9.911693350059707e-05,5993.999999999999,0.28880902431016214,0.2900101880015685,
H2b,L32-anode,3p0kW,Xe3,a=1/8_b=0.8_c=0.9L_w=0.25L,facility,success,11.604954708866886,7.400656215822092,0.5680980673114222,107.05018419652505,95.17124528500324,0.12481647031042527,2.424273247249348,0.002483824086166377,0.016789508685928,6992.999999999998,0.3529027210095914,0.3600025527645304,
H2b,L32-anode,3p0kW,Xe3,a=1/8_b=0.8_c=1.1L_w=0.1L,facility,success,14.276023929177343,7.400656215822092,0.9290213614647022,106.66101153985421,95.17124528500324,0.12072728711748285,2.344850256092035,3.578611436978749e-05,0.000255330198587078,5993.999999999999,0.286368787906928,0.29052152910100476,
H2b,L32-anode,3p0kW,Xe3,a=1/8_b=0.8_c=1.1L_w=0.25L,facility,success,11.734859385344825,7.400656215822092,0.5856511967488106,107.97872744447709,95.17124528500324,0.13457302277720648,2.6137718692803764,0.011514133905761833,0.0622988578196022,5993.999999999999,0.3499735058089362,0.3622202385262865,
H2b,L32-anode,3p0kW,Xe3,a=1/8_b=0.8_c=1L_w=0.1L,facility,success,14.184908411805683,7.400656215822092,0.916709545496699,106.41566073252584,95.17124528500324,0.11814929408404465,2.2947786627597133,2.3216414718164333e-05,0.00018793014183399946,5993.999999999999,0.28814011097593967,0.2910440654359665,
H2b,L32-anode,3p0kW,Xe3,a=1/8_b=0.8_c=1L_w=0.25L,facility,success,11.608919069941171,7.400656215822092,0.5686337442782579,107.46781585731978,95.17124528500324,0.1292046829427605,2.5095041984319453,0.006710130497171133,0.0417951253990111,6992.999999999998,0.35308127723410404,0.36269306686778047,
H2b,L32-anode,3p0kW,Xe3,a=1/8_b=0.97_c=0.9L_w=0.1L,facility,success,10.617843342148513,7.400656215822092,0.4347164673651907,106.09336225845998,95.17124528500324,0.11476278303125027,2.2290034639707605,0.0041277375792831954,0.02656171239751407,6992.999999999998,0.3857728984989235,0.3864686812076324,
H2b,L32-anode,3p0kW,Xe3,a=1/8_b=0.97_c=0.9L_w=0.25L,facility,success,7.63293653158352,7.400656215822092,0.0313864485780097,105.86858621301353,95.17124528500324,0.1124009767443479,2.1831308016347504,0.016255178741691814,0.09001895136179935,9989.999999999998,0.5382392913832064,0.5353240662464354,
H2b,L32-anode,3p0kW,Xe3,a=1/8_b=0.97_c=1.1L_w=0.1L,facility,success,10.149564390653355,7.400656215822092,0.3714411390917317,107.98771430755014,95.17124528500324,0.1346674511210422,2.615605922968753,0.04806191749677828,0.2668382118139206,5993.999999999999,0.4064213779863371,0.41886636417708956,
H2b,L32-anode,3p0kW,Xe3,a=1/8_b=0.97_c=1.1L_w=0.25L,facility,success,7.340288421085739,7.400656215822092,-0.008157086746887563,107.06624230881653,95.17124528500324,0.12498519892423496,2.42755041302312,0.00924774011632131,0.05382793339933185,7991.999999999998,0.5526451161446164,0.5693327787423839,
H2b,L32-anode,3p0kW,Xe3,a=1/8_b=0.97_c=1L_w=0.1L,facility,success,10.339816998876584,7.400656215822092,0.39714867132603304,107.0163767215288,95.17124528500324,0.12446124247984465,2.4173737625562364,0.016042628731834752,0.09594871562963558,5993.999999999999,0.39731038904983657,0.40379582636708616,
H2b,L32-anode,3p0kW,Xe3,a=1/8_b=0.97_c=1L_w=0.25L,facility,success,7.365320224801907,7.400656215822092,-0.004774710510757007,105.841567856746,95.17124528500324,0.11211708473277841,2.1776168513760705,0.011749004909638847,0.07699730724966866,8990.999999999998,0.5506185837619367,0.5544917487322365,
H2b,L32-anode,3p0kW,Xe3,a=1/8_b=0.9_c=0.9L_w=0.1L,facility,success,12.710984612996581,7.400656215822092,0.7175483149482573,106.16494278309642,95.17124528500324,0.11551490647380994,2.243611734304729,2.1786736310142023e-05,0.0001322235665258076,998.9999999999998,0.3215225601784871,0.3232639381901767,
H2b,L32-anode,3p0kW,Xe3,a=1/8_b=0.9_c=0.9L_w=0.25L,facility,success,9.843537097039125,7.400656215822092,0.33008976636346404,107.87867309324123,95.17124528500324,0.13352171414993955,2.5933526139261187,0.013748129526508265,0.07962486332906012,6992.999999999998,0.4188352586672456,0.4310168037665753,
H2b,L32-anode,3p0kW,Xe3,a=1/8_b=0.9_c=1.1L_w=0.1L,facility,success,12.73724723750746,7.400656215822092,0.7210970035705895,107.07756985827946,95.17124528500324,0.12510422173862604,2.429862157811472,0.00015250734730601933,0.0009452002203753335,5993.999999999999,0.32141220754575056,0.32816754345074756,
H2b,L32-anode,3p0kW,Xe3,a=1/8_b=0.9_c=1.1L_w=0.25L,facility,success,9.836952213992616,7.400656215822092,0.3291999962059973,108.33152350372441,95.17124528500324,0.13827998340581674,2.685771065045135,0.13177853027614359,0.5814301588378766,5993.999999999999,0.41640320090917865,0.4349339733272596,
H2b,L32-anode,3p0kW,Xe3,a=1/8_b=0.9_c=1L_w=0.1L,facility,success,12.677771357954539,7.400656215822092,0.7130604352152365,106.64871363467249,95.17124528500324,0.12059806841129798,2.342340479524335,5.101013479234059e-05,0.00041111335366680456,6992.999999999998,0.32269007987997017,0.3270713626420372,
H2b,L32-anode,3p0kW,Xe3,a=1/8_b=0.9_c=1L_w=0.25L,facility,success,9.838321196062646,7.400656215822092,0.3293849773793024,108.85514351152527,95.17124528500324,0.14378185538650595,2.7926322911269432,0.04613661130476939,0.26226229616772495,6992.999999999998,0.42026752832283854,0.43908753134667666,
H3a,L32-exit,1p6kW,Xe1,a=1/16_b=0.8_c=0.9L_w=0.1L,facility,success,7.517865082922658,7.582322357019064,-0.008500993635114576,80.87644145006564,82.32639228613156,-0.017612223684313814,-0.2959083338910033,2.594793029368964,12.723393142555794,4994.999999999999,0.557157868899612,0.3769760297798,
H3a,L32-exit,1p6kW,Xe1,a=1/16_b=0.8_c=0.9L_w=0.25L,facility,success,6.908261519495883,7.582322357019064,-0.08889899502877147,83.71351361227117,82.32639228613156,0.01684904788878106,0.28308598492645026,1.5244543518007223,6.379771670932165,5993.999999999999,0.6113263862183742,0.43952801990273377,
H3a,L32-exit,1p6kW,Xe1,a=1/16_b=0.8_c=1.1L_w=0.1L,facility,success,7.779698161199131,7.582322357019064,0.026031048917005476,79.52281930162462,82.32639228613156,-0.034054364665500096,-0.5721577519401915,2.2524701894051726,10.121438280783456,4994.999999999999,0.537569068887721,0.3521964590143633,
H3a,L32-exit,1p6kW,Xe1,a=1/16_b=0.8_c=1.1L_w=0.25L,facility,success,7.1210033370766475,7.582322357019064,-0.060841388458691234,85.33302831545387,82.32639228613156,0.03652092537800668,0.6135991896576153,2.4307435320367117,11.102676770825504,4994.999999999999,0.6404430693066998,0.44305467419764355,
H3a,L32-exit,1p6kW,Xe1,a=1/16_b=0.8_c=1L_w=0.1L,facility,success,7.96625714927868,7.582322357019064,0.05063551431629681,87.22968928213942,82.32639228613156,0.05955923562113695,1.0006728563281349,2.3819949913021135,11.19194298860612,4994.999999999999,0.5860081212748502,0.4138457744901284,
H3a,L32-exit,1p6kW,Xe1,a=1/16_b=0.8_c=1L_w=0.25L,facility,success,6.1835102653153475,7.582322357019064,-0.18448333186583868,77.90520129488002,82.32639228613156,-0.05370320341361933,-0.9022838757656212,1.7733570771867315,7.4699490363413155,5993.999999999999,0.6274999525147548,0.4252673270786152,
H3a,L32-exit,1p6kW,Xe1,a=1/16_b=0.97_c=0.9L_w=0.1L,facility,success,6.749305625312044,7.582322357019064,-0.10986300667313156,93.73617503557371,82.32639228613156,0.1385920411741911,2.328527091722888,1.5163880234444953,5.209459055835975,4994.999999999999,0.6183314084799396,0.564052536771284,
H3a,L32-exit,1p6kW,Xe1,a=1/16_b=0.97_c=0.9L_w=0.25L,facility,success,5.08528871520443,7.582322357019064,-0.3293230654461814,72.90508564937213,82.32639228613156,-0.1144384731935657,-1.9227156401549876,2.158684627078069,9.224062974740207,4994.999999999999,0.7449174519503601,0.45286027889574804,
H3a,L32-exit,1p6kW,Xe1,a=1/16_b=0.97_c=1.1L_w=0.1L,facility,success,5.883793343286436,7.582322357019064,-0.22401171221113736,77.21513563936708,82.32639228613156,-0.06208527429454126,-1.0431136013805067,3.027257515810487,15.85761030320092,3995.999999999999,0.7849693034263003,0.43904765542235263,
H3a,L32-exit,1p6kW,Xe1,a=1/16_b=0.97_c=1.1L_w=0.25L,facility,success,5.081544788395166,7.582322357019064,-0.32981683590765465,69.61313953035047,82.32639228613156,-0.15442499546919575,-2.594541378730836,3.374443321521138,17.95889868852728,3995.999999999999,0.804556703243238,0.4131910246899357,
H3a,L32-exit,1p6kW,Xe1,a=1/16_b=0.97_c=1L_w=0.1L,facility,success,7.019216642399243,7.582322357019064,-0.0742655993910026,85.84220313572273,82.32639228613156,0.042705756343259946,0.717512418283912,2.6810265492296566,12.725433187982665,12986.999999999998,0.6784851509944247,0.4548594891238809,
H3a,L32-exit,1p6kW,Xe1,a=1/16_b=0.97_c=1L_w=0.25L,facility,success,5.70853612903746,7.582322357019064,-0.24712563509608804,87.38929005351507,82.32639228613156,0.06149786996358372,1.0332444423231633,2.784671859280939,13.488372237132609,12986.999999999998,0.8513874914745367,0.5796366847651415,
H3a,L32-exit,1p6kW,Xe1,a=1/16_b=0.9_c=0.9L_w=0.1L,facility,success,7.302621153155199,7.582322357019064,-0.03688859305815998,83.92707797419305,82.32639228613156,0.019443165716507824,0.3266705485839769,2.7338817685410812,13.840644580871604,4994.999999999999,0.6083679077547605,0.41791660810499043,
H3a,L32-exit,1p6kW,Xe1,a=1/16_b=0.9_c=0.9L_w=0.25L,facility,success,5.3324154184376376,7.582322357019064,-0.2967305836711961,72.65437317619416,82.32639228613156,-0.11748382069654627,-1.9738814510076346,1.6297415675127467,7.037489801744147,5993.999999999999,0.7415606681747289,0.4289075987961036,
H3a,L32-exit,1p6kW,Xe1,a=1/16_b=0.9_c=1.1L_w=0.1L,facility,success,6.326317347935292,7.582322357019064,-0.16564911776944835,67.67782594189036,82.32639228613156,-0.1779328103353418,-2.9895033355594265,2.5875813074843435,12.662415542657476,4994.999999999999,0.5798328022497865,0.3136938613353706,
H3a,L32-exit,1p6kW,Xe1,a=1/16_b=0.9_c=1.1L_w=0.25L,facility,success,5.91418332587442,7.582322357019064,-0.22000370765039068,82.87214719667887,82.32639228613156,0.006629161018625565,0.1113785531729183,1.4650268663472743,5.985160073796632,4994.999999999999,0.7273915595614008,0.5031373938824337,
H3a,L32-exit,1p6kW,Xe1,a=1/16_b=0.9_c=1L_w=0.1L,facility,success,7.249502973106363,7.582322357019064,-0.04389412217545787,75.22359679652214,82.32639228613156,-0.0862760445632443,-1.449550099920289,2.668485437436149,12.784561076888554,4994.999999999999,0.5366044115537469,0.3381926414067926,
H3a,L32-exit,1p6kW,Xe1,a=1/16_b=0.9_c=1L_w=0.25L,facility,success,6.533657264153518,7.582322357019064,-0.13830394481906735,86.05998409922029,82.32639228613156,0.0453510922732087,0.7619575128752508,1.359421869034394,5.4271270772176745,10988.999999999998,0.6961292261369603,0.491145726492549,
H3a,L32-exit,1p6kW,Xe1,a=1/32_b=0.8_c=0.9L_w=0.1L,facility,success,4.270215527837979,7.582322357019064,-0.43681957495713963,56.71702598034401,82.32639228613156,-0.31107115949864866,-5.226401286895418,2.252114118760963,11.82754186954871,4994.999999999999,0.9086960953465265,0.326393348816128,
H3a,L32-exit,1p6kW,Xe1,a=1/32_b=0.8_c=0.9L_w=0.25L,facility,success,3.781754709660023,7.582322357019064,-0.5012405788631238,52.53640226069363,82.32639228613156,-0.36185224687000234,-6.0795898011097815,2.943044499322086,17.573787146865524,3995.999999999999,1.0177342876508932,0.3162215741730988,
H3a,L32-exit,1p6kW,Xe1,a=1/32_b=0.8_c=1.1L_w=0.1L,facility,success,5.211869416279673,7.582322357019064,-0.31262887927008653,68.58263216634778,82.32639228613156,-0.1669423345069746,-2.804849004037507,1.5021175615782518,7.215776568280778,4994.999999999999,0.8295370733073892,0.39101999678924726,
H3a,L32-exit,1p6kW,Xe1,a=1/32_b=0.8_c=1.1L_w=0.25L,facility,success,4.164069764320382,7.582322357019064,-0.4508186847970605,56.99997197671259,82.32639228613156,-0.3076342787060934,-5.168657206003871,2.443920899584429,12.782551797662602,3995.999999999999,1.011759152878218,0.33806131994290606,
H3a,L32-exit,1p6kW,Xe1,a=1/32_b=0.8_c=1L_w=0.1L,facility,success,5.0857417995860645,7.582322357019064,-0.3292633100888778,67.13620996365711,82.32639228613156,-0.18451169668263642,-3.1000372086682537,1.9316585806765163,8.932573090716986,4994.999999999999,0.8726266333635483,0.38399319571878937,
H3a,L32-exit,1p6kW,Xe1,a=1/32_b=0.8_c=1L_w=0.25L,facility,success,4.003761182859962,7.582322357019064,-0.47196109656909757,53.389186363706,82.32639228613156,-0.35149367194243286,-5.90555222906644,3.0146243977601945,17.91790872262281,3995.999999999999,1.0159815972494712,0.3084626857234719,
H3a,L32-exit,1p6kW,Xe1,a=1/32_b=0.97_c=0.9L_w=0.1L,facility,success,3.932512935550582,7.582322357019064,-0.48135772255710035,53.74413263846646,82.32639228613156,-0.3471822201114475,-5.833114213809203,3.058985715252395,18.182014002280024,3995.999999999999,0.9709282805310478,0.3182410160073143,
H3a,L32-exit,1p6kW,Xe1,a=1/32_b=0.97_c=0.9L_w=0.25L,facility,success,2.8000455775119053,7.582322357019064,-0.630713988977287,49.80697650905626,82.32639228613156,-0.3950059619283646,-6.6366154647092435,3.019872671423474,17.141927312494055,6992.999999999998,1.1174436436779396,0.3838658283323468,
H3a,L32-exit,1p6kW,Xe1,a=1/32_b=0.97_c=1.1L_w=0.1L,facility,success,4.285609439380619,7.582322357019064,-0.4347893379376875,53.413690266618865,82.32639228613156,-0.35119602859584115,-5.900551432553611,2.162049572479777,11.488373506222263,3995.999999999999,0.9192189871502584,0.288440854195428,
H3a,L32-exit,1p6kW,Xe1,a=1/32_b=0.97_c=1.1L_w=0.25L,facility,success,3.0306310616599488,7.582322357019064,-0.600303057696505,42.69358030330225,82.32639228613156,-0.4814107709843825,-8.088328976087615,3.471086565594306,22.579763210853823,2996.9999999999995,1.0990313943887862,0.2605891194334626,
H3a,L32-exit,1p6kW,Xe1,a=1/32_b=0.97_c=1L_w=0.1L,facility,success,4.102782639674546,7.582322357019064,-0.4589015810074942,55.904749202515724,82.32639228613156,-0.3209377011418821,-5.392172057880782,2.8293745019682266,16.98616932441902,3995.999999999999,1.0639999763871022,0.3300525506421747,
H3a,L32-exit,1p6kW,Xe1,a=1/32_b=0.97_c=1L_w=0.25L,facility,success,2.836959634920904,7.582322357019064,-0.6258455521487173,43.143092204338345,82.32639228613156,-0.47595065195628533,-7.996591853427185,3.4059033507527037,21.334038052183104,2996.9999999999995,1.0324224238198698,0.28427166766350564,
H3a,L32-exit,1p6kW,Xe1,a=1/32_b=0.9_c=0.9L_w=0.1L,facility,success,5.0657005811319555,7.582322357019064,-0.33190646049985406,62.51098401840888,82.32639228613156,-0.24069326636897612,-4.043960870963812,2.516874809550267,13.274702303077149,8990.999999999998,0.8912480229570723,0.33422378257078655,
H3a,L32-exit,1p6kW,Xe1,a=1/32_b=0.9_c=0.9L_w=0.25L,facility,success,2.734303752065779,7.582322357019064,-0.639384396584696,40.35620405482667,82.32639228613156,-0.5098023497183546,-8.565344537000996,3.373159248364175,21.514486500290012,3995.999999999999,1.0927411610521893,0.2580703172639086,
H3a,L32-exit,1p6kW,Xe1,a=1/32_b=0.9_c=1.1L_w=0.1L,facility,success,4.941864945676137,7.582322357019064,-0.34823861173597,64.49928697442829,82.32639228613156,-0.21654180168303533,-3.6381847574904627,1.6338738623193905,7.129493466149556,8990.999999999998,0.8740810089274456,0.3647397954544822,
H3a,L32-exit,1p6kW,Xe1,a=1/32_b=0.9_c=1.1L_w=0.25L,facility,success,4.079380480708294,7.582322357019064,-0.4619879914585861,51.826840681226166,82.32639228613156,-0.3704711303138599,-6.224398286715386,2.766142019721651,16.242254728230556,6992.999999999998,1.039178761914061,0.2852853385483963,
H3a,L32-exit,1p6kW,Xe1,a=1/32_b=0.9_c=1L_w=0.1L,facility,success,5.065518871351371,7.582322357019064,-0.3319304254240592,65.42732734151598,82.32639228613156,-0.2052691059980087,-3.448788764207262,2.063823648838351,9.992389027694776,8990.999999999998,0.9616385332645419,0.3661496454827515,
H3a,L32-exit,1p6kW,Xe1,a=1/32_b=0.9_c=1L_w=0.25L,facility,success,3.90143077442984,7.582322357019064,-0.48545701557805304,51.34756649342187,82.32639228613156,-0.37629276508364967,-6.322209345450957,2.944842495381047,17.958535941209455,6992.999999999998,1.032998146910874,0.29280603393912863,
H3a,L32-exit,1p6kW,Xe1,a=1/8_b=0.8_c=0.9L_w=0.1L,facility,success,13.22621123686482,7.582322357019064,0.7443483162676575,103.01646846899312,82.32639228613156,0.2513176589950844,4.222464527114604,0.0005899178261706602,0.00416224936490419,6992.999999999998,0.32270811813810646,0.34764985793106634,
H3a,L32-exit,1p6kW,Xe1,a=1/8_b=0.8_c=0.9L_w=0.25L,facility,success,10.960798972133437,7.582322357019064,0.4455728015819414,104.42295622719134,82.32639228613156,0.2684019465381345,4.5095028451142385,0.051644051481382826,0.19343134601319242,6992.999999999998,0.3918754358386423,0.4310364040090689,
H3a,L32-exit,1p6kW,Xe1,a=1/8_b=0.8_c=1.1L_w=0.1L,facility,success,13.604670540382594,7.582322357019064,0.7942616918401731,103.44228086749368,82.32639228613156,0.25648990554538414,4.309365016604515,0.0031664572919080404,0.01985743815779197,6992.999999999998,0.3137142335683885,0.3407786220365451,
H3a,L32-exit,1p6kW,Xe1,a=1/8_b=0.8_c=1.1L_w=0.25L,facility,success,11.385288596433968,7.582322357019064,0.5015569188896914,104.76500957586535,82.32639228613156,0.27255679092248675,4.579309650966078,0.03366391687919095,0.13034396184699473,6992.999999999998,0.37651402249753646,0.41768864202048234,
H3a,L32-exit,1p6kW,Xe1,a=1/8_b=0.8_c=1L_w=0.1L,facility,success,13.406931737651465,7.582322357019064,0.7681827685999763,103.27936745029932,82.32639228613156,0.254511033246108,4.2761173804423995,0.001460556175336799,0.01065717694378098,6992.999999999998,0.3183767871503353,0.3447163924568933,
H3a,L32-exit,1p6kW,Xe1,a=1/8_b=0.8_c=1L_w=0.25L,facility,success,11.147305335711378,7.582322357019064,0.47017032656124924,104.561363764861,82.32639228613156,0.27008315148136364,4.537749281373354,0.036181579012629736,0.13598082743807338,6992.999999999998,0.3847215381262003,0.4249489656243815,
H3a,L32-exit,1p6kW,Xe1,a=1/8_b=0.97_c=0.9L_w=0.1L,facility,success,10.183282007187387,7.582322357019064,0.34302942129077085,104.76977142367227,82.32639228613156,0.2726146320069152,4.580281456640958,0.12214842018432101,0.40876376627164335,6992.999999999998,0.42572945163302106,0.4670339130394134,
H3a,L32-exit,1p6kW,Xe1,a=1/8_b=0.97_c=0.9L_w=0.25L,facility,success,7.245207694967106,7.582322357019064,-0.04446060800090964,102.7245808171149,82.32639228613156,0.2477721659427016,4.162895618568028,0.0004891751262394453,0.00360126084676272,9989.999999999998,0.5854403703014265,0.6310475882542619,
H3a,L32-exit,1p6kW,Xe1,a=1/8_b=0.97_c=1.1L_w=0.1L,facility,success,10.231358738203198,7.582322357019064,0.3493700553013133,106.23298192427842,82.32639228613156,0.2903879178266152,4.878895844519767,0.20451290580796863,0.6661677360365663,5993.999999999999,0.42295447452007284,0.4779138618556148,
H3a,L32-exit,1p6kW,Xe1,a=1/8_b=0.97_c=1.1L_w=0.25L,facility,success,7.181640890490946,7.582322357019064,-0.052844161414108366,97.62186328935238,82.32639228613156,0.1857906143884,3.1215246945348603,0.4276110158756854,2.1293726481351096,3995.999999999999,0.5827070326179267,0.5749561131996661,
H3a,L32-exit,1p6kW,Xe1,a=1/8_b=0.97_c=1L_w=0.1L,facility,success,10.10550697310285,7.582322357019064,0.33277200536693596,104.5687048465875,82.32639228613156,0.2701723219347582,4.539247461317537,0.14297040309471795,0.4868871538408298,5993.999999999999,0.4239666227090588,0.4688236885983354,
H3a,L32-exit,1p6kW,Xe1,a=1/8_b=0.97_c=1L_w=0.25L,facility,success,7.355174372623408,7.582322357019064,-0.029957574170581387,103.96049565915658,82.32639228613156,0.26278454299119614,4.415123137352043,0.001706633446263082,0.01189682791734346,7991.999999999998,0.5770523603637285,0.6366604988410832,
H3a,L32-exit,1p6kW,Xe1,a=1/8_b=0.9_c=0.9L_w=0.1L,facility,success,12.00017934312891,7.582322357019064,0.58265222422523,103.65232569247313,82.32639228613156,0.25904127235676355,4.352231307416645,0.0019480869357843959,0.012103811313497439,6992.999999999998,0.35696727385435845,0.38791320244428074,
H3a,L32-exit,1p6kW,Xe1,a=1/8_b=0.9_c=0.9L_w=0.25L,facility,success,9.29795770336707,7.582322357019064,0.2262677931069256,104.34284903590877,82.32639228613156,0.26742890266899305,4.493154438730043,0.4986056239684368,1.4471770180971932,6992.999999999998,0.4596272562799229,0.5073433950738597,
H3a,L32-exit,1p6kW,Xe1,a=1/8_b=0.9_c=1.1L_w=0.1L,facility,success,12.373654418156494,7.582322357019064,0.6319082512631538,104.13328807024,82.32639228613156,0.26488341318682995,4.450386894716007,0.007775614514501934,0.04197161404918052,6992.999999999998,0.3455966551486165,0.37970417851707927,
H3a,L32-exit,1p6kW,Xe1,a=1/8_b=0.9_c=1.1L_w=0.25L,facility,success,9.592469119289964,7.582322357019064,0.26510964156121364,104.75714342483175,82.32639228613156,0.2724612425714032,4.577704314020446,0.9006466327648254,2.950780879856535,5993.999999999999,0.4429224925981443,0.4956796397273153,
H3a,L32-exit,1p6kW,Xe1,a=1/8_b=0.9_c=1L_w=0.1L,facility,success,12.177947195558623,7.582322357019064,0.6060972644199603,103.99662386218921,82.32639228613156,0.26322338407276646,4.422496240011763,0.0031632810320986553,0.020269824254262065,6992.999999999998,0.35159265337310647,0.3847942645754162,
H3a,L32-exit,1p6kW,Xe1,a=1/8_b=0.9_c=1L_w=0.25L,facility,success,9.298675194460857,7.582322357019064,0.22636241993232345,102.64292191563298,82.32639228613156,0.24678027380198805,4.146230536632943,0.7541063722113087,2.394077589436063,5993.999999999999,0.4495445806428922,0.4909091541499095,
H3a,L32-exit,1p6kW,Xe2,a=1/16_b=0.8_c=0.9L_w=0.1L,facility,success,7.581370842394164,8.589692369157012,-0.11738738518546087,82.56382098665757,93.01516772729975,-0.11236174697102372,-2.1329279062535074,2.6324246281899764,13.098690242309617,4994.999999999999,0.5194580803926898,0.35922865879638477,
H3a,L32-exit,1p6kW,Xe2,a=1/16_b=0.8_c=0.9L_w=0.25L,facility,success,6.901801760564732,8.589692369157012,-0.1965018694561152,93.90145086162913,93.01516772729975,0.009528372156762197,0.1808741090468099,1.7200547611534798,7.462758608114989,5993.999999999999,0.6397709138068547,0.510412468073325,
H3a,L32-exit,1p6kW,Xe2,a=1/16_b=0.8_c=1.1L_w=0.1L,facility,success,8.81975284179587,8.589692369157012,0.026783319210002834,93.17118151189405,93.01516772729975,0.0016772940199569098,0.031839547876385474,2.091819358014283,8.54212460880432,4994.999999999999,0.5350716156239218,0.39322936424366,
H3a,L32-exit,1p6kW,Xe2,a=1/16_b=0.8_c=1.1L_w=0.25L,facility,success,7.265460650003067,8.589692369157012,-0.1541652089787127,78.55818054885805,93.01516772729975,-0.1554261259929827,-2.9504055466207566,2.7313481602736718,13.291470623198636,4994.999999999999,0.515630193505141,0.3393585755372005,
H3a,L32-exit,1p6kW,Xe2,a=1/16_b=0.8_c=1L_w=0.1L,facility,success,7.625534449004518,8.589692369157012,-0.11224591972752057,82.55627114045845,93.01516772729975,-0.11244291487496445,-2.134468691192103,2.3496230730991114,10.401046614952767,4994.999999999999,0.5293064509403194,0.3570828566714546,
H3a,L32-exit,1p6kW,Xe2,a=1/16_b=0.8_c=1L_w=0.25L,facility,success,7.667610020818909,8.589692369157012,-0.10734754036698936,100.39224660830597,93.01516772729975,0.0793104937748884,1.5055263022461647,2.1459997855268185,9.196429894699435,4994.999999999999,0.6448242903303084,0.525145296837439,
H3a,L32-exit,1p6kW,Xe2,a=1/16_b=0.97_c=0.9L_w=0.1L,facility,success,6.8407253572751126,8.589692369157012,-0.20361229910420436,94.42650152689058,93.01516772729975,0.015173157605096715,0.2880273060389438,1.9973155221881558,7.705352542367281,4994.999999999999,0.6082715141025837,0.5207446235673457,
H3a,L32-exit,1p6kW,Xe2,a=1/16_b=0.97_c=0.9L_w=0.25L,facility,success,5.109973133044134,8.589692369157012,-0.4051040580460713,82.3610909818812,93.01516772729975,-0.11454128402642884,-2.174301376616032,1.1697108650275305,5.069706993780454,5993.999999999999,0.8312229990516432,0.5303526158334773,
H3a,L32-exit,1p6kW,Xe2,a=1/16_b=0.97_c=1.1L_w=0.1L,facility,success,6.159296558269135,8.589692369157012,-0.2829432890535979,73.15903870767511,93.01516772729975,-0.21347194769178401,-4.052271228494826,2.727644746778909,12.25492014444108,3995.999999999999,0.6534895343856857,0.34717146012498157,
H3a,L32-exit,1p6kW,Xe2,a=1/16_b=0.97_c=1.1L_w=0.25L,facility,success,5.1395257153250276,8.589692369157012,-0.401663587653091,73.72662978237915,93.01516772729975,-0.20736981307683502,-3.9364363152899196,3.3669029517536018,18.04845106845452,3995.999999999999,0.7745266649995084,0.4225371225720768,
H3a,L32-exit,1p6kW,Xe2,a=1/16_b=0.97_c=1L_w=0.1L,facility,success,6.385316309696457,8.589692369157012,-0.2566303849688264,83.6715477730379,93.01516772729975,-0.10045264855787094,-1.9068612151554816,2.6865402742802775,11.599412452105776,8990.999999999998,0.6687542836664572,0.43803855742477193,
H3a,L32-exit,1p6kW,Xe2,a=1/16_b=0.97_c=1L_w=0.25L,facility,success,4.9397629536979215,8.589692369157012,-0.42491968962298154,88.54702705392617,93.01516772729975,-0.04803668888146507,-0.9118654435456301,2.9980238779667183,15.529504711703927,8990.999999999998,0.908430314777242,0.6341339581830213,
H3a,L32-exit,1p6kW,Xe2,a=1/16_b=0.9_c=0.9L_w=0.1L,facility,success,7.1602170684314554,8.589692369157012,-0.1664175198937706,80.9477023707273,93.01516772729975,-0.12973653277658595,-2.462748031953564,2.629243591512518,12.044128796229863,4994.999999999999,0.5598067549984239,0.3656133239684241,
H3a,L32-exit,1p6kW,Xe2,a=1/16_b=0.9_c=0.9L_w=0.25L,facility,success,6.038838574105538,8.589692369157012,-0.2969668394890157,89.8847247670997,93.01516772729975,-0.03365518803748044,-0.6388659102449092,1.3322720839262763,5.826176334326146,5993.999999999999,0.7083230110228008,0.5345120689106897,
H3a,L32-exit,1p6kW,Xe2,a=1/16_b=0.9_c=1.1L_w=0.1L,facility,success,7.587554169084003,8.589692369157012,-0.11666753092012754,85.65316053005004,93.01516772729975,-0.07914845908608717,-1.50245044841831,2.2711775487385877,9.665211154171038,4994.999999999999,0.5997909480927895,0.38629948679899384,
H3a,L32-exit,1p6kW,Xe2,a=1/16_b=0.9_c=1.1L_w=0.25L,facility,success,6.324290252625159,8.589692369157012,-0.2637349533804291,87.467803809359,93.01516772729975,-0.059639347576133275,-1.1321150852940334,2.134085756058054,9.295108707303084,4994.999999999999,0.6671172553443601,0.48330779655158096,
H3a,L32-exit,1p6kW,Xe2,a=1/16_b=0.9_c=1L_w=0.1L,facility,success,7.459139998949965,8.589692369157012,-0.13161732942456925,87.0237754865953,93.01516772729975,-0.06441306710610804,-1.2227331103478476,2.4664496121084913,11.09775484351206,4994.999999999999,0.5879225879847533,0.4056264195740272,
H3a,L32-exit,1p6kW,Xe2,a=1/16_b=0.9_c=1L_w=0.25L,facility,success,5.922824737067864,8.589692369157012,-0.3104730085171692,87.01159150225857,93.01516772729975,-0.06454405632683877,-1.225219637763508,1.3721924164353225,5.90730896148858,5993.999999999999,0.6935712474547286,0.5106983954571733,
H3a,L32-exit,1p6kW,Xe2,a=1/32_b=0.8_c=0.9L_w=0.1L,facility,success,5.092027840916883,8.589692369157012,-0.4071932239155834,68.9086035895323,93.01516772729975,-0.2591680983519016,-4.919706966891315,1.9995985716505131,9.43733939671523,4994.999999999999,0.8312664916790276,0.3725591887196965,
H3a,L32-exit,1p6kW,Xe2,a=1/32_b=0.8_c=0.9L_w=0.25L,facility,success,4.6062221781512,8.589692369157012,-0.4637500413063975,67.22616681699044,93.01516772729975,-0.27725586633265087,-5.263061410267207,2.750483092248527,14.782813557259782,8990.999999999998,0.9828301583170672,0.3919863698616827,
H3a,L32-exit,1p6kW,Xe2,a=1/32_b=0.8_c=1.1L_w=0.1L,facility,success,5.409470598463955,8.589692369157012,-0.3702369810253359,69.61258858901925,93.01516772729975,-0.25159960154984373,-4.776036558832756,1.3279500647121836,5.71502791036746,4994.999999999999,0.7309373948649878,0.3578985615487499,
H3a,L32-exit,1p6kW,Xe2,a=1/32_b=0.8_c=1.1L_w=0.25L,facility,success,5.112833936666817,8.589692369157012,-0.40477100728013754,71.04080450062,93.01516772729975,-0.23624494545990402,-4.484563923812194,1.816637073681397,8.983506415181743,8990.999999999998,0.8845181631420075,0.394360315247968,
H3a,L32-exit,1p6kW,Xe2,a=1/32_b=0.8_c=1L_w=0.1L,facility,success,5.261100757370745,8.589692369157012,-0.38750999089772215,69.38709662336034,93.01516772729975,-0.2540238509617248,-4.822055327334576,1.644921520463529,7.363207901169523,4994.999999999999,0.805555833141828,0.36561159660279047,
H3a,L32-exit,1p6kW,Xe2,a=1/32_b=0.8_c=1L_w=0.25L,facility,success,4.90079628585225,8.589692369157012,-0.4294561347214799,67.97954786667106,93.01516772729975,-0.26915631581752014,-5.10931017563851,2.6089013618170855,14.028508501558377,8990.999999999998,0.9416387432022978,0.3767289920086875,
H3a,L32-exit,1p6kW,Xe2,a=1/32_b=0.97_c=0.9L_w=0.1L,facility,success,4.84357857341388,8.589692369157012,-0.43611734096488647,67.98375064381732,93.01516772729975,-0.26911113203460657,-5.108452466016824,2.8643602352435327,15.543122438114915,8990.999999999998,0.9261261833125182,0.38122646556563494,
H3a,L32-exit,1p6kW,Xe2,a=1/32_b=0.97_c=0.9L_w=0.25L,facility,success,3.0745202028211795,8.589692369157012,-0.6420686480157483,47.45781897870122,93.01516772729975,-0.4897840842706727,-9.297418111958885,3.241081141439135,19.46527469199491,3995.999999999999,0.9785784651994205,0.29266942217485725,
H3a,L32-exit,1p6kW,Xe2,a=1/32_b=0.97_c=1.1L_w=0.1L,facility,success,4.253472556213193,8.589692369157012,-0.5048166600836455,55.240141813840395,93.01516772729975,-0.40611683918269675,-7.70918896193048,1.7511216495351993,8.458912645319527,3995.999999999999,0.8429263680975554,0.2866190716660337,
H3a,L32-exit,1p6kW,Xe2,a=1/32_b=0.97_c=1.1L_w=0.25L,facility,success,3.9948666861125885,8.589692369157012,-0.5349231946353576,57.26134200528822,93.01516772729975,-0.38438704778594796,-7.296699126941129,3.3337337388627386,20.527184892083962,6992.999999999998,1.155648584033651,0.3279139583792924,
H3a,L32-exit,1p6kW,Xe2,a=1/32_b=0.97_c=1L_w=0.1L,facility,success,4.145046254631336,8.589692369157012,-0.5174394988212915,51.38691139770054,93.01516772729975,-0.4475426680049023,-8.495562516244737,2.6612389012210538,16.424750815697266,3995.999999999999,0.8567779581030261,0.254515830348601,
H3a,L32-exit,1p6kW,Xe2,a=1/32_b=0.97_c=1L_w=0.25L,facility,success,3.7352453519595477,8.589692369157012,-0.565147948095128,58.63207858202775,93.01516772729975,-0.3696503482751947,-7.016956968422858,3.2994566381477197,19.66124102407552,6992.999999999998,1.1046568014639668,0.367697432958787,
H3a,L32-exit,1p6kW,Xe2,a=1/32_b=0.9_c=0.9L_w=0.1L,facility,success,4.008635470678235,8.589692369157012,-0.5333202519484828,51.912219307954395,93.01516772729975,-0.441895116932437,-8.388356820274563,2.825518464328708,16.445565974508682,4994.999999999999,0.8346063520649721,0.2685850140201909,
H3a,L32-exit,1p6kW,Xe2,a=1/32_b=0.9_c=0.9L_w=0.25L,facility,success,3.6016382491784897,8.589692369157012,-0.5807023005723833,54.81822853989059,93.01516772729975,-0.41065280126564185,-7.795293711716156,3.0829191953317974,19.32697142762263,3995.999999999999,1.0651615723473469,0.3333412462718573,
H3a,L32-exit,1p6kW,Xe2,a=1/32_b=0.9_c=1.1L_w=0.1L,facility,success,5.094890648585064,8.589692369157012,-0.40685993984146906,78.7247410633178,93.01516772729975,-0.15363544476830257,-2.9164136048942773,1.4819507687647877,6.216043749228776,4994.999999999999,0.9451587334085856,0.48598936420388616,
H3a,L32-exit,1p6kW,Xe2,a=1/32_b=0.9_c=1.1L_w=0.25L,facility,success,4.031211365059804,8.589692369157012,-0.5306919978258284,54.03237388627425,93.01516772729975,-0.41910147337813314,-7.955672212454184,2.956297521983288,17.363605759889246,3995.999999999999,0.9711900189015501,0.28934213226172323,
H3a,L32-exit,1p6kW,Xe2,a=1/32_b=0.9_c=1L_w=0.1L,facility,success,4.34629803656719,8.589692369157012,-0.4940100471847592,62.10781516887818,93.01516772729975,-0.33228293098427997,-6.307622971106443,1.9487460748049534,9.30074711608418,4994.999999999999,0.8991691815579871,0.3545782975544975,
H3a,L32-exit,1p6kW,Xe2,a=1/32_b=0.9_c=1L_w=0.25L,facility,success,3.865816369435217,8.589692369157012,-0.549947052432728,58.136392175983175,93.01516772729975,-0.37497944048838966,-7.118117459452363,3.2917720285434173,20.360360718422086,3995.999999999999,1.1071875080180373,0.3492963788918919,
H3a,L32-exit,1p6kW,Xe2,a=1/8_b=0.8_c=0.9L_w=0.1L,facility,success,13.380611649355174,8.589692369157012,0.5577521375970232,105.07086955015507,93.01516772729975,0.12961006379303652,2.460347310786798,0.00037760974421637505,0.0026028237359185997,6992.999999999998,0.3125179991370595,0.3296308399111959,
H3a,L32-exit,1p6kW,Xe2,a=1/8_b=0.8_c=0.9L_w=0.25L,facility,success,11.041969990647557,8.589692369157012,0.2854907389112016,106.32507336884903,93.01516772729975,0.14309392722454706,2.716307273785565,0.029464836222950184,0.1297737566506437,7991.999999999998,0.38081157491825746,0.40903829554695514,
H3a,L32-exit,1p6kW,Xe2,a=1/8_b=0.8_c=1.1L_w=0.1L,facility,success,13.733511124658259,8.589692369157012,0.5988362020939358,105.44547335344008,93.01516772729975,0.13363740484329692,2.536797066559249,0.001674018431350988,0.012600822234729206,6992.999999999998,0.3044305070247884,0.32345468669486355,
H3a,L32-exit,1p6kW,Xe2,a=1/8_b=0.8_c=1.1L_w=0.25L,facility,success,11.487172013311259,8.589692369157012,0.3373205371775851,106.91131201288236,93.01516772729975,0.1493965406408025,2.8359478133842035,0.014978560997140742,0.06644104483910165,6992.999999999998,0.36620472829422884,0.3975331449111045,
H3a,L32-exit,1p6kW,Xe2,a=1/8_b=0.8_c=1L_w=0.1L,facility,success,13.552341839009918,8.589692369157012,0.577744726653108,105.3300069837016,93.01516772729975,0.13239603343517337,2.513232501306497,0.0008134663384154764,0.0054846295316261645,6992.999999999998,0.3086149365455031,0.327061202179756,
H3a,L32-exit,1p6kW,Xe2,a=1/8_b=0.8_c=1L_w=0.25L,facility,success,11.260865054525631,8.589692369157012,0.3109741968129141,106.88077170320392,93.01516772729975,0.1490682037638754,2.829715097123299,0.01761058401166641,0.07812119309107929,6992.999999999998,0.37431224911611033,0.40529062502806534,
H3a,L32-exit,1p6kW,Xe2,a=1/8_b=0.97_c=0.9L_w=0.1L,facility,success,10.272500668320717,8.589692369157012,0.19591019408403504,106.35640888894469,93.01516772729975,0.1434308133567908,2.7227022778867185,0.025914174496373808,0.1052884869666455,6992.999999999998,0.411294047081313,0.43993681083106684,
H3a,L32-exit,1p6kW,Xe2,a=1/8_b=0.97_c=0.9L_w=0.25L,facility,success,7.329269654121248,8.589692369157012,-0.14673665375509384,105.21290669232673,93.01516772729975,0.1311370958421329,2.489334482658566,0.0032729409715858385,0.018939294862818933,249749.99999999994,0.5685130402686728,0.6034155363838882,
H3a,L32-exit,1p6kW,Xe2,a=1/8_b=0.97_c=1.1L_w=0.1L,facility,success,10.216868093407058,8.589692369157012,0.18943352733943558,107.40584375349658,93.01516772729975,0.15471321912128524,2.9368726584075153,0.060490896854572006,0.23542145147423835,5993.999999999999,0.41277516130889996,0.4511045279506174,
H3a,L32-exit,1p6kW,Xe2,a=1/8_b=0.97_c=1.1L_w=0.25L,facility,success,7.0967462809648625,8.589692369157012,-0.17380670040674187,98.49719139116091,93.01516772729975,0.05893687876726998,1.1187803395634996,0.6749837949334807,2.365567254974869,4994.999999999999,0.578069462221871,0.5461696527369172,
H3a,L32-exit,1p6kW,Xe2,a=1/8_b=0.97_c=1L_w=0.1L,facility,success,10.269486885301866,8.589692369157012,0.19555933367025907,107.15180222660342,93.01516772729975,0.15198203523912573,2.885027448837482,0.039598626914445094,0.15707887789745206,5993.999999999999,0.4121127430213614,0.44667265469374395,
H3a,L32-exit,1p6kW,Xe2,a=1/8_b=0.97_c=1L_w=0.25L,facility,success,7.387328049446844,8.589692369157012,-0.13997757638300232,106.29972657983845,93.01516772729975,0.1428214255494989,2.711134459701774,0.0029696674489302394,0.022486959644633566,5993.999999999999,0.5635805617537549,0.6111053138091463,
H3a,L32-exit,1p6kW,Xe2,a=1/8_b=0.9_c=0.9L_w=0.1L,facility,success,12.155049094852977,8.589692369157012,0.4150738550891628,105.82900373538084,93.01516772729975,0.1377607149583222,2.6150685730777696,0.0009221512023956906,0.007036901229588444,6992.999999999998,0.3458370675122879,0.36812206414114695,
H3a,L32-exit,1p6kW,Xe2,a=1/8_b=0.9_c=0.9L_w=0.25L,facility,success,9.342367989414264,8.589692369157012,0.08762544546529773,106.03121327691598,93.01516772729975,0.1399346565473755,2.6563358264522887,0.4055086894931926,1.1981775721976096,6992.999999999998,0.446742340844574,0.4807835970425453,
H3a,L32-exit,1p6kW,Xe2,a=1/8_b=0.9_c=1.1L_w=0.1L,facility,success,12.50432236065647,8.589692369157012,0.45573576133596017,106.39427904153432,93.01516772729975,0.14383795289666304,2.730430880456031,0.00479689970807652,0.030450075344014345,6992.999999999998,0.33601829668960803,0.3616725441467671,
H3a,L32-exit,1p6kW,Xe2,a=1/8_b=0.9_c=1.1L_w=0.25L,facility,success,9.642370477693774,8.589692369157012,0.12255131654267512,105.20041526305086,93.01516772729975,0.13100280130091888,2.4867852113777738,0.733235249776075,2.4039460298907365,5993.999999999999,0.4251276054966935,0.4585537451317129,
H3a,L32-exit,1p6kW,Xe2,a=1/8_b=0.9_c=1L_w=0.1L,facility,success,12.317386126727373,8.589692369157012,0.43397290582319126,106.19437987060526,93.01516772729975,0.1416888499512691,2.689635131286837,0.002005062721427064,0.012496067065815764,6992.999999999998,0.3412894265282826,0.36578312068509417,
H3a,L32-exit,1p6kW,Xe2,a=1/8_b=0.9_c=1L_w=0.25L,facility,success,9.952619116075974,8.589692369157012,0.15867003011805406,111.28516037315778,93.01516772729975,0.1964194990157053,3.7285699277261255,0.6060217956924925,1.8966002273440876,5993.999999999999,0.43772605183821456,0.49713721877044365,
H3a,L32-exit,1p6kW,Xe3,a=1/16_b=0.8_c=0.9L_w=0.1L,facility,success,9.153844004871713,7.400656215822092,0.23689626134793645,103.75398122453046,95.17124528500324,0.09018202834086118,1.7515787631688189,2.2716898664256293,11.634567872989331,10988.999999999998,0.5064459695208992,0.428726398786358,
H3a,L32-exit,1p6kW,Xe3,a=1/16_b=0.8_c=0.9L_w=0.25L,facility,success,7.090385501160619,7.400656215822092,-0.04192475715844438,91.23060522517203,95.17124528500324,-0.04140578436302305,-0.8042122571084118,2.0833565134957444,9.649598521743197,5993.999999999999,0.571822987607633,0.4279425361548893,
H3a,L32-exit,1p6kW,Xe3,a=1/16_b=0.8_c=1.1L_w=0.1L,facility,success,7.541481447141,7.400656215822092,0.01902874923683564,80.1349997425236,95.17124528500324,-0.15799147628521149,-3.0686215392815575,2.2467334666048515,9.77920563632099,10988.999999999998,0.4999427118526377,0.3104287993413556,
H3a,L32-exit,1p6kW,Xe3,a=1/16_b=0.8_c=1.1L_w=0.25L,facility,success,7.183698465346051,7.400656215822092,-0.029316015249053248,93.73936200550924,95.17124528500324,-0.015045335124133733,-0.29222107744775633,2.7534181118791787,14.87612423522935,4994.999999999999,0.5900819231484505,0.4459334849228757,
H3a,L32-exit,1p6kW,Xe3,a=1/16_b=0.8_c=1L_w=0.1L,facility,success,7.831333761041843,7.400656215822092,0.058194507711220464,86.62556847832137,95.17124528500324,-0.0897926341206389,-1.7440156748330358,2.2551893170987407,12.262938649452067,4994.999999999999,0.4846153658466684,0.349325793578952,
H3a,L32-exit,1p6kW,Xe3,a=1/16_b=0.8_c=1L_w=0.25L,facility,success,7.788727500302739,7.400656215822092,0.05243741543499581,96.5531595808496,95.17124528500324,0.014520292255376243,0.2820233256829276,2.5279851989099345,11.40395796209731,4994.999999999999,0.5519745504846454,0.43635570950844316,
H3a,L32-exit,1p6kW,Xe3,a=1/16_b=0.97_c=0.9L_w=0.1L,facility,success,6.885319112347492,7.400656215822092,-0.06963397412959746,96.13423442114839,95.17124528500324,0.010118488344471549,0.19652839513166287,2.2156644558659395,9.501740715257839,4994.999999999999,0.599851220022354,0.48933498118086166,
H3a,L32-exit,1p6kW,Xe3,a=1/16_b=0.97_c=0.9L_w=0.25L,facility,success,5.114788751631494,7.400656215822092,-0.30887361843718286,84.72825809917572,95.17124528500324,-0.10972838649483439,-2.1312218746586775,0.8051496201787771,3.625099765882003,5993.999999999999,0.7754737189934116,0.5116854254321699,
H3a,L32-exit,1p6kW,Xe3,a=1/16_b=0.97_c=1.1L_w=0.1L,facility,success,7.237326879135883,7.400656215822092,-0.022069574902969114,91.41784592199146,95.17124528500324,-0.03943837607432504,-0.7659998700024063,2.3153434647508258,9.151093627226519,8990.999999999998,0.6398005297245196,0.42097661498694994,
H3a,L32-exit,1p6kW,Xe3,a=1/16_b=0.97_c=1.1L_w=0.25L,facility,success,5.611278082574153,7.400656215822092,-0.2417864147536501,94.91435343368877,95.17124528500324,-0.0026992591149267286,-0.052426908431524984,1.145209942921251,6.697723952157032,4994.999999999999,0.8346967666588173,0.5852968512588391,
H3a,L32-exit,1p6kW,Xe3,a=1/16_b=0.97_c=1L_w=0.1L,facility,success,5.650468969254138,7.400656215822092,-0.23649081858797527,76.94509478145633,95.17124528500324,-0.1915090051513587,-3.7196225517442665,2.5273644737291434,10.74066564450272,4994.999999999999,0.6349784229210299,0.381989632569862,
H3a,L32-exit,1p6kW,Xe3,a=1/16_b=0.97_c=1L_w=0.25L,facility,success,5.44663437255622,7.400656215822092,-0.2640335919250388,93.32634439508797,95.17124528500324,-0.01938506619715304,-0.37651038569699524,0.6945794327795755,3.3709669835862672,5993.999999999999,0.8225471641917206,0.5829811055860331,
H3a,L32-exit,1p6kW,Xe3,a=1/16_b=0.9_c=0.9L_w=0.1L,facility,success,7.362912074312314,7.400656215822092,-0.005100107397109427,89.13200139513144,95.17124528500324,-0.06345660258817107,-1.2324987530350613,2.358312140428066,13.172697908738952,4994.999999999999,0.5293813644757002,0.39336153943205554,
H3a,L32-exit,1p6kW,Xe3,a=1/16_b=0.9_c=0.9L_w=0.25L,facility,success,6.576172956243078,7.400656215822092,-0.1114067773904057,102.19159666028267,95.17124528500324,0.07376546722968717,1.4327247704651889,1.0609602709654629,3.6998276270291615,6992.999999999998,0.6229093984562224,0.5789370382108326,
H3a,L32-exit,1p6kW,Xe3,a=1/16_b=0.9_c=1.1L_w=0.1L,facility,success,7.434922193208553,7.400656215822092,0.004630126895126245,83.62536949509821,95.17124528500324,-0.12131685106493385,-2.3563011816132704,2.2251494276776875,9.232914979293554,4994.999999999999,0.5508451993571102,0.3429050363750933,
H3a,L32-exit,1p6kW,Xe3,a=1/16_b=0.9_c=1.1L_w=0.25L,facility,success,6.566501069190067,7.400656215822092,-0.11271367326165746,105.67534757455232,95.17124528500324,0.11037054583128672,2.1436943448059345,2.5934832050001844,12.772482903501023,4994.999999999999,0.7444187102012442,0.6199940803994725,
H3a,L32-exit,1p6kW,Xe3,a=1/16_b=0.9_c=1L_w=0.1L,facility,success,7.9796431697421655,7.400656215822092,0.078234542591269,93.01748198686579,95.17124528500324,-0.022630399462439783,-0.43954353023213505,2.1485326044412294,9.01962830083301,4994.999999999999,0.5561063309623396,0.39529368732008974,
H3a,L32-exit,1p6kW,Xe3,a=1/16_b=0.9_c=1L_w=0.25L,facility,success,6.423567804015651,7.400656215822092,-0.13202726667906745,99.74321259432321,95.17124528500324,0.04803937676373352,0.9330545529224424,1.3516596147253452,4.530357085774578,5993.999999999999,0.6361892549102578,0.56463082503624,
H3a,L32-exit,1p6kW,Xe3,a=1/32_b=0.8_c=0.9L_w=0.1L,facility,success,5.6721480327203615,7.400656215822092,-0.2335614751846329,86.91432522810148,95.17124528500324,-0.08675855855595149,-1.6850857258983214,1.3276196407731145,4.3866543674706975,4994.999999999999,0.8675624773757049,0.485522500768921,
H3a,L32-exit,1p6kW,Xe3,a=1/32_b=0.8_c=0.9L_w=0.25L,facility,success,4.575658087558731,7.400656215822092,-0.38172265348898526,69.72183809004224,95.17124528500324,-0.2674064747051411,-5.193756570400203,2.6767062438219007,14.957666124903243,4994.999999999999,0.9686944144012654,0.3873096195839975,
H3a,L32-exit,1p6kW,Xe3,a=1/32_b=0.8_c=1.1L_w=0.1L,facility,success,6.074492683885444,7.400656215822092,-0.1791953974434595,86.13842816414652,95.17124528500324,-0.09491120026649569,-1.8434320654809642,1.414335935671498,5.772011622351217,4994.999999999999,0.7542344819886657,0.4453055051932628,
H3a,L32-exit,1p6kW,Xe3,a=1/32_b=0.8_c=1.1L_w=0.25L,facility,success,4.307781013903709,7.400656215822092,-0.4179190482198092,69.02864202325279,95.17124528500324,-0.27469014599381225,-5.335225155459276,1.4872744545590393,5.6904177683261326,4994.999999999999,0.925906284260529,0.40325451076743124,
H3a,L32-exit,1p6kW,Xe3,a=1/32_b=0.8_c=1L_w=0.1L,facility,success,5.91201543405804,7.400656215822092,-0.20114983568368447,86.00525574288207,95.17124528500324,-0.09631049288755629,-1.8706101106369755,1.328750584606299,4.853323431264479,4994.999999999999,0.7938258124735099,0.4561299783415087,
H3a,L32-exit,1p6kW,Xe3,a=1/32_b=0.8_c=1L_w=0.25L,facility,success,4.102462942170081,7.400656215822092,-0.44566227338066344,61.01274860209544,95.17124528500324,-0.3589161472103842,-6.971121772021999,2.3341695500815534,12.997683894115026,4994.999999999999,0.8794449663142487,0.330803964850069,
H3a,L32-exit,1p6kW,Xe3,a=1/32_b=0.97_c=0.9L_w=0.1L,facility,success,3.826061255445901,7.400656215822092,-0.48301054070501936,61.58469786677477,95.17124528500324,-0.352906461585629,-6.854397432291524,3.202577204648772,19.372301670190925,4994.999999999999,0.992459936477352,0.3613831539267268,
H3a,L32-exit,1p6kW,Xe3,a=1/32_b=0.97_c=0.9L_w=0.25L,facility,success,3.3951603733184146,7.400656215822092,-0.5412352264033294,59.649585108557986,95.17124528500324,-0.37323941774714425,-7.249318403356174,3.392928980504848,20.64032293473027,3995.999999999999,1.0992591178334197,0.38205752116503483,
H3a,L32-exit,1p6kW,Xe3,a=1/32_b=0.97_c=1.1L_w=0.1L,facility,success,5.0810326842378775,7.400656215822092,-0.3134348446864779,72.7857570310959,95.17124528500324,-0.23521272824444986,-4.568466990593336,1.4693953478688975,6.14970222504765,8990.999999999998,0.8766337967752226,0.38011500230648687,
H3a,L32-exit,1p6kW,Xe3,a=1/32_b=0.97_c=1.1L_w=0.25L,facility,success,2.9588779932785974,7.400656215822092,-0.6001870770658526,42.01377713480074,95.17124528500324,-0.5585454723326907,-10.848462887796428,4.221398768187964,31.30159046684071,3995.999999999999,1.149314795274634,0.21748564120909378,
H3a,L32-exit,1p6kW,Xe3,a=1/32_b=0.97_c=1L_w=0.1L,facility,success,4.447084357643291,7.400656215822092,-0.39909594123076114,63.19247115168788,95.17124528500324,-0.3360129841482117,-6.526280435370481,1.9910913214572727,9.474264078296947,4994.999999999999,0.8440145154462473,0.32736293243531445,
H3a,L32-exit,1p6kW,Xe3,a=1/32_b=0.97_c=1L_w=0.25L,facility,success,3.704023428097046,7.400656215822092,-0.49950067668619713,60.992166099659514,95.17124528500324,-0.3591324152898265,-6.975322282723209,3.6093380213948465,22.554103646577552,3995.999999999999,1.1402531835440515,0.36614118444225485,
H3a,L32-exit,1p6kW,Xe3,a=1/32_b=0.9_c=0.9L_w=0.1L,facility,success,4.816172700617039,7.400656215822092,-0.349223560699875,70.13640871704229,95.17124528500324,-0.26305042550395064,-5.1091503199920325,2.112388250610249,10.202768996433639,4994.999999999999,0.8433180035713052,0.37235671438224743,
H3a,L32-exit,1p6kW,Xe3,a=1/32_b=0.9_c=0.9L_w=0.25L,facility,success,4.43266725192248,7.400656215822092,-0.40104402600870137,73.70204491237568,95.17124528500324,-0.22558494751576613,-4.381469463801542,2.9462312514989994,17.31790143572548,8990.999999999998,1.085815598334101,0.4467536781768214,
H3a,L32-exit,1p6kW,Xe3,a=1/32_b=0.9_c=1.1L_w=0.1L,facility,success,5.172674674362019,7.400656215822092,-0.3010518900603439,74.07933678453637,95.17124528500324,-0.2216206001855318,-4.304471122544261,1.3833493687281553,5.741415321069535,4994.999999999999,0.7791653806457671,0.38677037217539306,
H3a,L32-exit,1p6kW,Xe3,a=1/32_b=0.9_c=1.1L_w=0.25L,facility,success,4.237019653231888,7.400656215822092,-0.4274805463637897,56.39921814720167,95.17124528500324,-0.4073922435468135,-7.91265859955134,2.0075170138359315,10.3112426824513,3995.999999999999,0.8305367641865059,0.27369059950397284,
H3a,L32-exit,1p6kW,Xe3,a=1/32_b=0.9_c=1L_w=0.1L,facility,success,5.007768257797014,7.400656215822092,-0.3233345649686103,73.81198594092828,95.17124528500324,-0.22442975585862893,-4.359032519198973,1.498435708663508,5.3937552487063405,4994.999999999999,0.8413897545676721,0.39662834709336664,
H3a,L32-exit,1p6kW,Xe3,a=1/32_b=0.9_c=1L_w=0.25L,facility,success,3.806988417289953,7.400656215822092,-0.48558772272776646,54.69211399909589,95.17124528500324,-0.4253294276510419,-8.261047201205582,3.416054936943192,21.836703550405108,3995.999999999999,0.9517455398949882,0.28644553540427703,
H3a,L32-exit,1p6kW,Xe3,a=1/8_b=0.8_c=0.9L_w=0.1L,facility,success,13.597312871431225,7.400656215822092,0.8373117835633423,107.68925874424737,95.17124528500324,0.13153146648188987,2.554696624335535,0.0001906445410561972,0.0014006045069101408,7991.999999999998,0.3013094236439698,0.31093232685633565,
H3a,L32-exit,1p6kW,Xe3,a=1/8_b=0.8_c=0.9L_w=0.25L,facility,success,11.174236408532673,7.400656215822092,0.5098980526406465,108.88235532323738,95.17124528500324,0.1440677801070518,2.798185722088599,0.016651012800077948,0.09209942910814181,7991.999999999998,0.36852921540988304,0.38678653859721607,
H3a,L32-exit,1p6kW,Xe3,a=1/8_b=0.8_c=1.1L_w=0.1L,facility,success,13.92475601407909,7.400656215822092,0.8815569333309825,108.02776975050392,95.17124528500324,0.13508832869634166,2.6237805031634025,0.0007171250183566516,0.004906519867357739,6992.999999999998,0.2942103560703263,0.3055325032592502,
H3a,L32-exit,1p6kW,Xe3,a=1/8_b=0.8_c=1.1L_w=0.25L,facility,success,11.604300197533293,7.400656215822092,0.5680096276765431,109.42075862017747,95.17124528500324,0.14972498565614142,2.9080639459539235,0.011898312785822197,0.05998447162206644,6992.999999999998,0.35489132208114554,0.3761444688929564,
H3a,L32-exit,1p6kW,Xe3,a=1/8_b=0.8_c=1L_w=0.1L,facility,success,13.751615181486782,7.400656215822092,0.8581615981683864,107.90289757806477,95.17124528500324,0.13377624990547146,2.598296386339084,0.0003890969032727279,0.0026744550861726546,6992.999999999998,0.2979404406582252,0.30866450893939495,
H3a,L32-exit,1p6kW,Xe3,a=1/8_b=0.8_c=1L_w=0.25L,facility,success,11.36048588359918,7.400656215822092,0.5350646689020961,109.20593595463238,95.17124528500324,0.14746776326820502,2.864222585638598,0.012641653333525479,0.06992055944633929,6992.999999999998,0.36257795979272045,0.38270997045056976,
H3a,L32-exit,1p6kW,Xe3,a=1/8_b=0.97_c=0.9L_w=0.1L,facility,success,10.385249435489289,7.400656215822092,0.4032876453964099,109.06297702509195,95.17124528500324,0.14596564013098728,2.8350472938956535,0.0015189146132025219,0.008559708789788921,6992.999999999998,0.39843127658735467,0.4175533350243795,
H3a,L32-exit,1p6kW,Xe3,a=1/8_b=0.97_c=0.9L_w=0.25L,facility,success,7.4202519298028475,7.400656215822092,0.00264783465267052,107.910563257853,95.17124528500324,0.1338567960805823,2.599860810785665,0.006007988633584566,0.040876208487010575,6992.999999999998,0.5496504408063405,0.5721151662791365,
H3a,L32-exit,1p6kW,Xe3,a=1/8_b=0.97_c=1.1L_w=0.1L,facility,success,10.3079173375416,7.400656215822092,0.39283828851608915,110.02657939870944,95.17124528500324,0.15609057199178045,3.0317008395318763,0.013738960261204445,0.06293913847687131,5993.999999999999,0.4008437339665715,0.4281525038587843,
H3a,L32-exit,1p6kW,Xe3,a=1/8_b=0.97_c=1.1L_w=0.25L,facility,success,7.357503298239258,7.400656215822092,-0.0058309582723997805,107.4604559767804,95.17124528500324,0.1291273499151496,2.508002181995335,0.16165754365082427,0.9319606083668363,4994.999999999999,0.541733947276303,0.5721910823614214,
H3a,L32-exit,1p6kW,Xe3,a=1/8_b=0.97_c=1L_w=0.1L,facility,success,10.369607135200154,7.400656215822092,0.4011740084657154,109.69694099723684,95.17124528500324,0.15262693756643012,2.964427696374203,0.0013187725401173002,0.006784444804657111,5993.999999999999,0.3991281723866142,0.42305898540095005,
H3a,L32-exit,1p6kW,Xe3,a=1/8_b=0.97_c=1L_w=0.25L,facility,success,7.431062402550328,7.400656215822092,0.004108579812588695,108.86325857546379,95.17124528500324,0.14386712340957555,2.7942884266246013,0.010104091019154457,0.07508732782977873,5993.999999999999,0.5476638910032511,0.5814146140023574,
H3a,L32-exit,1p6kW,Xe3,a=1/8_b=0.9_c=0.9L_w=0.1L,facility,success,12.301791063086931,7.400656215822092,0.6622567924161307,108.16038738511945,95.17124528500324,0.1364817919658238,2.6508453265543266,0.00038603600935511084,0.0026228186818282526,6992.999999999998,0.33399464508303783,0.34669079747464826,
H3a,L32-exit,1p6kW,Xe3,a=1/8_b=0.9_c=0.9L_w=0.25L,facility,success,9.646250067045681,7.400656215822092,0.303431720882084,110.8346042722841,95.17124528500324,0.164580792658274,3.1966038749552763,0.22123749921660632,0.6355350167071819,6992.999999999998,0.4325890586150831,0.46426551504504515,
H3a,L32-exit,1p6kW,Xe3,a=1/8_b=0.9_c=1.1L_w=0.1L,facility,success,12.627893987617677,7.400656215822092,0.7063208476864674,108.76066491795996,95.17124528500324,0.14278913333813528,2.773350945501368,0.0026931755170688156,0.01673330942015448,6992.999999999998,0.3253904170968266,0.341497063161053,
H3a,L32-exit,1p6kW,Xe3,a=1/8_b=0.9_c=1.1L_w=0.25L,facility,success,9.794902779753933,7.400656215822092,0.3235181440820216,109.21113555855126,95.17124528500324,0.14752239745843038,2.865283729295513,0.4362719914651028,1.3367168345351501,5993.999999999999,0.4158642318917871,0.4439232674227612,
H3a,L32-exit,1p6kW,Xe3,a=1/8_b=0.9_c=1L_w=0.1L,facility,success,12.45275075702455,7.400656215822092,0.6826549421930217,108.5234879277955,95.17124528500324,0.14029702566996094,2.724947478120867,0.0009926114154260074,0.007678135956313187,6992.999999999998,0.32999711789742364,0.34479136725005066,
H3a,L32-exit,1p6kW,Xe3,a=1/8_b=0.9_c=1L_w=0.25L,facility,success,9.651824310330374,7.400656215822092,0.30418493020868065,110.11953801120043,95.17124528500324,0.1570673230284262,3.050671984938201,0.3731982156807879,1.1146971861379564,6992.999999999998,0.42724746297447014,0.45802960087014927,
H3b,L32-exit,3p0kW,Xe1,a=1/16_b=0.8_c=0.9L_w=0.1L,facility,success,7.823872331605168,7.582322357019064,0.031856990933984496,80.00470032327314,82.32639228613156,-0.02820106527672443,-0.4738146862976364,2.526925482989749,12.819481694063196,4994.999999999999,0.5261331315107832,0.3544650708136326,
H3b,L32-exit,3p0kW,Xe1,a=1/16_b=0.8_c=0.9L_w=0.25L,facility,success,6.155685549488999,7.582322357019064,-0.18815301438739365,71.43401936564466,82.32639228613156,-0.132307181427672,-2.22293324907896,1.9695089041314298,9.950892376862742,4994.999999999999,0.5917741911471781,0.3591682537763508,
H3b,L32-exit,3p0kW,Xe1,a=1/16_b=0.8_c=1.1L_w=0.1L,facility,success,8.334658457923027,7.582322357019064,0.0992223840506484,85.83235842510057,82.32639228613156,0.042586174877963234,0.7155032936671432,2.3430558124367367,10.644746732649061,4994.999999999999,0.5455195642795292,0.3829821028657798,
H3b,L32-exit,3p0kW,Xe1,a=1/16_b=0.8_c=1.1L_w=0.25L,facility,success,6.936247870077577,7.582322357019064,-0.08520799519205437,81.95796358259273,82.32639228613156,-0.004475219833007386,-0.07518953133445759,2.1525780499122407,9.768475761171972,4994.999999999999,0.6085644108505573,0.41958688871674504,
H3b,L32-exit,3p0kW,Xe1,a=1/16_b=0.8_c=1L_w=0.1L,facility,success,8.18547064092891,7.582322357019064,0.07954664224365293,85.48984047147837,82.32639228613156,0.03842568704276515,0.64560167047894,2.6153080315950747,13.225214099645454,4994.999999999999,0.5429266393970739,0.386856193032466,
H3b,L32-exit,3p0kW,Xe1,a=1/16_b=0.8_c=1L_w=0.25L,facility,success,7.639493652464427,7.582322357019064,0.0075400771364513815,91.03422609240967,82.32639228613156,0.10577208067144958,1.7771089400567572,1.5998886876420755,6.747733513234497,10988.999999999998,0.5908436580628197,0.47001209087935986,
H3b,L32-exit,3p0kW,Xe1,a=1/16_b=0.97_c=0.9L_w=0.1L,facility,success,6.760567393082724,7.582322357019064,-0.10837774038657559,93.90953069902932,82.32639228613156,0.14069775306853824,2.363905798550561,1.3982234896403734,4.808862129151653,4994.999999999999,0.6084508595260906,0.5651977047471415,
H3b,L32-exit,3p0kW,Xe1,a=1/16_b=0.97_c=0.9L_w=0.25L,facility,success,4.996195319000097,7.582322357019064,-0.3410732116427301,75.7212470321022,82.32639228613156,-0.0802312001122639,-1.3479888273529304,1.069282988862653,4.444481381194583,5993.999999999999,0.8281940705688832,0.497233410744072,
H3b,L32-exit,3p0kW,Xe1,a=1/16_b=0.97_c=1.1L_w=0.1L,facility,success,6.0876546627855985,7.582322357019064,-0.19712531647376216,90.48298914904555,82.32639228613156,0.09907633064455354,1.6646116046763246,2.8996162556373886,13.592692536656347,3995.999999999999,0.8764412308911123,0.5827040895019961,
H3b,L32-exit,3p0kW,Xe1,a=1/16_b=0.97_c=1.1L_w=0.25L,facility,success,5.334557428683548,7.582322357019064,-0.29644808311990684,80.92092591882113,82.32639228613156,-0.01707188093977975,-0.2868298708796816,1.8093417894130515,9.848822759130488,4994.999999999999,0.9444301129221304,0.5318479474913007,
H3b,L32-exit,3p0kW,Xe1,a=1/16_b=0.97_c=1L_w=0.1L,facility,success,6.991134515951089,7.582322357019064,-0.07796923069627922,99.42415502778245,82.32639228613156,0.20768264303658932,3.4893393350307917,1.1590367198623026,4.217908487773452,4994.999999999999,0.6205135324647072,0.612632954628022,
H3b,L32-exit,3p0kW,Xe1,a=1/16_b=0.97_c=1L_w=0.25L,facility,success,5.181544049651959,7.582322357019064,-0.31662836190875876,77.2995619479728,82.32639228613156,-0.0610597670876629,-1.0258837424813796,0.722548268905183,3.3641077054126534,5993.999999999999,0.8135487819733443,0.49964214778511773,
H3b,L32-exit,3p0kW,Xe1,a=1/16_b=0.9_c=0.9L_w=0.1L,facility,success,7.433696004544818,7.582322357019064,-0.019601692657746205,91.75672191631892,82.32639228613156,0.11454807344662381,1.9245570673851755,2.299966790390234,10.19026133569146,4994.999999999999,0.6312506324654923,0.4907216035870981,
H3b,L32-exit,3p0kW,Xe1,a=1/16_b=0.9_c=0.9L_w=0.25L,facility,success,6.1029785183704615,7.582322357019064,-0.19510431883434137,83.31050961333486,82.32639228613156,0.011953849790756348,0.20084027085781606,1.2035255435393333,5.247714131628343,5993.999999999999,0.6533918624481421,0.49274467127978255,
H3b,L32-exit,3p0kW,Xe1,a=1/16_b=0.9_c=1.1L_w=0.1L,facility,success,6.730496600789215,7.582322357019064,-0.1123436483073423,75.6590981264564,82.32639228613156,-0.08098610876209035,-1.3606722774847275,2.99699858279428,16.661962809031884,3995.999999999999,0.6171061528332373,0.36850162426633315,
H3b,L32-exit,3p0kW,Xe1,a=1/16_b=0.9_c=1.1L_w=0.25L,facility,success,6.18806885366686,7.582322357019064,-0.1838821191849649,82.71245931622187,82.32639228613156,0.004689468581940335,0.07878918981434878,1.658421615552753,7.5515073160046695,4994.999999999999,0.6869146111237338,0.4790169996594387,
H3b,L32-exit,3p0kW,Xe1,a=1/16_b=0.9_c=1L_w=0.1L,facility,success,6.309912609225954,7.582322357019064,-0.16781266845179987,78.04259450926972,82.32639228613156,-0.052034319225032766,-0.8742444442575191,2.981417822101288,17.080567186642682,8990.999999999998,0.6569888852581321,0.4182194717011452,
H3b,L32-exit,3p0kW,Xe1,a=1/16_b=0.9_c=1L_w=0.25L,facility,success,6.6372353468800585,7.582322357019064,-0.1246434753943328,87.90411703381758,82.32639228613156,0.06775135643379378,1.138311172997149,1.140759759820747,4.984939290735467,5993.999999999999,0.6374830690124413,0.5044236147894817,
H3b,L32-exit,3p0kW,Xe1,a=1/32_b=0.8_c=0.9L_w=0.1L,facility,success,5.083435902245009,7.582322357019064,-0.3295674250067725,61.21619766272862,82.32639228613156,-0.2564207423305139,-4.308202984367948,2.044724899107811,10.176927793526982,8990.999999999998,0.8860725233886777,0.3194034074680485,
H3b,L32-exit,3p0kW,Xe1,a=1/32_b=0.8_c=0.9L_w=0.25L,facility,success,3.863153316396313,7.582322357019064,-0.4905052654718462,49.44109686795304,82.32639228613156,-0.39945021887857307,-6.711284779220105,2.3789892398828245,13.33891880703901,3995.999999999999,1.0274205540645607,0.2741564359297603,
H3b,L32-exit,3p0kW,Xe1,a=1/32_b=0.8_c=1.1L_w=0.1L,facility,success,5.416052302479,7.582322357019064,-0.2857000734787696,67.14182759936106,82.32639228613156,-0.18444346053687624,-3.0988907524021423,1.6026934497553063,6.005748911764708,4994.999999999999,0.7730013359094411,0.3606348254726809,
H3b,L32-exit,3p0kW,Xe1,a=1/32_b=0.8_c=1.1L_w=0.25L,facility,success,4.250897091257345,7.582322357019064,-0.43936740076445985,51.4411526497093,82.32639228613156,-0.3751559952861567,-6.303110129882092,2.264312293254048,11.10300412023099,3995.999999999999,0.8803597947174082,0.2697149296337187,
H3b,L32-exit,3p0kW,Xe1,a=1/32_b=0.8_c=1L_w=0.1L,facility,success,5.405742295441966,7.582322357019064,-0.2870598161211395,71.21015473798238,82.32639228613156,-0.13502641424531103,-2.2686199077855465,1.8722514362096527,8.407684977668197,4994.999999999999,0.8461166042925999,0.4064365127855636,
H3b,L32-exit,3p0kW,Xe1,a=1/32_b=0.8_c=1L_w=0.25L,facility,success,4.062986848559388,7.582322357019064,-0.4641500773442819,48.4350434004934,82.32639228613156,-0.4116705219857835,-6.916601813395542,2.462731399655776,13.92277425284794,3995.999999999999,0.9285930803092199,0.2501716917390316,
H3b,L32-exit,3p0kW,Xe1,a=1/32_b=0.97_c=0.9L_w=0.1L,facility,success,4.0484729338393,7.582322357019064,-0.4660642553542225,54.63513455096948,82.32639228613156,-0.3363594221269776,-5.6512770888085875,2.7511403982726117,16.40500186646227,3995.999999999999,0.9931888382628212,0.3194603692443329,
H3b,L32-exit,3p0kW,Xe1,a=1/32_b=0.97_c=0.9L_w=0.25L,facility,success,3.3144822135052334,7.582322357019064,-0.5628671457845669,46.2848924958803,82.32639228613156,-0.43778791696575653,-7.35540812045944,2.119587243933212,10.977989035790008,3995.999999999999,1.2301728723042036,0.28004448307011637,
H3b,L32-exit,3p0kW,Xe1,a=1/32_b=0.97_c=1.1L_w=0.1L,facility,success,4.2926424051213825,7.582322357019064,-0.43386179022741994,60.81594962599112,82.32639228613156,-0.2612824643812799,-4.389886257171519,2.457921460998105,13.418470098775906,3995.999999999999,1.1447128880948516,0.3733141650437844,
H3b,L32-exit,3p0kW,Xe1,a=1/32_b=0.97_c=1.1L_w=0.25L,facility,success,3.877107149542657,7.582322357019064,-0.48866495422031697,36.95700778936025,82.32639228613156,-0.5510916151783576,-9.259058060565573,2.2750048090468358,13.459132095094423,3995.999999999999,1.2750999598824024,0.15263354635681273,
H3b,L32-exit,3p0kW,Xe1,a=1/32_b=0.97_c=1L_w=0.1L,facility,success,4.147743711611405,7.582322357019064,-0.4529718579200501,54.11284672032253,82.32639228613156,-0.34270353385279817,-5.757866442001842,2.6971237955993566,14.532394415656096,3995.999999999999,1.0731065058131632,0.3058813828943641,
H3b,L32-exit,3p0kW,Xe1,a=1/32_b=0.97_c=1L_w=0.25L,facility,success,3.6068567762011363,7.582322357019064,-0.5243071177444444,19.653337015246514,82.32639228613156,-0.7612753763466292,-12.790419443037761,2.297425496538906,13.802923235935204,3995.999999999999,1.1253324065334398,0.04639892312792717,
H3b,L32-exit,3p0kW,Xe1,a=1/32_b=0.9_c=0.9L_w=0.1L,facility,success,5.005384712234223,7.582322357019064,-0.339861261952195,68.52562941327858,82.32639228613156,-0.16763473400956755,-2.816482218949587,2.1593305599798542,10.703590502026618,3995.999999999999,1.0441245151944025,0.406474026126476,
H3b,L32-exit,3p0kW,Xe1,a=1/32_b=0.9_c=0.9L_w=0.25L,facility,success,3.688760786323462,7.582322357019064,-0.513505148866597,48.72978772854464,82.32639228613156,-0.4080903295363581,-6.856449909711615,2.465636844463773,13.258550077834318,3995.999999999999,1.093114413554149,0.27891555939528945,
H3b,L32-exit,3p0kW,Xe1,a=1/32_b=0.9_c=1.1L_w=0.1L,facility,success,5.016277109906807,7.582322357019064,-0.3384247103048622,55.69066446955502,82.32639228613156,-0.32353813979849955,-5.435862819709499,1.7809242633301188,7.80121869422945,3995.999999999999,0.7771957718615267,0.26788443171662896,
H3b,L32-exit,3p0kW,Xe1,a=1/32_b=0.9_c=1.1L_w=0.25L,facility,success,3.133548922970932,7.582322357019064,-0.586729662044748,39.30477612479379,82.32639228613156,-0.5225738061229855,-8.779921665579135,2.9414885278049505,16.425222855005423,3995.999999999999,1.028731421831859,0.2136084210452003,
H3b,L32-exit,3p0kW,Xe1,a=1/32_b=0.9_c=1L_w=0.1L,facility,success,4.328841316262491,7.582322357019064,-0.4290876709752098,47.700406986970684,82.32639228613156,-0.42059398374722484,-7.066527612073647,2.308982045376243,13.48040613708462,3995.999999999999,0.8186578383527017,0.2277386272609134,
H3b,L32-exit,3p0kW,Xe1,a=1/32_b=0.9_c=1L_w=0.25L,facility,success,3.741330795243088,7.582322357019064,-0.5065719156902259,44.62180945919952,82.32639228613156,-0.4579890091124962,-7.694812821822865,2.4845784575530714,15.794790607425137,3995.999999999999,1.0889223527094387,0.23058573770230845,
H3b,L32-exit,3p0kW,Xe1,a=1/8_b=0.8_c=0.9L_w=0.1L,facility,success,13.313692196124032,7.582322357019064,0.7558858050659581,102.72564009913653,82.32639228613156,0.24778503280097403,4.163111798572441,0.00036444475534340025,0.0025759714953199073,6992.999999999998,0.32042613351187316,0.343418269597905,
H3b,L32-exit,3p0kW,Xe1,a=1/8_b=0.8_c=0.9L_w=0.25L,facility,success,11.067252117069438,7.582322357019064,0.4596124506397866,104.3142417851942,82.32639228613156,0.2670814168880645,4.487316224298498,0.036204348928088506,0.1400691424000014,6992.999999999998,0.38856052191803886,0.42600196606788426,
H3b,L32-exit,3p0kW,Xe1,a=1/8_b=0.8_c=1.1L_w=0.1L,facility,success,13.660063354239623,7.582322357019064,0.801567212662003,103.2256773749915,82.32639228613156,0.25385887208834457,4.265160222216316,0.0015086776168772706,0.010101125488703613,6992.999999999998,0.31239252133090106,0.33797685845445213,
H3b,L32-exit,3p0kW,Xe1,a=1/8_b=0.8_c=1.1L_w=0.25L,facility,success,11.456984033583817,7.582322357019064,0.5110125228292258,104.9769531895957,82.32639228613156,0.2751312218898213,4.622563449686558,0.04449358460005989,0.1746922250340328,5993.999999999999,0.3756693518274354,0.4167559560974337,
H3b,L32-exit,3p0kW,Xe1,a=1/8_b=0.8_c=1L_w=0.1L,facility,success,13.47755912760018,7.582322357019064,0.7774975123714982,103.03261163012685,82.32639228613156,0.25151374630907264,4.225759049794957,0.0007378112849306475,0.004808712896421988,6992.999999999998,0.3166387410895413,0.3412733426930986,
H3b,L32-exit,3p0kW,Xe1,a=1/8_b=0.8_c=1L_w=0.25L,facility,success,11.184329375793274,7.582322357019064,0.475053268533193,104.24155873402765,82.32639228613156,0.26619855236372164,4.47248294855022,0.04037672170064644,0.15835664821956197,6992.999999999998,0.38308581780020184,0.42095535701685594,
H3b,L32-exit,3p0kW,Xe1,a=1/8_b=0.97_c=0.9L_w=0.1L,facility,success,10.260755201894359,7.582322357019064,0.35324702891269605,104.70191413989521,82.32639228613156,0.2717903849836617,4.5664330313803365,0.14704808815346135,0.4907960478887258,6992.999999999998,0.42393098827979014,0.46290738773756657,
H3b,L32-exit,3p0kW,Xe1,a=1/8_b=0.97_c=0.9L_w=0.25L,facility,success,7.261573711567836,7.582322357019064,-0.04230216421151048,102.18083580152016,82.32639228613156,0.24116741866184294,4.05192724803849,0.0016805475831219651,0.011744753940265454,9989.999999999998,0.5834730270232573,0.6229774787547698,
H3b,L32-exit,3p0kW,Xe1,a=1/8_b=0.97_c=1.1L_w=0.1L,facility,success,10.26332503185875,7.582322357019064,0.3535859527731427,106.5493188395618,82.32639228613156,0.29423039053189226,4.9434543986592345,0.25666643488095503,0.8271058786040376,5993.999999999999,0.4237820647242186,0.47926693522768826,
H3b,L32-exit,3p0kW,Xe1,a=1/8_b=0.97_c=1.1L_w=0.25L,facility,success,7.463662301965922,7.582322357019064,-0.01564956611786579,104.52584928275455,82.32639228613156,0.2696517651285763,4.530501427882241,0.003117823605311241,0.019587811153663003,6992.999999999998,0.5686241679252196,0.6342487560301605,
H3b,L32-exit,3p0kW,Xe1,a=1/8_b=0.97_c=1L_w=0.1L,facility,success,10.084216403659438,7.582322357019064,0.32996408340834193,103.99162218381754,82.32639228613156,0.26316262982090655,4.421475489323668,0.19256380335451145,0.6466055267922678,5993.999999999999,0.42363358076921453,0.46464229992943246,
H3b,L32-exit,3p0kW,Xe1,a=1/8_b=0.97_c=1L_w=0.25L,facility,success,7.3310596158945085,7.582322357019064,-0.033137966086598476,103.35691215682459,82.32639228613156,0.2554529511945559,4.291942830753679,0.0036919724042521404,0.025317686124174097,7991.999999999998,0.5778486504873754,0.6313591755532938,
H3b,L32-exit,3p0kW,Xe1,a=1/8_b=0.9_c=0.9L_w=0.1L,facility,success,12.057545844920126,7.582322357019064,0.5902180462900373,103.27401783618451,82.32639228613156,0.25444605269775333,4.2750256224597845,0.0008576236089071849,0.005615630679594892,6992.999999999998,0.3549219221993282,0.38325463910566454,
H3b,L32-exit,3p0kW,Xe1,a=1/8_b=0.9_c=0.9L_w=0.25L,facility,success,9.34546823901331,7.582322357019064,0.23253375403672702,103.88720432339042,82.32639228613156,0.2618942897718953,4.400165721889563,0.33643504217947756,1.1075045258111749,6992.999999999998,0.4565730400621562,0.5003653739082576,
H3b,L32-exit,3p0kW,Xe1,a=1/8_b=0.9_c=1.1L_w=0.1L,facility,success,12.399341969040174,7.582322357019064,0.6352960722596985,103.99648267961476,82.32639228613156,0.26322166916008133,4.422467427241467,0.002668972258180618,0.01436686104632178,5993.999999999999,0.34513683083286667,0.3779225965148602,
H3b,L32-exit,3p0kW,Xe1,a=1/8_b=0.9_c=1.1L_w=0.25L,facility,success,9.68005279136705,7.582322357019064,0.27666067671286587,105.40340221177314,82.32639228613156,0.2803112013634181,4.70959386237583,0.7902041330079741,2.411590837348463,5993.999999999999,0.44261129925694837,0.4972739719877163,
H3b,L32-exit,3p0kW,Xe1,a=1/8_b=0.9_c=1L_w=0.1L,facility,success,12.215878043205446,7.582322357019064,0.6110998013553242,103.72823772236822,82.32639228613156,0.2599633585527827,4.367723558415644,0.0012912254557262822,0.00791844398046615,6992.999999999998,0.35046159051327963,0.38162209058989227,
H3b,L32-exit,3p0kW,Xe1,a=1/8_b=0.9_c=1L_w=0.25L,facility,success,9.398788159312748,7.582322357019064,0.2395658898110756,103.05801176411643,82.32639228613156,0.2518222759711195,4.230942750609156,0.580694654639997,1.7535294277950948,5993.999999999999,0.4476304710299287,0.4896162842664456,
H3b,L32-exit,3p0kW,Xe2,a=1/16_b=0.8_c=0.9L_w=0.1L,facility,success,8.75165546805267,8.589692369157012,0.018855517978410785,91.45888921716099,93.01516772729975,-0.016731448732119077,-0.31760785921199436,2.1943877752085483,10.506525659904849,4994.999999999999,0.4740857439266171,0.38185702369143737,
H3b,L32-exit,3p0kW,Xe2,a=1/16_b=0.8_c=0.9L_w=0.25L,facility,success,6.229223605276017,8.589692369157012,-0.27480247981368044,84.56491654371698,93.01516772729975,-0.09084809918697431,-1.7245410578740366,2.14133470294695,10.396465867008038,10988.999999999998,0.656899095501086,0.4586545212013736,
H3b,L32-exit,3p0kW,Xe2,a=1/16_b=0.8_c=1.1L_w=0.1L,facility,success,8.087523682911236,8.589692369157012,-0.0584617777522408,85.3998191728063,93.01516772729975,-0.08187211549002421,-1.5541527662231547,2.3231974367629076,10.287036594820195,4994.999999999999,0.5045551545455724,0.3602777876110867,
H3b,L32-exit,3p0kW,Xe2,a=1/16_b=0.8_c=1.1L_w=0.25L,facility,success,7.037117509267149,8.589692369157012,-0.18074859880485245,89.21531399183229,93.01516772729975,-0.040851979610549274,-0.7754803541770346,2.541088726621312,12.862175626987328,4994.999999999999,0.6546937918936953,0.45188004555843003,
H3b,L32-exit,3p0kW,Xe2,a=1/16_b=0.8_c=1L_w=0.1L,facility,success,8.182601805488765,8.589692369157012,-0.0473929153889126,87.67384491437396,93.01516772729975,-0.057424213098076674,-1.0900658801889398,2.468853224878767,11.764412661940126,4994.999999999999,0.5113224901280782,0.37530801456363194,
H3b,L32-exit,3p0kW,Xe2,a=1/16_b=0.8_c=1L_w=0.25L,facility,success,7.28925718088199,8.589692369157012,-0.15139485005825018,111.74417678574795,93.01516772729975,0.20135435452159348,3.82224674662208,2.188003074429664,9.831706265426586,4994.999999999999,0.7620950012768716,0.6843931875179322,
H3b,L32-exit,3p0kW,Xe2,a=1/16_b=0.97_c=0.9L_w=0.1L,facility,success,6.9630165148079115,8.589692369157012,-0.18937533318306038,99.66094848628059,93.01516772729975,0.07144835537430637,1.3562817875471072,1.8570770138339852,7.552228375953779,4994.999999999999,0.630802223265905,0.5698909460794909,
H3b,L32-exit,3p0kW,Xe2,a=1/16_b=0.97_c=0.9L_w=0.25L,facility,success,5.194005356616736,8.589692369157012,-0.39532114383201444,81.67295480468687,93.01516772729975,-0.12193939117398353,-2.314737331145488,0.5226460787842224,2.3738748779826464,5993.999999999999,0.7736859930652822,0.5130896960782999,
H3b,L32-exit,3p0kW,Xe2,a=1/16_b=0.97_c=1.1L_w=0.1L,facility,success,6.129348735555555,8.589692369157012,-0.28642977278625326,84.09809837621452,93.01516772729975,-0.09586683085094398,-1.8198100716500467,2.9382604527804403,12.578388588292178,3995.999999999999,0.7401883603960159,0.460996013721108,
H3b,L32-exit,3p0kW,Xe2,a=1/16_b=0.97_c=1.1L_w=0.25L,facility,success,5.544865796903573,8.589692369157012,-0.35447446094652824,90.69854648982675,93.01516772729975,-0.024905843789529404,-0.47277984438224574,1.0598379179002777,6.738116673028497,4994.999999999999,0.8653913072526616,0.592718885995123,
H3b,L32-exit,3p0kW,Xe2,a=1/16_b=0.97_c=1L_w=0.1L,facility,success,6.400277616818518,8.589692369157012,-0.2548886104699186,91.97641693935917,93.01516772729975,-0.011167541953866966,-0.2119899567225699,1.5298890503488762,5.159230685939677,4994.999999999999,0.6011460342203353,0.5280722089043894,
H3b,L32-exit,3p0kW,Xe2,a=1/16_b=0.97_c=1L_w=0.25L,facility,success,5.37672497718323,8.589692369157012,-0.37404918056327335,83.29137518628886,93.01516772729975,-0.10453985923585003,-1.9844474573491626,0.5101812423676825,2.426656289227098,5993.999999999999,0.7808467299088465,0.5154913627883349,
H3b,L32-exit,3p0kW,Xe2,a=1/16_b=0.9_c=0.9L_w=0.1L,facility,success,7.671688299496858,8.589692369157012,-0.10687275285392396,90.48326900153447,93.01516772729975,-0.027220278021626132,-0.5167140256663848,2.3039780817525095,10.800002406691897,4994.999999999999,0.5389976598303771,0.42636816090906016,
H3b,L32-exit,3p0kW,Xe2,a=1/16_b=0.9_c=0.9L_w=0.25L,facility,success,6.7858141188748204,8.589692369157012,-0.21000498885843372,100.61420628708524,93.01516772729975,0.08169676780096997,1.5508241958745883,1.0205713287829816,4.307798343976985,6992.999999999998,0.6521405970816989,0.5960130959915686,
H3b,L32-exit,3p0kW,Xe2,a=1/16_b=0.9_c=1.1L_w=0.1L,facility,success,6.485172883188286,8.589692369157012,-0.2450052220176614,71.83010012170107,93.01516772729975,-0.22775927973068552,-4.323483184816061,2.6879443618367787,12.477299292270764,8990.999999999998,0.5772856471894563,0.31785608934366316,
H3b,L32-exit,3p0kW,Xe2,a=1/16_b=0.9_c=1.1L_w=0.25L,facility,success,6.258507008705853,8.589692369157012,-0.27139334684694194,88.8272675324164,93.01516772729975,-0.0450238417798844,-0.8546735091598681,1.6424526746051578,6.436386377009403,4994.999999999999,0.6264260556087334,0.5036873142143509,
H3b,L32-exit,3p0kW,Xe2,a=1/16_b=0.9_c=1L_w=0.1L,facility,success,6.637310419453087,8.589692369157012,-0.22729358233064764,75.4781041806953,93.01516772729975,-0.18853982608534683,-3.5789925605315225,2.9779914919502533,17.208912108427107,8990.999999999998,0.5562532830726407,0.3429169776208867,
H3b,L32-exit,3p0kW,Xe2,a=1/16_b=0.9_c=1L_w=0.25L,facility,success,6.565228641184008,8.589692369157012,-0.23568524237750826,98.34867369880507,93.01516772729975,0.057340174745929486,1.0884706064296548,0.8653850114721541,3.023475552727496,5993.999999999999,0.6338129072728941,0.5886082026401755,
H3b,L32-exit,3p0kW,Xe2,a=1/32_b=0.8_c=0.9L_w=0.1L,facility,success,5.220082970646759,8.589692369157012,-0.39228522439400754,74.89856961137657,93.01516772729975,-0.19477036443171408,-3.697264921616976,1.9234280025710675,9.156050495939967,4994.999999999999,0.9465120660259188,0.42934735519607703,
H3b,L32-exit,3p0kW,Xe2,a=1/32_b=0.8_c=0.9L_w=0.25L,facility,success,4.7493171312633855,8.589692369157012,-0.4470911265324533,64.55644042963267,93.01516772729975,-0.30595792055228976,-5.80790353013614,2.3313712888013733,14.079664010172502,8990.999999999998,0.9921557571150883,0.3505799961681967,
H3b,L32-exit,3p0kW,Xe2,a=1/32_b=0.8_c=1.1L_w=0.1L,facility,success,5.490253779606232,8.589692369157012,-0.3608323157974698,66.15617616863472,93.01516772729975,-0.288759265987777,-5.481426848707151,1.4460964298019594,5.963055041158006,4994.999999999999,0.6691916566597312,0.31848392791795255,
H3b,L32-exit,3p0kW,Xe2,a=1/32_b=0.8_c=1.1L_w=0.25L,facility,success,5.148734460682734,8.589692369157012,-0.400591518367959,64.16418578802734,93.01516772729975,-0.3101750246138052,-5.887955497810697,1.83075816673845,7.770707265683562,8990.999999999998,0.847632556480979,0.31946554939992955,
H3b,L32-exit,3p0kW,Xe2,a=1/32_b=0.8_c=1L_w=0.1L,facility,success,5.409718492991567,8.589692369157012,-0.37020812149033056,70.21295378576323,93.01516772729975,-0.24514511448700133,-4.653513049293169,1.5085975655066657,6.1501096251664915,4994.999999999999,0.7498423720945737,0.364081801708081,
H3b,L32-exit,3p0kW,Xe2,a=1/32_b=0.8_c=1L_w=0.25L,facility,success,5.01925880516304,8.589692369157012,-0.41566489351985636,70.17388250584222,93.01516772729975,-0.2455651672684527,-4.661486779889295,2.1865451500598203,12.521575573328086,8990.999999999998,0.9891268149817585,0.39196796267531625,
H3b,L32-exit,3p0kW,Xe2,a=1/32_b=0.97_c=0.9L_w=0.1L,facility,success,4.396639738829693,8.589692369157012,-0.48814933645159436,55.25793070780508,93.01516772729975,-0.40592559194421585,-7.705558575407076,2.723539815129421,17.095714438208454,3995.999999999999,0.8207027927083369,0.2774645504082225,
H3b,L32-exit,3p0kW,Xe2,a=1/32_b=0.97_c=0.9L_w=0.25L,facility,success,3.9418695365559784,8.589692369157012,-0.5410930488372272,24.60070632508451,93.01516772729975,-0.7355194112296993,-13.962134980043926,1.8877458871404118,11.352649265104397,4994.999999999999,0.9708667159423005,0.061338345454737396,
H3b,L32-exit,3p0kW,Xe2,a=1/32_b=0.97_c=1.1L_w=0.1L,facility,success,4.313347669135207,8.589692369157012,-0.49784608298393385,61.359653011365644,93.01516772729975,-0.3403263735301881,-6.460309125700839,1.9915415869769328,9.089636910884245,3995.999999999999,0.9669739919005534,0.34873093595257565,
H3b,L32-exit,3p0kW,Xe2,a=1/32_b=0.97_c=1.1L_w=0.25L,facility,failure,,,,,,,,,,,,,
H3b,L32-exit,3p0kW,Xe2,a=1/32_b=0.97_c=1L_w=0.1L,facility,success,4.172682476367688,8.589692369157012,-0.5142221284489151,55.9039890851351,93.01516772729975,-0.3989798604778799,-7.573709926972378,2.7431416275209464,16.268497907729618,3995.999999999999,0.9531725812010341,0.2992329467760585,
H3b,L32-exit,3p0kW,Xe2,a=1/32_b=0.97_c=1L_w=0.25L,facility,success,2.850103100557361,8.589692369157012,-0.6681949739211593,38.74098584173139,93.01516772729975,-0.5834981886469148,-11.076363650115994,3.3025872230060527,22.93494257908066,6992.999999999998,1.2223970767803234,0.21038749167621934,
H3b,L32-exit,3p0kW,Xe2,a=1/32_b=0.9_c=0.9L_w=0.1L,facility,success,4.649398880226075,8.589692369157012,-0.45872346989740165,58.52991573009877,93.01516772729975,-0.37074869443125924,-7.037806530041016,2.268135457169861,12.671444225855147,8990.999999999998,0.8931782748369773,0.29437311355247964,
H3b,L32-exit,3p0kW,Xe2,a=1/32_b=0.9_c=0.9L_w=0.25L,facility,success,3.5882581353456575,8.589692369157012,-0.5822599947548753,41.68022419929523,93.01516772729975,-0.5518986288183386,-10.47651908734786,2.6332671162929717,14.916461935975791,3995.999999999999,0.9568438934380439,0.1934263180826613,
H3b,L32-exit,3p0kW,Xe2,a=1/32_b=0.9_c=1.1L_w=0.1L,facility,success,5.362954892316947,8.589692369157012,-0.3756522746293341,81.52569044448445,93.01516772729975,-0.12352262070310897,-2.344791282207206,1.5134916691630032,6.16072051555196,4994.999999999999,0.9208330801060974,0.49513539974144277,
H3b,L32-exit,3p0kW,Xe2,a=1/32_b=0.9_c=1.1L_w=0.25L,facility,success,4.106753006328067,8.589692369157012,-0.5218975453563185,51.8655836851075,93.01516772729975,-0.4423964934711926,-8.397874294324948,2.7153117651416543,16.34505250030559,3995.999999999999,0.9439851795079521,0.2616972181521132,
H3b,L32-exit,3p0kW,Xe2,a=1/32_b=0.9_c=1L_w=0.1L,facility,success,5.043675283271537,8.589692369157012,-0.41282236120796945,69.19736398793174,93.01516772729975,-0.2560636541472101,-4.860776273340412,1.9087465439521896,8.208036804316354,4994.999999999999,0.8749868451230847,0.3792897735009417,
H3b,L32-exit,3p0kW,Xe2,a=1/32_b=0.9_c=1L_w=0.25L,facility,success,3.9562206763896413,8.589692369157012,-0.5394223091626386,56.4134590086544,93.01516772729975,-0.39350258256754,-7.4697364731929285,2.7187637508720024,16.04257443798746,3995.999999999999,1.1176418259690701,0.3213838883698698,
H3b,L32-exit,3p0kW,Xe2,a=1/8_b=0.8_c=0.9L_w=0.1L,facility,success,13.478425027502867,8.589692369157012,0.5691394345971942,104.84640177993471,93.01516772729975,0.1271968254394977,2.4145375617622338,0.00017393125562424218,0.0014961458809222617,6992.999999999998,0.31031415757744263,0.3258420010601897,
H3b,L32-exit,3p0kW,Xe2,a=1/8_b=0.8_c=0.9L_w=0.25L,facility,success,11.142910220063927,8.589692369157012,0.2972420595730236,106.2390046373712,93.01516772729975,0.14216860790748506,2.698742226545191,0.013233946067189627,0.060396934865153025,6992.999999999998,0.37786094511792095,0.40467698458590295,
H3b,L32-exit,3p0kW,Xe2,a=1/8_b=0.8_c=1.1L_w=0.1L,facility,success,13.807945714104491,8.589692369157012,0.6075017731350484,105.35465331328464,93.01516772729975,0.13266100451661358,2.5182623644867106,0.0009359060617259563,0.006124751257959995,6992.999999999998,0.3031205630994654,0.3211570973700873,
H3b,L32-exit,3p0kW,Xe2,a=1/8_b=0.8_c=1.1L_w=0.25L,facility,success,11.521309746674726,8.589692369157012,0.3412948044617134,106.83947112057274,93.01516772729975,0.14862418389442494,2.8212864067904038,0.007897401169729642,0.037901244871193764,6992.999999999998,0.3655732016465391,0.39582275454176274,
H3b,L32-exit,3p0kW,Xe2,a=1/8_b=0.8_c=1L_w=0.1L,facility,success,13.637715202761818,8.589692369157012,0.5876837745354804,105.17783554913102,93.01516772729975,0.13076004826964946,2.4821771064961746,0.0004828992999456426,0.003443699281616974,6992.999999999998,0.30690457635460155,0.32407534501918994,
H3b,L32-exit,3p0kW,Xe2,a=1/8_b=0.8_c=1L_w=0.25L,facility,success,11.306480972120887,8.589692369157012,0.31628473828923626,106.6068867512317,93.01516772729975,0.1461236845132603,2.773820208965702,0.007162523363815098,0.034417156849649876,6992.999999999998,0.3726095570862034,0.40158937667138006,
H3b,L32-exit,3p0kW,Xe2,a=1/8_b=0.97_c=0.9L_w=0.1L,facility,success,10.301933623868743,8.589692369157012,0.19933673769969598,106.06216047346459,93.01516772729975,0.14026736783849894,2.6626515808499653,0.04449232599667638,0.1688110994020765,6992.999999999998,0.4102794136609401,0.4362559284758821,
H3b,L32-exit,3p0kW,Xe2,a=1/8_b=0.97_c=0.9L_w=0.25L,facility,success,7.349539399328901,8.589692369157012,-0.1443768783013843,104.68956503402055,93.01516772729975,0.12551068381608024,2.3825300625960795,0.003139360541481689,0.012732840437373471,249749.99999999994,0.5664694211389942,0.5957798609979174,
H3b,L32-exit,3p0kW,Xe2,a=1/8_b=0.97_c=1.1L_w=0.1L,facility,success,10.180819777318542,8.589692369157012,0.18523683268038643,107.05927597506495,93.01516772729975,0.15098729154517537,2.866144540360244,0.09017005708165243,0.3592004130557514,5993.999999999999,0.41462752620863363,0.44978503819789795,
H3b,L32-exit,3p0kW,Xe2,a=1/8_b=0.97_c=1.1L_w=0.25L,facility,success,7.470877589516157,8.589692369157012,-0.13025085550888646,106.74931594753551,93.01516772729975,0.14765493151075407,2.802887391884846,0.003521376111880178,0.019937053322885347,4994.999999999999,0.5566077736958889,0.6093933789639073,
H3b,L32-exit,3p0kW,Xe2,a=1/8_b=0.97_c=1L_w=0.1L,facility,success,10.241868551696612,8.589692369157012,0.19234404580914508,106.3897148716328,93.01516772729975,0.14378888380381477,2.729499417210825,0.06642548818134703,0.265850491817402,5993.999999999999,0.4121116035525112,0.4415290091718067,
H3b,L32-exit,3p0kW,Xe2,a=1/8_b=0.97_c=1L_w=0.25L,facility,success,7.364229911375222,8.589692369157012,-0.14266662938734043,105.67499685647884,93.01516772729975,0.13610499705053425,2.5836385977916487,0.0012753492513618446,0.011999088686821738,8990.999999999998,0.5642881648925456,0.6058377052534205,
H3b,L32-exit,3p0kW,Xe2,a=1/8_b=0.9_c=0.9L_w=0.1L,facility,success,12.219907790622315,8.589692369157012,0.4226246139501234,105.48326407272555,93.01516772729975,0.13404369040089817,2.5445094582501593,0.0005831485991522514,0.003866091019934034,6992.999999999998,0.34371587819668037,0.3637796006427147,
H3b,L32-exit,3p0kW,Xe2,a=1/8_b=0.9_c=0.9L_w=0.25L,facility,success,9.430230936300555,8.589692369157012,0.097854327142339,105.97938227526541,93.01516772729975,0.1393774248300439,2.6457580710133968,0.3078819416287303,0.9723241591868781,6992.999999999998,0.44385543103978203,0.4758385130554687,
H3b,L32-exit,3p0kW,Xe2,a=1/8_b=0.9_c=1.1L_w=0.1L,facility,success,12.519360203740433,8.589692369157012,0.4574864460447583,106.15361822374064,93.01516772729975,0.14125062414508527,2.681316427845078,0.002340638856220049,0.014440766554975523,6992.999999999998,0.33550707810351826,0.35960574270101614,
H3b,L32-exit,3p0kW,Xe2,a=1/8_b=0.9_c=1.1L_w=0.25L,facility,success,9.501228441481386,8.589692369157012,0.10611975762920502,103.90511444728085,93.01516772729975,0.11707710673497956,2.2224381061185916,0.6690834689995296,2.0855146303124816,5993.999999999999,0.4270316329113831,0.45397636212399195,
H3b,L32-exit,3p0kW,Xe2,a=1/8_b=0.9_c=1L_w=0.1L,facility,success,12.353344183334576,8.589692369157012,0.4381590925993694,105.88502023893784,93.01516772729975,0.13836294473359106,2.6265005125791996,0.00094275848955726,0.006425214927492535,6992.999999999998,0.34010397657692815,0.36259654082986414,
H3b,L32-exit,3p0kW,Xe2,a=1/8_b=0.9_c=1L_w=0.25L,facility,success,9.9075561969926,8.589692369157012,0.15342386795685933,110.23754103537483,93.01516772729975,0.18515661186106047,3.5147700628724645,0.5056043090665299,1.4577349217950553,5993.999999999999,0.4367513883994181,0.49004012339698083,
H3b,L32-exit,3p0kW,Xe3,a=1/16_b=0.8_c=0.9L_w=0.1L,facility,success,8.053627673632135,7.400656215822092,0.08823156200851963,88.22086844324089,95.17124528500324,-0.0730302185386827,-1.41844425342089,2.2816067697689313,13.297993737680766,4994.999999999999,0.45547004135430996,0.3523102688038,
H3b,L32-exit,3p0kW,Xe3,a=1/16_b=0.8_c=0.9L_w=0.25L,facility,success,7.35005493012535,7.400656215822092,-0.0068374052544908255,102.61821769598923,95.17124528500324,0.07824813459869122,1.5197902879563245,2.0574766816781196,8.392615224963402,5993.999999999999,0.608152200737832,0.5223150532413269,
H3b,L32-exit,3p0kW,Xe3,a=1/16_b=0.8_c=1.1L_w=0.1L,facility,success,8.275990911660555,7.400656215822092,0.11827798377758147,88.58347079205451,95.17124528500324,-0.06922021954447208,-1.3444437740711688,2.3026429882613657,11.261440066503814,4994.999999999999,0.478187134921322,0.3456683145850719,
H3b,L32-exit,3p0kW,Xe3,a=1/16_b=0.8_c=1.1L_w=0.25L,facility,success,7.448335925188383,7.400656215822092,0.006442632649839171,113.337883215447,95.17124528500324,0.19088368420567872,3.707477128661989,2.8432951576751218,14.933906461670984,13985.999999999996,0.7158544837062426,0.6287313724539338,
H3b,L32-exit,3p0kW,Xe3,a=1/16_b=0.8_c=1L_w=0.1L,facility,success,8.40820295093119,7.400656215822092,0.1361428913499634,93.76004494354622,95.17124528500324,-0.014828011730129192,-0.2880000696851083,2.3680562566232664,11.818271054573636,4994.999999999999,0.4845746348916167,0.3811593873982537,
H3b,L32-exit,3p0kW,Xe3,a=1/16_b=0.8_c=1L_w=0.25L,facility,success,6.870207526287643,7.400656215822092,-0.07167589928044303,91.46917418806531,95.17124528500324,-0.0388990507148622,-0.7555247136608022,2.5314523892238725,12.640564790069812,4994.999999999999,0.6125745116276431,0.4439702330285644,
H3b,L32-exit,3p0kW,Xe3,a=1/16_b=0.97_c=0.9L_w=0.1L,facility,success,7.082607709018198,7.400656215822092,-0.04297571695384638,93.12877974949734,95.17124528500324,-0.021460952091038314,-0.4168297011236552,2.2304173436884924,11.542820785572975,4994.999999999999,0.5507136672942237,0.4464253313218038,
H3b,L32-exit,3p0kW,Xe3,a=1/16_b=0.97_c=0.9L_w=0.25L,facility,success,5.308333466636069,7.400656215822092,-0.2827212463555302,89.92770211594295,95.17124528500324,-0.05509587642105337,-1.0701108508286319,0.43057749751907665,2.0306771615310586,5993.999999999999,0.7778136456937375,0.5553963069533425,
H3b,L32-exit,3p0kW,Xe3,a=1/16_b=0.97_c=1.1L_w=0.1L,facility,success,6.219717654545469,7.400656215822092,-0.15957214155575264,79.87132909103688,95.17124528500324,-0.16076196279820323,-3.1224318763196663,2.4926087053603982,9.742737241174535,3995.999999999999,0.6203992931812412,0.37392572536960844,
H3b,L32-exit,3p0kW,Xe3,a=1/16_b=0.97_c=1.1L_w=0.25L,facility,success,5.158136828806213,7.400656215822092,-0.3030162895854462,85.98013468396043,95.17124528500324,-0.09657444928369681,-1.8757368573556763,0.7491127350909591,4.252498629577914,4994.999999999999,0.7937223715003681,0.5224895107366426,
H3b,L32-exit,3p0kW,Xe3,a=1/16_b=0.97_c=1L_w=0.1L,facility,success,6.249145737771211,7.400656215822092,-0.15559572617209697,90.19382558869721,95.17124528500324,-0.05229961719425313,-1.01579993802164,1.9657449829349225,7.7755546440594125,4994.999999999999,0.5964812580927585,0.47457751215153066,
H3b,L32-exit,3p0kW,Xe3,a=1/16_b=0.97_c=1L_w=0.25L,facility,success,5.409519937647329,7.400656215822092,-0.2690486113809545,92.74961220971429,95.17124528500324,-0.02544500776507707,-0.49421083169162483,0.3924215129017425,2.066536531995237,5993.999999999999,0.8178374103489707,0.5797485506269651,
H3b,L32-exit,3p0kW,Xe3,a=1/16_b=0.9_c=0.9L_w=0.1L,facility,success,8.88909596473725,7.400656215822092,0.20112267149134364,118.98689099648338,95.17124528500324,0.2502399295098109,4.860335859485741,1.526617532697352,10.246777486335228,4994.999999999999,0.5650971050938767,0.5806505364939567,
H3b,L32-exit,3p0kW,Xe3,a=1/16_b=0.9_c=0.9L_w=0.25L,facility,success,6.573058441694318,7.400656215822092,-0.11182762041539335,102.86429547415443,95.17124528500324,0.08083376618760532,1.5700102426839155,0.8348567275275153,2.696945986345215,6992.999999999998,0.6240519019803566,0.5868620286818121,
H3b,L32-exit,3p0kW,Xe3,a=1/16_b=0.9_c=1.1L_w=0.1L,facility,success,7.938370934820102,7.400656215822092,0.07265770808923848,92.90706216785405,95.17124528500324,-0.023790621950661586,-0.46207818717330523,2.094084586633081,8.108202121218401,4994.999999999999,0.5399599076794558,0.3964060361229368,
H3b,L32-exit,3p0kW,Xe3,a=1/16_b=0.9_c=1.1L_w=0.25L,facility,success,6.350401591253436,7.400656215822092,-0.14191371601930167,91.66543762338553,95.17124528500324,-0.036836837125742136,-0.7154709513505547,2.0523777535005703,8.641384579815327,4994.999999999999,0.6143064729772886,0.4823743810612691,
H3b,L32-exit,3p0kW,Xe3,a=1/16_b=0.9_c=1L_w=0.1L,facility,success,7.974586722236836,7.400656215822092,0.07755129946283952,94.65497889604629,95.17124528500324,-0.005424604747063268,-0.10536048754223495,2.4524065439134297,12.378819173082128,4994.999999999999,0.5336547616741227,0.40959338405692336,
H3b,L32-exit,3p0kW,Xe3,a=1/16_b=0.9_c=1L_w=0.25L,facility,success,6.547335727826541,7.400656215822092,-0.11530335460944818,102.66622647239103,95.17124528500324,0.07875258083408536,1.529587997426078,0.9917268245526877,3.5285074941744785,5993.999999999999,0.6235750176190143,0.5869009073902686,
H3b,L32-exit,3p0kW,Xe3,a=1/32_b=0.8_c=0.9L_w=0.1L,facility,success,5.802266967058331,7.400656215822092,-0.21597939454970436,85.37768970459769,95.17124528500324,-0.10290456483024277,-1.9986848123276635,1.590681913197973,6.317485625503776,4994.999999999999,0.8198722622955208,0.4579997940501618,
H3b,L32-exit,3p0kW,Xe3,a=1/32_b=0.8_c=0.9L_w=0.25L,facility,success,4.738551119680199,7.400656215822092,-0.3597120334343455,70.55588524100946,95.17124528500324,-0.25864282820172985,-5.023542866121179,2.4258420469618382,12.631666699463848,4994.999999999999,0.9346868791510966,0.38299677107193675,
H3b,L32-exit,3p0kW,Xe3,a=1/32_b=0.8_c=1.1L_w=0.1L,facility,success,5.339212803839676,7.400656215822092,-0.2785487329590034,78.71468196596464,95.17124528500324,-0.17291528832849856,-3.358482310007876,1.5213539735722854,6.115255629622315,4994.999999999999,0.8197279116744762,0.42306631898218394,
H3b,L32-exit,3p0kW,Xe3,a=1/32_b=0.8_c=1.1L_w=0.25L,facility,success,4.261931623090404,7.400656215822092,-0.4241143624563065,57.26220238276458,95.17124528500324,-0.3983245442330284,-7.736539367803809,1.9069620750755114,8.302215227316024,4994.999999999999,0.7652088143835455,0.2804812341902156,
H3b,L32-exit,3p0kW,Xe3,a=1/32_b=0.8_c=1L_w=0.1L,facility,success,5.550418060064417,7.400656215822092,-0.2500100128691283,75.5999975837703,95.17124528500324,-0.20564244633580428,-3.9941321839250907,1.4106885511168605,5.579158798222214,4994.999999999999,0.7156908002932456,0.3753980912018933,
H3b,L32-exit,3p0kW,Xe3,a=1/32_b=0.8_c=1L_w=0.25L,facility,success,3.8839674328201377,7.400656215822092,-0.47518607545686514,54.35969424152042,95.17124528500324,-0.42882228682904255,-8.328887968057717,2.308879487917333,13.76084746145693,4994.999999999999,0.9296203735413301,0.2773656167007898,
H3b,L32-exit,3p0kW,Xe3,a=1/32_b=0.97_c=0.9L_w=0.1L,facility,success,4.3628678619879215,7.400656215822092,-0.4104755396338488,62.79596332994469,95.17124528500324,-0.34017924067407507,-6.60720039899154,2.74346125502032,16.261578054364946,8990.999999999998,0.9409468598295728,0.32950771464378315,
H3b,L32-exit,3p0kW,Xe3,a=1/32_b=0.97_c=0.9L_w=0.25L,facility,success,3.5004609811171066,7.400656215822092,-0.5270066762953585,63.07280784508271,95.17124528500324,-0.33727033143043783,-6.550701518351129,3.3272230902926148,19.87424816730183,3995.999999999999,1.0666615599623928,0.4143175039747455,
H3b,L32-exit,3p0kW,Xe3,a=1/32_b=0.97_c=1.1L_w=0.1L,facility,success,5.09868256378799,7.400656215822092,-0.31104993731672625,78.2483527239907,95.17124528500324,-0.1778151847265908,-3.4536515430637826,1.5645238905811882,6.547903799439081,8990.999999999998,0.9209493145749305,0.43779079444033037,
H3b,L32-exit,3p0kW,Xe3,a=1/32_b=0.97_c=1.1L_w=0.25L,facility,success,3.160474442830797,7.400656215822092,-0.572946729227346,50.548630234549655,95.17124528500324,-0.46886656696384604,-9.106656132745629,4.257271303092343,30.96782470660552,6992.999999999998,1.090903106360503,0.2947410951126631,
H3b,L32-exit,3p0kW,Xe3,a=1/32_b=0.97_c=1L_w=0.1L,facility,success,5.021661153958867,7.400656215822092,-0.321457313038957,68.39951370206927,95.17124528500324,-0.2813006334293765,-5.4636186903946875,2.3050191470960586,14.387176104673546,8990.999999999998,0.8763148568071757,0.33965093616054504,
H3b,L32-exit,3p0kW,Xe3,a=1/32_b=0.97_c=1L_w=0.25L,facility,success,3.6348090826822346,7.400656215822092,-0.508853137251361,57.51592984391776,95.17124528500324,-0.3956585345533886,-7.684758253282751,3.6589091632884023,23.529807009458303,3995.999999999999,1.0146930490838606,0.3317942675531714,
H3b,L32-exit,3p0kW,Xe3,a=1/32_b=0.9_c=0.9L_w=0.1L,facility,success,4.990248871492401,7.400656215822092,-0.3257018396796228,68.01167299783124,95.17124528500324,-0.2853758212981134,-5.542769854524898,2.158150689373954,10.23926492532521,4994.999999999999,0.8155962008323799,0.33792389581894766,
H3b,L32-exit,3p0kW,Xe3,a=1/32_b=0.9_c=0.9L_w=0.25L,facility,success,4.081524505801606,7.400656215822092,-0.4484915409155761,69.84981363812291,95.17124528500324,-0.2660617875814471,-5.1676391116082305,2.8327009638891614,16.12127508128912,3995.999999999999,1.1960709731236059,0.4357950444877984,
H3b,L32-exit,3p0kW,Xe3,a=1/32_b=0.9_c=1.1L_w=0.1L,facility,success,5.199344378192364,7.400656215822092,-0.29744819559696284,71.53177141503829,95.17124528500324,-0.248388825838869,-4.824382422441827,1.5004862833581851,5.638184604212976,4994.999999999999,0.7693919430923714,0.358776152883227,
H3b,L32-exit,3p0kW,Xe3,a=1/32_b=0.9_c=1.1L_w=0.25L,facility,success,4.096794843381723,7.400656215822092,-0.44642816475881447,68.9828873849446,95.17124528500324,-0.27517090715408876,-5.344562836746659,2.8783408151734937,17.52439559891152,3995.999999999999,1.0870603550736901,0.4234603120027903,
H3b,L32-exit,3p0kW,Xe3,a=1/32_b=0.9_c=1L_w=0.1L,facility,success,5.059502262793905,7.400656215822092,-0.3163441031111487,66.69732196925389,95.17124528500324,-0.29918620094210513,-5.811004758316194,1.6897167952507448,6.599745452224803,4994.999999999999,0.7442973930214811,0.3205407072767536,
H3b,L32-exit,3p0kW,Xe3,a=1/32_b=0.9_c=1L_w=0.25L,facility,success,3.911501088720706,7.400656215822092,-0.47146564106596567,59.49577106627133,95.17124528500324,-0.3748555996288254,-7.280709024231002,3.092569992172053,22.72876461009583,3995.999999999999,1.0481878486086735,0.3299156608392082,
H3b,L32-exit,3p0kW,Xe3,a=1/8_b=0.8_c=0.9L_w=0.1L,facility,success,13.6993288062442,7.400656215822092,0.8510964983018641,107.45109933214658,95.17124528500324,0.12902903613764477,2.5060926626823132,8.941636553137405e-05,0.0007668128203723184,6992.999999999998,0.29904820512876484,0.307253351651891,
H3b,L32-exit,3p0kW,Xe3,a=1/8_b=0.8_c=0.9L_w=0.25L,facility,success,11.254258606892058,7.400656215822092,0.5207109043697004,108.57360664693756,95.17124528500324,0.1408236418657665,2.7351757881498604,0.009280718106493136,0.05032859351992862,7991.999999999998,0.3656161308927829,0.38186146229537055,
H3b,L32-exit,3p0kW,Xe3,a=1/8_b=0.8_c=1.1L_w=0.1L,facility,success,13.986908549033595,7.400656215822092,0.8899551798029139,107.83897177412987,95.17124528500324,0.133104557486785,2.585250303903394,0.00048033340557098955,0.003324661600448542,6992.999999999998,0.292903159180401,0.303112560801347,
H3b,L32-exit,3p0kW,Xe3,a=1/8_b=0.8_c=1.1L_w=0.25L,facility,success,11.62506961384953,7.400656215822092,0.5708160566891262,109.19336596017331,95.17124528500324,0.1473356856178452,2.861657280646953,0.0045506043973637875,0.025359800314240913,6992.999999999998,0.35415645724069694,0.3739134930559735,
H3b,L32-exit,3p0kW,Xe3,a=1/8_b=0.8_c=1L_w=0.1L,facility,success,13.830690672972084,7.400656215822092,0.8688465278799226,107.6792343617105,95.17124528500324,0.1314261365315792,2.552650831981071,0.0002538958084725009,0.0019953758614933773,6992.999999999998,0.29620744322554177,0.30562877580794834,
H3b,L32-exit,3p0kW,Xe3,a=1/8_b=0.8_c=1L_w=0.25L,facility,success,11.415831772731048,7.400656215822092,0.5425431799310968,109.00527291124932,95.17124528500324,0.14535932134562496,2.823270944131853,0.00576492466403298,0.030714137832254466,6992.999999999998,0.3608590423192257,0.37945619305691314,
H3b,L32-exit,3p0kW,Xe3,a=1/8_b=0.97_c=0.9L_w=0.1L,facility,success,10.42658385137819,7.400656215822092,0.40887288198671806,108.63553319049817,95.17124528500324,0.14147432730520945,2.7478138582642693,0.0007012438304590385,0.004310401252262262,6992.999999999998,0.396472683706068,0.4126443971605406,
H3b,L32-exit,3p0kW,Xe3,a=1/8_b=0.97_c=0.9L_w=0.25L,facility,success,7.44261120221208,7.400656215822092,0.005669090032893447,107.38590588677441,95.17124528500324,0.12834402413452403,2.4927878779124817,0.0027402390496870065,0.019132282052912817,6992.999999999998,0.5475202790235858,0.5648633929103484,
H3b,L32-exit,3p0kW,Xe3,a=1/8_b=0.97_c=1.1L_w=0.1L,facility,success,10.263963735569158,7.400656215822092,0.3868991392446405,109.50569244059726,95.17124528500324,0.15061741719011407,2.925397378692655,0.03401750967819839,0.14277005836456,5993.999999999999,0.4024179617914615,0.4259243554915192,
H3b,L32-exit,3p0kW,Xe3,a=1/8_b=0.97_c=1.1L_w=0.25L,facility,success,7.473469866103639,7.400656215822092,0.00983880998631936,109.2019737857875,95.17124528500324,0.14742613127281595,2.863413979751888,0.010763059652503638,0.0728471583023524,4994.999999999999,0.5434094385575383,0.5817185072018116,
H3b,L32-exit,3p0kW,Xe3,a=1/8_b=0.97_c=1L_w=0.1L,facility,success,10.38667466660669,7.400656215822092,0.4034802271183325,109.43642387607763,95.17124528500324,0.1498895863803754,2.911260936953956,0.00831178002350156,0.042355702444527576,5993.999999999999,0.39856651765385404,0.420360063911281,
H3b,L32-exit,3p0kW,Xe3,a=1/8_b=0.97_c=1L_w=0.25L,facility,success,7.408844893819303,7.400656215822092,0.0011064799875049017,108.22990824289474,95.17124528500324,0.13721227371550665,2.665033256712548,0.002772208331583598,0.017562913136824402,5993.999999999999,0.5482749311165431,0.5763924322381099,
H3b,L32-exit,3p0kW,Xe3,a=1/8_b=0.9_c=0.9L_w=0.1L,facility,success,12.374094177168343,7.400656215822092,0.6720266171415157,107.82810664048702,95.17124528500324,0.132990393448999,2.5830329296905656,0.00026382642855253877,0.002098247805969903,6992.999999999998,0.33178319855040594,0.3425506013859165,
H3b,L32-exit,3p0kW,Xe3,a=1/8_b=0.9_c=0.9L_w=0.25L,facility,success,9.680444960417459,7.400656215822092,0.308052242681039,110.12240522018615,95.17124528500324,0.15709744986954438,3.051257129629165,0.19639419615841763,0.6295478293199649,6992.999999999998,0.42961628324851747,0.4566991981858848,
H3b,L32-exit,3p0kW,Xe3,a=1/8_b=0.9_c=1.1L_w=0.1L,facility,success,12.644940847772393,7.400656215822092,0.7086242731743683,108.5215054318618,95.17124528500324,0.1402761948409878,2.7245428871139907,0.0013910202304330997,0.009808603314956229,6992.999999999998,0.32485715863775405,0.33953848756871974,
H3b,L32-exit,3p0kW,Xe3,a=1/8_b=0.9_c=1.1L_w=0.25L,facility,success,9.838707558462804,7.400656215822092,0.3294371838849002,109.59192580447404,95.17124528500324,0.15152350351501775,2.9429960243817965,0.4430710003477808,1.2806975196548154,5993.999999999999,0.4163099080725597,0.44503406756312086,
H3b,L32-exit,3p0kW,Xe3,a=1/8_b=0.9_c=1L_w=0.1L,facility,success,12.492476879870852,7.400656215822092,0.6880228611569333,108.22126265664551,95.17124528500324,0.13712143129536872,2.663268851355562,0.0005720690231948976,0.0037615253486126157,6992.999999999998,0.3287921707437456,0.3417832942970266,
H3b,L32-exit,3p0kW,Xe3,a=1/8_b=0.9_c=1L_w=0.25L,facility,success,9.786281565711285,7.400656215822092,0.3223532184603968,111.0033325165635,95.17124528500324,0.16635368365885017,3.231038210522503,0.3544498399933757,1.0411168943002935,6992.999999999998,0.42604713055672977,0.45901673558254763,
