hypothesis,registration,point,combo,mode,retcode,Id_A,Id_target_A,Id_err_rel,T_mN,T_target_mN,T_err_rel,T_err_sigma,Id_rms_rel,Id_pp_rel,Id_f_dominant_Hz,current_eff,anode_eff,error
H1,L38-hist,Xe1,c1=1/1000_c2=1/16_lt=0.05L,facility,success,3.416588339775574,7.582322357019064,-0.5494008063884557,26.634082600576278,82.32639228613156,-0.6764818442668116,-11.365777486848016,1.1656905820740693,4.212284612318678,6992.999999999998,1.2058173439937458,0.0899594985054326,
H1,L38-hist,Xe1,c1=1/1000_c2=1/16_lt=0.1L,facility,success,3.1025257943008624,7.582322357019064,-0.5908211695287776,26.193503361184924,82.32639228613156,-0.6818334602815166,-11.455691617336047,1.228859940399166,4.391741503800687,6992.999999999998,1.2099642702060995,0.09581554458960412,
H1,L38-hist,Xe1,c1=1/1000_c2=1/16_lt=0.2L,facility,success,3.277595180985667,7.582322357019064,-0.5677320184162903,31.30809949678246,82.32639228613156,-0.619707621974144,-10.411896487622263,1.2566842023010028,4.236320316552141,6992.999999999998,1.219262850451407,0.12957532111172076,
H1,L38-hist,Xe1,c1=1/1000_c2=1/32_lt=0.05L,facility,success,3.0164600948449403,7.582322357019064,-0.6021720057770216,25.582543268002933,82.32639228613156,-0.6892546538528145,-11.580377350638495,1.1333221547410282,4.11219884518417,5993.999999999999,1.3677829477708694,0.09400566929326466,
H1,L38-hist,Xe1,c1=1/1000_c2=1/32_lt=0.1L,facility,success,3.1213218398243043,7.582322357019064,-0.5883422396391718,27.7494079374968,82.32639228613156,-0.6629342405646581,-11.138160071149949,1.1219222674298603,4.087010604461531,5993.999999999999,1.3094347137601976,0.10688901801849886,
H1,L38-hist,Xe1,c1=1/1000_c2=1/32_lt=0.2L,facility,success,3.2715858839837457,7.582322357019064,-0.5685245588437436,33.07500008128232,82.32639228613156,-0.5982454816393791,-10.051304531601884,1.071244658516167,3.8236833963372305,5993.999999999999,1.400377328635448,0.14487904604658344,
H1,L38-hist,Xe1,c1=1/1000_c2=1/4_lt=0.05L,facility,success,3.4839013741387923,7.582322357019064,-0.5405231787707239,31.69393626041315,82.32639228613156,-0.615020950386621,-10.33315429096294,1.2588821385716804,4.346827661182832,6992.999999999998,1.1981807564775437,0.12492538709466434,
H1,L38-hist,Xe1,c1=1/1000_c2=1/4_lt=0.1L,facility,success,3.5451077951274685,7.582322357019064,-0.5324509262197601,31.750828300233465,82.32639228613156,-0.6143298956927314,-10.321543670591447,1.2672197046809603,4.680553679272471,6992.999999999998,1.1477926928630309,0.12320969122786474,
H1,L38-hist,Xe1,c1=1/1000_c2=1/4_lt=0.2L,facility,success,3.6911013200065725,7.582322357019064,-0.5131964659099902,38.303030668269145,82.32639228613156,-0.5347417807992353,-8.984359513849471,1.273128184875549,4.458099791675291,6992.999999999998,1.1951192936865163,0.1722163995046213,
H1,L38-hist,Xe1,c1=1/1000_c2=1/64_lt=0.05L,facility,success,2.653360088920027,7.582322357019064,-0.6500597094155759,19.775491427473966,82.32639228613156,-0.759791594428883,-12.76548997115461,1.2293014805665585,4.659916897179599,4994.999999999999,1.3917463477377763,0.06385906750711795,
H1,L38-hist,Xe1,c1=1/1000_c2=1/64_lt=0.1L,facility,success,2.637869965440887,7.582322357019064,-0.652102635414996,22.361192666505875,82.32639228613156,-0.7283836684014056,-12.237795840739933,1.1825516675129453,4.08448772363533,4994.999999999999,1.3358417151135138,0.08212979514232115,
H1,L38-hist,Xe1,c1=1/1000_c2=1/64_lt=0.2L,facility,success,2.6703413049354023,7.582322357019064,-0.647820129611948,25.70977960826424,82.32639228613156,-0.6877091429087774,-11.554410750585166,1.0899964962587436,3.7882992462233243,4994.999999999999,1.4122274924809555,0.10724921684027947,
H1,L38-hist,Xe1,c1=1/1000_c2=1/8_lt=0.05L,facility,success,3.444380974260923,7.582322357019064,-0.5457353549374737,26.725897018532905,82.32639228613156,-0.6753665953726595,-11.347039850530335,1.160914899137814,4.494076804199154,6992.999999999998,1.1553706519839884,0.08984989938716215,
H1,L38-hist,Xe1,c1=1/1000_c2=1/8_lt=0.1L,facility,success,3.4149935004423764,7.582322357019064,-0.5496111429130854,29.245579264612147,82.32639228613156,-0.6447605870670619,-10.832818983983552,1.268173787119315,4.651260917999131,6992.999999999998,1.1744889431739796,0.10851624807121575,
H1,L38-hist,Xe1,c1=1/1000_c2=1/8_lt=0.2L,facility,success,3.3504555127422417,7.582322357019064,-0.5581227815194804,33.88407091527657,82.32639228613156,-0.5884178818681872,-9.886188034868365,1.3293251735115927,4.722441586440792,6992.999999999998,1.1516027019006339,0.14847437429914637,
H1,L38-hist,Xe1,c1=1/100_c2=1/16_lt=0.05L,facility,success,4.753352842952302,7.582322357019064,-0.3731006650552049,69.0742055904692,82.32639228613156,-0.16097130370541915,-2.704527897073951,1.4702957203948026,5.378275852023907,5993.999999999999,0.8575841035098137,0.4349065414488015,
H1,L38-hist,Xe1,c1=1/100_c2=1/16_lt=0.1L,facility,success,4.651052752077995,7.582322357019064,-0.3865925856116563,69.69381819382932,82.32639228613156,-0.15344501005700314,-2.5780763453678044,1.5224715234553423,5.614099052874429,5993.999999999999,0.9022080762792787,0.4524821448659532,
H1,L38-hist,Xe1,c1=1/100_c2=1/16_lt=0.2L,facility,success,4.586073167286782,7.582322357019064,-0.3951624645658347,74.05930920759221,82.32639228613156,-0.10041838162671433,-1.6871598119468059,1.5841454452749506,5.909668049784681,5993.999999999999,0.9845709301060995,0.5181822469654632,
H1,L38-hist,Xe1,c1=1/100_c2=1/32_lt=0.05L,facility,success,4.6864425249499675,7.582322357019064,-0.3819251801380271,68.67239268581461,82.32639228613156,-0.16585203385156788,-2.786530530676928,1.9045299005809764,7.956495961818258,4994.999999999999,1.0087394323953607,0.43599876498057705,
H1,L38-hist,Xe1,c1=1/100_c2=1/32_lt=0.1L,facility,success,4.70255416496325,7.582322357019064,-0.379800284986561,66.42272401092043,82.32639228613156,-0.19317824859780972,-3.245646586777781,1.9008275645247708,7.747952466343958,4994.999999999999,0.9446021398176312,0.4065029983294796,
H1,L38-hist,Xe1,c1=1/100_c2=1/32_lt=0.2L,facility,success,4.705797853363357,7.582322357019064,-0.3793724888249926,69.88247312185248,82.32639228613156,-0.1511534614687025,-2.53957533964879,1.9328855635498143,8.306343317473535,4994.999999999999,1.0154589137455794,0.4496426104863355,
H1,L38-hist,Xe1,c1=1/100_c2=1/4_lt=0.05L,facility,success,5.525443105205509,7.582322357019064,-0.27127298932489624,78.68099462022145,82.32639228613156,-0.04427981798643939,-0.7439587073285945,0.9718893659639086,3.329180655139801,7991.999999999998,0.764145413404755,0.48544134977765896,
H1,L38-hist,Xe1,c1=1/100_c2=1/4_lt=0.1L,facility,success,5.557035030460612,7.582322357019064,-0.2671064656969661,82.17807169530825,82.32639228613156,-0.0018016165497428203,-0.030269508331288626,1.0266947617010447,3.4553909598429438,7991.999999999998,0.7953131519599711,0.5265419211834016,
H1,L38-hist,Xe1,c1=1/100_c2=1/4_lt=0.2L,facility,success,5.795948961355659,7.582322357019064,-0.23559713126806503,80.80731698308522,82.32639228613156,-0.018451862894303523,-0.31001536796864215,1.120296359825396,3.8785411107642984,7991.999999999998,0.7312158046536523,0.4881362018536571,
H1,L38-hist,Xe1,c1=1/100_c2=1/64_lt=0.05L,facility,success,4.162641320966502,7.582322357019064,-0.45100707606910356,59.333488370220266,82.32639228613156,-0.27928958475427573,-4.692429370594141,1.1904023278006322,4.3166482040064755,4994.999999999999,1.061683408251973,0.3664333300089983,
H1,L38-hist,Xe1,c1=1/100_c2=1/64_lt=0.1L,facility,success,4.1177480720110955,7.582322357019064,-0.45692785427419375,58.028312768607066,82.32639228613156,-0.2951432565279272,-4.958791738270304,1.3133972830036822,5.05562026835706,4994.999999999999,1.057793641972298,0.3543107337735257,
H1,L38-hist,Xe1,c1=1/100_c2=1/64_lt=0.2L,facility,success,4.10190627200986,7.582322357019064,-0.4590171613829282,55.34863568985109,82.32639228613156,-0.32769268574914895,-5.505664611485809,1.34283896638224,4.999656993375435,4994.999999999999,0.9926737950171312,0.323587922261647,
H1,L38-hist,Xe1,c1=1/100_c2=1/8_lt=0.05L,facility,success,5.24276725885152,7.582322357019064,-0.30855389523261084,82.80775665892331,82.32639228613156,0.0058470237723856015,0.09823762710035791,0.793246887888518,3.184120907373581,7991.999999999998,0.8791797653819495,0.5666901391243565,
H1,L38-hist,Xe1,c1=1/100_c2=1/8_lt=0.1L,facility,success,5.283036490127792,7.582322357019064,-0.3032429589020032,84.01480308364332,82.32639228613156,0.020508742708456772,0.34457363214525555,0.8220472722191784,3.2635041902232533,7991.999999999998,0.8785934384787807,0.5788848886107413,
H1,L38-hist,Xe1,c1=1/100_c2=1/8_lt=0.2L,facility,success,5.586623894397794,7.582322357019064,-0.263204117241708,84.7577925085282,82.32639228613156,0.029533666602881477,0.496204127019723,0.826683218420397,2.80783153164428,7991.999999999998,0.8361376800968802,0.557152437933588,
H1,L38-hist,Xe1,c1=1/160_c2=1/16_lt=0.05L,facility,success,3.3895329557506573,7.582322357019064,-0.5529690250358561,56.87859573482171,82.32639228613156,-0.30910860836539666,-5.193427867614255,2.306615972823494,11.741566254085047,10988.999999999998,1.1624771478616134,0.41354432549106207,
H1,L38-hist,Xe1,c1=1/160_c2=1/16_lt=0.1L,facility,success,3.4032883970285503,7.582322357019064,-0.551154878837606,51.519862087505714,82.32639228613156,-0.3741999296113382,-6.287046979311396,2.412485664292785,12.221562397601776,10988.999999999998,1.0423842039101678,0.33792072325421185,
H1,L38-hist,Xe1,c1=1/160_c2=1/16_lt=0.2L,facility,success,3.836253450375084,7.582322357019064,-0.49405297351624605,56.260732465596206,82.32639228613156,-0.31661365324915725,-5.319522412354153,2.43050461730024,11.912775245909192,10988.999999999998,1.0323099247668182,0.3574931029624619,
H1,L38-hist,Xe1,c1=1/160_c2=1/32_lt=0.05L,facility,success,3.9683377405760445,7.582322357019064,-0.47663294255717076,57.34653349218565,82.32639228613156,-0.30342467464293266,-5.0979303661114095,1.736458012390752,7.09184960160328,4994.999999999999,1.0626874159858737,0.3590623834433674,
H1,L38-hist,Xe1,c1=1/160_c2=1/32_lt=0.1L,facility,success,3.8751914932533946,7.582322357019064,-0.48891760191835226,57.36355177584416,82.32639228613156,-0.3032179574142782,-5.094457246997428,1.7457923209677682,7.010381569215677,4994.999999999999,1.0746816574452978,0.3679112727577128,
H1,L38-hist,Xe1,c1=1/160_c2=1/32_lt=0.2L,facility,success,3.922581285544103,7.582322357019064,-0.48266756531224053,60.99013468726466,82.32639228613156,-0.2591666779799015,-4.354338285483041,1.8276846496631325,7.749851240288475,4994.999999999999,1.1389100337900797,0.410876619006478,
H1,L38-hist,Xe1,c1=1/160_c2=1/4_lt=0.05L,facility,success,4.363139877620507,7.582322357019064,-0.42456418071153534,68.88162655721989,82.32639228613156,-0.1633105175091772,-2.7438297405942196,1.3251845036158687,5.162818734881771,6992.999999999998,0.953331119864313,0.4711637255130671,
H1,L38-hist,Xe1,c1=1/160_c2=1/4_lt=0.1L,facility,success,4.294558118504877,7.582322357019064,-0.433609134999471,69.82912590227738,82.32639228613156,-0.15180145803570488,-2.550462527317179,1.0826433706741692,4.094905361910099,7991.999999999998,0.9486454662193834,0.49194768646676545,
H1,L38-hist,Xe1,c1=1/160_c2=1/4_lt=0.2L,facility,success,4.826131750377081,7.582322357019064,-0.3635021668645541,78.55541956352641,82.32639228613156,-0.045805149696088406,-0.769586269919419,0.9463708988629035,3.5912689680030385,7991.999999999998,0.9640396591403682,0.5540096465868539,
H1,L38-hist,Xe1,c1=1/160_c2=1/64_lt=0.05L,facility,success,3.9346086631872192,7.582322357019064,-0.4810813260207941,52.96114468723899,82.32639228613156,-0.35669299702617174,-5.992907673243381,0.8236191583833815,2.7744798307765657,4994.999999999999,1.0968033601476186,0.30887117354182225,
H1,L38-hist,Xe1,c1=1/160_c2=1/64_lt=0.1L,facility,success,3.969661244567529,7.582322357019064,-0.4764583912878939,54.48184799994326,82.32639228613156,-0.338221359068092,-5.682560058405775,0.8663497824058405,2.9597438204390945,4994.999999999999,1.1531103702365189,0.32397717087890415,
H1,L38-hist,Xe1,c1=1/160_c2=1/64_lt=0.2L,facility,success,4.046179265303439,7.582322357019064,-0.46636675746740924,59.865401156695484,82.32639228613156,-0.2728285608747583,-4.58387574070124,0.9029516624655635,2.996238275034997,4994.999999999999,1.1709475917377132,0.38376986503670746,
H1,L38-hist,Xe1,c1=1/160_c2=1/8_lt=0.05L,facility,success,4.384676791303903,7.582322357019064,-0.42172376946689094,65.95169336014595,82.32639228613156,-0.19889975099448204,-3.341775291017472,0.8377888791749092,3.031024247801736,6992.999999999998,0.9361292132770743,0.42981197540547883,
H1,L38-hist,Xe1,c1=1/160_c2=1/8_lt=0.1L,facility,success,4.276059631519682,7.582322357019064,-0.43604882116871846,66.79144496779946,82.32639228613156,-0.18869947882981714,-3.1703974119045104,1.0382505623063696,4.658455320458676,6992.999999999998,0.9549171791625556,0.4520246522181635,
H1,L38-hist,Xe1,c1=1/160_c2=1/8_lt=0.2L,facility,success,4.385148384423412,7.582322357019064,-0.42166157307147223,67.54988473506627,82.32639228613156,-0.17948688313352082,-3.0156137859316905,1.38621661872939,5.615627445621045,6992.999999999998,0.9770902489592284,0.4508469401561897,
H1,L38-hist,Xe1,c1=1/250_c2=1/16_lt=0.05L,facility,success,3.787046424041523,7.582322357019064,-0.5005426773321237,46.28839644377812,82.32639228613156,-0.4377453553059957,-7.354693029051721,0.8162393863016753,3.4763080474354635,6992.999999999998,0.9710403235389669,0.2451364194232117,
H1,L38-hist,Xe1,c1=1/250_c2=1/16_lt=0.1L,facility,success,4.007761411159434,7.582322357019064,-0.4714335236025158,49.21730151910273,82.32639228613156,-0.4021686101822086,-6.756957299393638,0.7533484670235616,2.6976445933723174,7991.999999999998,1.0044946049297467,0.261877347449769,
H1,L38-hist,Xe1,c1=1/250_c2=1/16_lt=0.2L,facility,success,4.147993708068978,7.582322357019064,-0.4529388869586742,58.201686969134485,82.32639228613156,-0.29303731946797634,-4.92340924836675,0.49145476543794425,2.0616657698659964,6992.999999999998,1.028264984259881,0.3538321180786799,
H1,L38-hist,Xe1,c1=1/250_c2=1/32_lt=0.05L,facility,success,3.8828495650354036,7.582322357019064,-0.48790761165133073,47.02201243408747,82.32639228613156,-0.4288342883937033,-7.204975480008997,0.606243483682897,2.2832965448215163,6992.999999999998,1.0940566195764057,0.24672664583396245,
H1,L38-hist,Xe1,c1=1/250_c2=1/32_lt=0.1L,facility,success,3.8554573136857386,7.582322357019064,-0.4915202582864751,47.588016754541194,82.32639228613156,-0.42195916238931663,-7.089464394202116,0.5188210373014345,1.9168711317888292,6992.999999999998,1.0567072820600827,0.25449749269110716,
H1,L38-hist,Xe1,c1=1/250_c2=1/32_lt=0.2L,facility,success,3.725533248651949,7.582322357019064,-0.5086553864063601,50.74921420806435,82.32639228613156,-0.3835608144751243,-6.444322056748409,0.882459705113339,2.740727539487464,5993.999999999999,1.1075337199478275,0.2995259098612457,
H1,L38-hist,Xe1,c1=1/250_c2=1/4_lt=0.05L,facility,success,3.9907653493132096,7.582322357019064,-0.4736750613591492,53.97398626708994,82.32639228613156,-0.34439024025856374,-5.7862053100084925,1.0636197147162758,3.9449899664810983,7991.999999999998,1.006206899530226,0.3162838314925876,
H1,L38-hist,Xe1,c1=1/250_c2=1/4_lt=0.1L,facility,success,4.02110444858451,7.582322357019064,-0.46967376758096857,53.030669153369715,82.32639228613156,-0.3558484991172984,-5.97871900668609,0.9489015145021935,3.3406750265931557,7991.999999999998,0.983122212511166,0.3030212293533624,
H1,L38-hist,Xe1,c1=1/250_c2=1/4_lt=0.2L,facility,success,4.231872024580162,7.582322357019064,-0.44187653527251347,65.2347938499086,82.32639228613156,-0.20760776661777947,-3.4880813135148894,0.9874342222210307,3.861252338307505,7991.999999999998,1.0628035705900578,0.4357027071285263,
H1,L38-hist,Xe1,c1=1/250_c2=1/64_lt=0.05L,facility,success,3.695838160487359,7.582322357019064,-0.5125717443197243,41.67671261950833,82.32639228613156,-0.4937624319227085,-8.295852993188413,0.6249861376618061,2.4735895497895286,5993.999999999999,1.1777584158450078,0.20362831183314212,
H1,L38-hist,Xe1,c1=1/250_c2=1/64_lt=0.1L,facility,success,3.6940407898899097,7.582322357019064,-0.512808791824805,41.01552047753855,82.32639228613156,-0.5017937827885616,-8.43079016501898,0.6653625792765977,2.5781400153178304,5993.999999999999,1.1498666096979042,0.19731448255274697,
H1,L38-hist,Xe1,c1=1/250_c2=1/64_lt=0.2L,facility,success,3.6532081521755027,7.582322357019064,-0.5181940334159394,40.44344336716563,82.32639228613156,-0.5087426735936466,-8.547540595707332,0.6630731218572052,2.359279216404953,5993.999999999999,1.074966914534869,0.19399298530186665,
H1,L38-hist,Xe1,c1=1/250_c2=1/8_lt=0.05L,facility,success,4.109868666022559,7.582322357019064,-0.457967035361139,50.795756508229196,82.32639228613156,-0.3829954757195635,-6.434823628143338,0.8957944458879908,3.2109505440048447,7991.999999999998,0.9883310151813108,0.2720139124445443,
H1,L38-hist,Xe1,c1=1/250_c2=1/8_lt=0.1L,facility,success,4.176543491186451,7.582322357019064,-0.449173578419524,57.80189398849922,82.32639228613156,-0.29789351405556086,-5.00499965257803,0.8367305043354377,3.028454557374228,7991.999999999998,1.0714429382803552,0.3466022084801506,
H1,L38-hist,Xe1,c1=1/250_c2=1/8_lt=0.2L,facility,success,4.180410644712707,7.582322357019064,-0.4486635561144612,61.00387051663716,82.32639228613156,-0.25899983197838156,-4.351535054998857,0.8015816701602109,3.0605364303362514,7991.999999999998,1.092122342190702,0.38570923013215863,
H1,L38-hist,Xe1,c1=1/500_c2=1/16_lt=0.05L,facility,success,3.4889568063713203,7.582322357019064,-0.5398564394797137,37.565859012646406,82.32639228613156,-0.5436960375709962,-9.13480270887452,1.1512751643406551,4.191165310788258,6992.999999999998,1.2092367458831945,0.17524888000014413,
H1,L38-hist,Xe1,c1=1/500_c2=1/16_lt=0.1L,facility,success,3.5007217812726683,7.582322357019064,-0.538304807361296,40.779648644474804,82.32639228613156,-0.5046588644047213,-8.4789272738075,1.1404007559025564,3.8680618233809883,6992.999999999998,1.2561132076751622,0.20582283600355078,
H1,L38-hist,Xe1,c1=1/500_c2=1/16_lt=0.2L,facility,success,3.718533340659004,7.582322357019064,-0.5095785742719439,43.10351194660352,82.32639228613156,-0.47643142436274843,-8.004669457046539,1.0881407125400226,3.6395804699674597,6992.999999999998,1.1983994277516314,0.2164800248069824,
H1,L38-hist,Xe1,c1=1/500_c2=1/32_lt=0.05L,facility,success,3.259986040623951,7.582322357019064,-0.5700544124708526,30.189687578942785,82.32639228613156,-0.6332927176741056,-10.640143817793625,0.983991003547092,3.4802187356651118,6992.999999999998,1.1488923948837522,0.12113389794302543,
H1,L38-hist,Xe1,c1=1/500_c2=1/32_lt=0.1L,facility,success,3.4007302878227303,7.582322357019064,-0.5514922568974364,36.36764180948942,82.32639228613156,-0.5582505099568684,-9.379336831967782,0.9749511911833847,3.269469021842284,6992.999999999998,1.2857743136621542,0.16850868445712466,
H1,L38-hist,Xe1,c1=1/500_c2=1/32_lt=0.2L,facility,success,3.5427535085323254,7.582322357019064,-0.5327614229889938,39.05127274809336,82.32639228613156,-0.5256530540975519,-8.831657048579222,0.9200916413703578,3.118460158553319,6992.999999999998,1.2287680907966096,0.18650635925063508,
H1,L38-hist,Xe1,c1=1/500_c2=1/4_lt=0.05L,facility,success,3.4053692281513106,7.582322357019064,-0.5508804469386729,35.58544455709989,82.32639228613156,-0.5677516824322874,-9.538968924292178,1.3052158698841367,4.781442426093093,7991.999999999998,1.0690933309043802,0.16111826613328295,
H1,L38-hist,Xe1,c1=1/500_c2=1/4_lt=0.1L,facility,success,3.4233325290573102,7.582322357019064,-0.5485113441677558,38.01441780006182,82.32639228613156,-0.5382474957977041,-9.043260099197905,1.3322050045965927,4.988089614608475,7991.999999999998,1.0440322430038962,0.18289919574281766,
H1,L38-hist,Xe1,c1=1/500_c2=1/4_lt=0.2L,facility,success,3.8132625540480394,7.582322357019064,-0.4970851443004071,55.23040674482838,82.32639228613156,-0.32912878590779304,-5.5297929676128925,1.231863200489075,4.307221960688884,7991.999999999998,1.2901762357993254,0.3465963381422372,
H1,L38-hist,Xe1,c1=1/500_c2=1/64_lt=0.05L,facility,success,2.9690538324085476,7.582322357019064,-0.6084242145600613,28.028569971471164,82.32639228613156,-0.6595433227043915,-11.081188227481713,0.8986263950004247,2.9201438736406584,5993.999999999999,1.2722288951768317,0.11464312202232917,
H1,L38-hist,Xe1,c1=1/500_c2=1/64_lt=0.1L,facility,success,2.984737817341117,7.582322357019064,-0.6063557210043828,32.65265489174613,82.32639228613156,-0.6033756127894032,-10.137497427425597,0.9434635724474439,3.245042777830724,5993.999999999999,1.4172799871962374,0.15477292982818616,
H1,L38-hist,Xe1,c1=1/500_c2=1/64_lt=0.2L,facility,success,3.0662903482122323,7.582322357019064,-0.5956001072186382,30.279142597383505,82.32639228613156,-0.632206127870318,-10.621887691581234,0.9067157083560512,2.8769764229973553,5993.999999999999,1.237599293866919,0.1295501935157697,
H1,L38-hist,Xe1,c1=1/500_c2=1/8_lt=0.05L,facility,success,3.5456870613696037,7.582322357019064,-0.5323745292776545,40.47792808392227,82.32639228613156,-0.5083237955668191,-8.540502898410057,1.241608228003903,4.235937248901861,6992.999999999998,1.1726032196795064,0.2002167197652227,
H1,L38-hist,Xe1,c1=1/500_c2=1/8_lt=0.1L,facility,success,3.4528830236667463,7.582322357019064,-0.5446140560786943,43.54410637013892,82.32639228613156,-0.4710796239096922,-7.914752227753599,1.2834023114850566,4.727205849197117,6992.999999999998,1.2393069008873572,0.23792555678901947,
H1,L38-hist,Xe1,c1=1/500_c2=1/8_lt=0.2L,facility,success,3.403409028203247,7.582322357019064,-0.5511389693089661,40.30133195106516,82.32639228613156,-0.5104688687074389,-8.576542925523754,1.2669048939566718,4.379165813495372,7991.999999999998,1.0936176479895912,0.20677062876606322,
H1,L38-hist,Xe1,c1=1/50_c2=1/16_lt=0.05L,facility,success,6.39358063003947,7.582322357019064,-0.15677805176393722,79.86591696856982,82.32639228613156,-0.029886835184155497,-0.5021378199105601,0.7405840432043521,2.4538588851214476,6992.999999999998,0.6421759853626414,0.4322579740769534,
H1,L38-hist,Xe1,c1=1/50_c2=1/16_lt=0.1L,facility,success,6.420424009253223,7.582322357019064,-0.1532377935224892,85.34622629825304,82.32639228613156,0.03668123827928501,0.6162926555349966,0.7539404392782822,2.4886918467740053,6992.999999999998,0.7045984484913552,0.4915516194769122,
H1,L38-hist,Xe1,c1=1/50_c2=1/16_lt=0.2L,facility,success,6.454596589579017,7.582322357019064,-0.14873091835723584,85.07439791621368,82.32639228613156,0.033379400624422156,0.5608174755269638,0.7773763945036803,2.570985632755455,6992.999999999998,0.6834658662583416,0.4858395431938372,
H1,L38-hist,Xe1,c1=1/50_c2=1/32_lt=0.05L,facility,success,5.3096083235438,7.582322357019064,-0.299738513672052,70.59482451489914,82.32639228613156,-0.14250069079255262,-2.3941975043331474,1.6448602024383845,6.348659898030107,4994.999999999999,0.7680326906664648,0.40667496320738344,
H1,L38-hist,Xe1,c1=1/50_c2=1/32_lt=0.1L,facility,success,5.305272395753851,7.582322357019064,-0.3003103606057207,73.60237007300432,82.32639228613156,-0.10596871757487249,-1.7804126965565785,1.6163550083988196,6.265146259372589,4994.999999999999,0.8192547150355407,0.4424254555453016,
H1,L38-hist,Xe1,c1=1/50_c2=1/32_lt=0.2L,facility,success,5.297986587108696,7.582322357019064,-0.30127125468303595,72.18493787085373,82.32639228613156,-0.12318594479435523,-2.0696845745464962,1.6766830828975359,6.712594410910802,4994.999999999999,0.7917102540606205,0.4261343222319966,
H1,L38-hist,Xe1,c1=1/50_c2=1/4_lt=0.05L,facility,success,7.3304904692630615,7.582322357019064,-0.03321302839662017,93.472706891441,82.32639228613156,0.13539175343150703,2.2747580827162133,2.4992285539833063,12.354581546013327,6992.999999999998,0.6298737027566973,0.5164173222520788,
H1,L38-hist,Xe1,c1=1/50_c2=1/4_lt=0.1L,facility,success,7.15798061564179,7.582322357019064,-0.05596461366278555,91.92023702360318,82.32639228613156,0.1165342543388454,1.9579274974431866,2.5279970169578636,12.489989699538574,6992.999999999998,0.6411863741459897,0.5114414805546732,
H1,L38-hist,Xe1,c1=1/50_c2=1/4_lt=0.2L,facility,success,7.238128941958318,7.582322357019064,-0.045394194397725754,81.98596301268645,82.32639228613156,-0.004135117111192187,-0.06947536192757205,2.3940838716940895,11.756452004422494,6992.999999999998,0.5383346454052876,0.402361931814913,
H1,L38-hist,Xe1,c1=1/50_c2=1/8_lt=0.05L,facility,success,7.055411320591895,7.582322357019064,-0.0694920384042232,90.83476683451944,82.32639228613156,0.10334929434070646,1.73640296905875,2.199092808237133,9.764319048713684,12986.999999999998,0.6386935612800106,0.5066943590516497,
H1,L38-hist,Xe1,c1=1/50_c2=1/8_lt=0.1L,facility,success,7.171046852640686,7.582322357019064,-0.0542413636631598,94.62305649113318,82.32639228613156,0.14936478890346178,2.5095233071431884,2.2276670736198523,9.514047799132003,12986.999999999998,0.654718598463956,0.5409729879861113,
H1,L38-hist,Xe1,c1=1/50_c2=1/8_lt=0.2L,facility,success,7.2269231118881585,7.582322357019064,-0.04687208330069309,87.95918467444133,82.32639228613156,0.06842025056475909,1.149549467001994,2.2855710353076324,10.227872957076798,12986.999999999998,0.617445854895586,0.463845290440293,
H1,L38-hist,Xe2,c1=1/1000_c2=1/16_lt=0.05L,facility,success,3.371736867874389,8.589692369157012,-0.6074670985911815,26.72781452011705,93.01516772729975,-0.7126510097957659,-13.528031266771979,1.2494452871059953,4.309173851370222,6992.999999999998,1.1995981098574187,0.08464715642621874,
H1,L38-hist,Xe2,c1=1/1000_c2=1/16_lt=0.1L,facility,success,3.2985374305957254,8.589692369157012,-0.6159888749404139,32.21917971233993,93.01516772729975,-0.6536137008665129,-12.407344492848942,1.3727201740008763,4.600925891552613,6992.999999999998,1.3110808234810583,0.1257322514040817,
H1,L38-hist,Xe2,c1=1/1000_c2=1/16_lt=0.2L,facility,success,3.3105048212044177,8.589692369157012,-0.6145956480244344,35.603997684354894,93.01516772729975,-0.6172237436722355,-11.716565314886704,1.356682408499839,5.13069408788178,6992.999999999998,1.2988847569473392,0.15298274663572486,
H1,L38-hist,Xe2,c1=1/1000_c2=1/32_lt=0.05L,facility,success,2.9388713916551636,8.589692369157012,-0.6578606933342849,24.66715419540786,93.01516772729975,-0.7348050345108598,-13.94857419018202,1.281487848418592,4.956200271830799,5993.999999999999,1.359304422081834,0.08271736024581758,
H1,L38-hist,Xe2,c1=1/1000_c2=1/32_lt=0.1L,facility,success,2.927226637258289,8.589692369157012,-0.6592163593926745,27.902206374735957,93.01516772729975,-0.7000251995831567,-13.288359459706898,1.301086202673404,4.962397103211295,5993.999999999999,1.4232564434940636,0.10625757372937567,
H1,L38-hist,Xe2,c1=1/1000_c2=1/32_lt=0.2L,facility,success,2.901999596799462,8.589692369157012,-0.6621532562423696,29.374579467483198,93.01516772729975,-0.6841958125194906,-12.987875155064602,1.2665736433860155,4.786361772589553,5993.999999999999,1.390605846055166,0.11879143219413056,
H1,L38-hist,Xe2,c1=1/1000_c2=1/4_lt=0.05L,facility,success,3.5502301010273065,8.589692369157012,-0.5866871654478443,20.219415676948984,93.01516772729975,-0.7826223811558571,-14.856275928643011,1.332188847955091,6.313496240559579,7991.999999999998,1.08947648723577,0.046006569374393985,
H1,L38-hist,Xe2,c1=1/1000_c2=1/4_lt=0.1L,facility,success,3.6633449109126515,8.589692369157012,-0.5735184971156109,24.823718725773677,93.01516772729975,-0.7331218194590432,-13.9166222452094,1.2854034814236448,5.0670469074165165,7991.999999999998,1.1122909222691286,0.0672039845790322,
H1,L38-hist,Xe2,c1=1/1000_c2=1/4_lt=0.2L,facility,success,3.719035008756491,8.589692369157012,-0.5670351336317444,38.24423821804197,93.01516772729975,-0.5888386899417763,-11.177740716175057,1.3733966604447747,4.49713813601762,6992.999999999998,1.101030136491371,0.1571234162605528,
H1,L38-hist,Xe2,c1=1/1000_c2=1/64_lt=0.05L,facility,success,2.564717576808527,8.589692369157012,-0.7014191583836399,18.635968853258035,93.01516772729975,-0.7996459146545363,-15.179428341641165,1.3119981291707759,5.049328072398231,5993.999999999999,1.4133700430173888,0.05410078342283061,
H1,L38-hist,Xe2,c1=1/1000_c2=1/64_lt=0.1L,facility,success,2.596559831598174,8.589692369157012,-0.6977121275120823,22.985759766875535,93.01516772729975,-0.752881596319164,-14.291715910290657,1.2589187031174984,4.709828884249206,5993.999999999999,1.4431118267125587,0.08129400930590062,
H1,L38-hist,Xe2,c1=1/1000_c2=1/64_lt=0.2L,facility,success,2.713661562337484,8.589692369157012,-0.6840793074171758,24.399345592595385,93.01516772729975,-0.7376842273280746,-14.003229007082524,1.1882591821306214,4.4456779534661415,5993.999999999999,1.3046163798692756,0.0876475587325961,
H1,L38-hist,Xe2,c1=1/1000_c2=1/8_lt=0.05L,facility,success,3.569315195320888,8.589692369157012,-0.5844653054005496,27.235761542656146,93.01516772729975,-0.7071901044945114,-13.42436860911094,1.3442818980082267,5.543919715360277,7991.999999999998,1.1767428224095757,0.083029666937132,
H1,L38-hist,Xe2,c1=1/1000_c2=1/8_lt=0.1L,facility,success,3.664598223447919,8.589692369157012,-0.5733725882190631,28.249757739083478,93.01516772729975,-0.6962886975390334,-13.217430609840056,1.2179422052372095,5.025498022586328,7991.999999999998,1.1803381522972556,0.08700460492010811,
H1,L38-hist,Xe2,c1=1/1000_c2=1/8_lt=0.2L,facility,success,3.5785265468804726,8.589692369157012,-0.5833929327050316,39.553161892167154,93.01516772729975,-0.5747665369144049,-10.910613435741345,1.3940018278289836,4.977998244553896,6992.999999999998,1.197799671441891,0.17466155437667144,
H1,L38-hist,Xe2,c1=1/100_c2=1/16_lt=0.05L,facility,success,5.044911790153824,8.589692369157012,-0.41267840880209206,77.11347056281234,93.01516772729975,-0.17095810880121975,-3.2452443192831457,0.5670420519073239,2.495714624010194,7991.999999999998,0.8265363778902017,0.47091884712049614,
H1,L38-hist,Xe2,c1=1/100_c2=1/16_lt=0.1L,facility,success,5.112301532806139,8.589692369157012,-0.40483298899470854,77.7134625297196,93.01516772729975,-0.1645076343080025,-3.1227969790979886,0.5425330979774778,2.4207315001416303,7991.999999999998,0.8093167750112229,0.4719708841292835,
H1,L38-hist,Xe2,c1=1/100_c2=1/16_lt=0.2L,facility,success,5.228954239303551,8.589692369157012,-0.3912524436754982,77.51442077688792,93.01516772729975,-0.16664751920736906,-3.163417744982008,0.5325447916648107,2.516718067407547,7991.999999999998,0.798269138499439,0.45908100266798246,
H1,L38-hist,Xe2,c1=1/100_c2=1/32_lt=0.05L,facility,success,3.9733420615707784,8.589692369157012,-0.5374290613901554,59.65623057120078,93.01516772729975,-0.3586397570544637,-6.807946358387546,1.728758307486019,7.118839235259247,5993.999999999999,0.9710756112457124,0.3578448842804482,
H1,L38-hist,Xe2,c1=1/100_c2=1/32_lt=0.1L,facility,success,3.960808812472433,8.589692369157012,-0.5388881647619304,56.2521982968115,93.01516772729975,-0.39523628596004134,-7.5026468225486225,1.8126297330322858,7.634494032848455,5993.999999999999,0.9020930329453174,0.31917896997606604,
H1,L38-hist,Xe2,c1=1/100_c2=1/32_lt=0.2L,facility,success,4.170747029571147,8.589692369157012,-0.5144474504643451,62.947226901893956,93.01516772729975,-0.323258470205187,-6.136314454164448,1.6862044524269026,7.045648489577053,5993.999999999999,0.9635959290745648,0.37955831139881063,
H1,L38-hist,Xe2,c1=1/100_c2=1/4_lt=0.05L,facility,success,5.675025571878469,8.589692369157012,-0.33932144156224153,88.78614104634485,93.01516772729975,-0.045465989948580074,-0.8630666695826326,1.0966224143522942,3.792360681194381,7991.999999999998,0.806915991097345,0.554960008933954,
H1,L38-hist,Xe2,c1=1/100_c2=1/4_lt=0.1L,facility,success,5.662971573512668,8.589692369157012,-0.34072475123245544,86.06760282189192,93.01516772729975,-0.0746928170443834,-1.4178703888587416,1.2091225125589091,4.504213599740671,7991.999999999998,0.7761923856632695,0.5226057489401367,
H1,L38-hist,Xe2,c1=1/100_c2=1/4_lt=0.2L,facility,success,5.878097832805871,8.589692369157012,-0.31568005230171653,89.19126849445993,93.01516772729975,-0.04111049118409014,-0.7803875985387392,1.3266135122807785,4.663343043076004,7991.999999999998,0.7736557120828689,0.5406883617380025,
H1,L38-hist,Xe2,c1=1/100_c2=1/64_lt=0.05L,facility,success,4.016146377662867,8.589692369157012,-0.5324458426376671,62.1363755482532,93.01516772729975,-0.3319758802088758,-6.301794322254398,1.333919156173054,4.771203511492457,4994.999999999999,1.0725328953579891,0.38407978611501237,
H1,L38-hist,Xe2,c1=1/100_c2=1/64_lt=0.1L,facility,success,4.031042699410572,8.589692369157012,-0.5307116336453646,58.4241934955224,93.01516772729975,-0.3718853072779546,-7.059382496281092,1.374565949841235,5.675562063469913,4994.999999999999,0.9718353570906543,0.3383040553575051,
H1,L38-hist,Xe2,c1=1/100_c2=1/64_lt=0.2L,facility,success,4.025150929615451,8.589692369157012,-0.5313975452638384,59.92492107795756,93.01516772729975,-0.3557510829454783,-6.753111561090243,1.4137939399990254,5.4805623547961915,4994.999999999999,1.0850967832725908,0.3564280891180732,
H1,L38-hist,Xe2,c1=1/100_c2=1/8_lt=0.05L,facility,success,5.490442787524546,8.589692369157012,-0.36081031175935174,95.28763626845404,93.01516772729975,0.024431161031893824,0.4637690900314844,0.8469951098751013,2.908263845385571,7991.999999999998,0.9299317001225642,0.6607008837269187,
H1,L38-hist,Xe2,c1=1/100_c2=1/8_lt=0.1L,facility,success,5.52769514938277,8.589692369157012,-0.35647344377185713,82.46495305277752,93.01516772729975,-0.11342466967810219,-2.1531050356167847,0.8782070462159524,2.9512241770971532,7991.999999999998,0.7686442406119824,0.49151174348059556,
H1,L38-hist,Xe2,c1=1/100_c2=1/8_lt=0.2L,facility,success,5.610095543571887,8.589692369157012,-0.34688050485765426,84.7662849222918,93.01516772729975,-0.08868320088603068,-1.6834454704097879,0.9493652001931094,3.123219613572959,7991.999999999998,0.7797027258948814,0.5116997349211087,
H1,L38-hist,Xe2,c1=1/160_c2=1/16_lt=0.05L,facility,success,4.072679679761087,8.589692369157012,-0.5258643144910697,63.56394238878292,93.01516772729975,-0.31662820223967586,-6.010454150717721,1.519344100152656,5.713643341523983,5993.999999999999,1.0157699047018092,0.3963515376373635,
H1,L38-hist,Xe2,c1=1/160_c2=1/16_lt=0.1L,facility,success,3.9556998396570986,8.589692369157012,-0.5394829442482922,60.02276925081466,93.01516772729975,-0.3546991236226293,-6.733142546221447,1.6811164027615055,6.453125771144911,5993.999999999999,0.9950495378026498,0.36387136301741646,
H1,L38-hist,Xe2,c1=1/160_c2=1/16_lt=0.2L,facility,success,3.8767933178546934,8.589692369157012,-0.5486691314144049,62.93343738600569,93.01516772729975,-0.3234067203908846,-6.13912864108042,1.812550449952933,7.0962768401747205,5993.999999999999,1.08619066837548,0.408159029618986,
H1,L38-hist,Xe2,c1=1/160_c2=1/32_lt=0.05L,facility,success,3.3709138240665064,8.589692369157012,-0.6075629162028621,50.36585866264651,93.01516772729975,-0.45851993934679286,-8.703940625439438,1.72884597783667,6.860269661868413,5993.999999999999,1.049138520771778,0.30065192240420824,
H1,L38-hist,Xe2,c1=1/160_c2=1/32_lt=0.1L,facility,success,3.3391472628125363,8.589692369157012,-0.6112611349386149,47.46464862352791,93.01516772729975,-0.4897106592047016,-9.296024306892212,1.8779998193324763,8.00840296252908,5993.999999999999,0.9876023673150761,0.26955296795078193,
H1,L38-hist,Xe2,c1=1/160_c2=1/32_lt=0.2L,facility,success,3.337359428072213,8.589692369157012,-0.6114692721644303,55.77990590423433,93.01516772729975,-0.4003138706606552,-7.599033025115392,2.0533649551366695,9.286879964292531,5993.999999999999,1.1981640116240178,0.3724703637378429,
H1,L38-hist,Xe2,c1=1/160_c2=1/4_lt=0.05L,facility,success,4.622626072448246,8.589692369157012,-0.4618403228214903,74.8868815081354,93.01516772729975,-0.19489602246713733,-3.6996502488090526,0.8825369100618254,3.2942272067018883,7991.999999999998,0.9236164194006885,0.4846875646964241,
H1,L38-hist,Xe2,c1=1/160_c2=1/4_lt=0.1L,facility,success,4.764023872946329,8.589692369157012,-0.4453789881867599,71.86291244977485,93.01516772729975,-0.22740651653221453,-4.316786791331611,0.8647846010513834,3.109354078755554,7991.999999999998,0.8490622125378569,0.4330867029344636,
H1,L38-hist,Xe2,c1=1/160_c2=1/4_lt=0.2L,facility,success,4.580739941561223,8.589692369157012,-0.46671664773359345,74.68825099372458,93.01516772729975,-0.19703148616906982,-3.740187088484728,1.030015116517856,3.8211617241035016,7991.999999999998,0.8650163348489031,0.48652828398489745,
H1,L38-hist,Xe2,c1=1/160_c2=1/64_lt=0.05L,facility,success,3.6167787265023983,8.589692369157012,-0.5789396673285814,50.99453167767316,93.01516772729975,-0.45176111677637315,-8.575640010127877,1.0301571650363626,3.5297689936722034,4994.999999999999,1.0982487344604623,0.287252902858384,
H1,L38-hist,Xe2,c1=1/160_c2=1/64_lt=0.1L,facility,success,3.7191434740239164,8.589692369157012,-0.5670225062566576,55.08198502419223,93.01516772729975,-0.40781717251017996,-7.741465857777045,0.9879674324512792,3.3061936072658975,4994.999999999999,1.1440973693901626,0.32592328088888334,
H1,L38-hist,Xe2,c1=1/160_c2=1/64_lt=0.2L,facility,success,3.633821075531322,8.589692369157012,-0.5769556208346559,51.86718413596058,93.01516772729975,-0.44237928712848335,-8.397547671701872,1.0674761755707995,3.5110478622318086,4994.999999999999,1.059026703063419,0.29577465239444406,
H1,L38-hist,Xe2,c1=1/160_c2=1/8_lt=0.05L,facility,success,4.318817024372592,8.589692369157012,-0.49720934827885593,71.65249804404581,93.01516772729975,-0.22966866808093753,-4.359728506786518,1.240373612501871,4.618281422798348,6992.999999999998,0.9904084657804947,0.47493810778803475,
H1,L38-hist,Xe2,c1=1/160_c2=1/8_lt=0.1L,facility,success,4.638605267130512,8.589692369157012,-0.45998004727313163,73.68343589652594,93.01516772729975,-0.20783418772570794,-3.9452513940354748,0.738963627259385,3.110547490232526,7991.999999999998,0.9076674748124622,0.4676182708815881,
H1,L38-hist,Xe2,c1=1/160_c2=1/8_lt=0.2L,facility,success,4.7367560726057265,8.589692369157012,-0.4485534674543194,77.33211434939611,93.01516772729975,-0.16860748371580597,-3.200623138347684,0.865367195344964,2.835319213682575,7991.999999999998,0.9209714439181966,0.5044032761955206,
H1,L38-hist,Xe2,c1=1/250_c2=1/16_lt=0.05L,facility,success,4.1013101044062745,8.589692369157012,-0.5225312004033068,55.95608870382096,93.01516772729975,-0.3984197408763263,-7.5630773517303655,0.8347958486707785,3.4887242201448148,6992.999999999998,1.0478662440791995,0.3050080082840949,
H1,L38-hist,Xe2,c1=1/250_c2=1/16_lt=0.1L,facility,success,4.155792862802252,8.589692369157012,-0.5161883936933006,55.034288491903865,93.01516772729975,-0.40832995481712797,-7.751199843958344,0.7014360085378566,2.751261673114451,7991.999999999998,0.9789876660174593,0.29117358236031227,
H1,L38-hist,Xe2,c1=1/250_c2=1/16_lt=0.2L,facility,success,4.148761580448852,8.589692369157012,-0.5170069657737918,64.00302306617638,93.01516772729975,-0.31190767452229595,-5.9208458492088525,0.5711478285832683,2.4066496680622484,6992.999999999998,1.0143606355567223,0.3944769647177528,
H1,L38-hist,Xe2,c1=1/250_c2=1/32_lt=0.05L,facility,success,3.850246340431157,8.589692369157012,-0.5517596934837588,53.16598535777002,93.01516772729975,-0.4284159599255776,-8.13248619786321,0.7260861103204077,2.9180930148552258,5993.999999999999,1.1320159817541557,0.29330425832490714,
H1,L38-hist,Xe2,c1=1/250_c2=1/32_lt=0.1L,facility,success,3.947247584363447,8.589692369157012,-0.5404669440157345,58.31531446465491,93.01516772729975,-0.37305585863562885,-7.0816027066622125,0.5592671908763964,2.210644256297563,5993.999999999999,1.1435254680257843,0.3441993347049682,
H1,L38-hist,Xe2,c1=1/250_c2=1/32_lt=0.2L,facility,success,3.71760340858417,8.589692369157012,-0.5672017985262243,53.52381325067811,93.01516772729975,-0.4245689755933324,-8.059460097269724,0.9418652456733209,3.0663260651627233,5993.999999999999,1.1057748743446163,0.3078719952053038,
H1,L38-hist,Xe2,c1=1/250_c2=1/4_lt=0.05L,facility,success,4.079433633971944,8.589692369157012,-0.525078028565964,53.55677497834027,93.01516772729975,-0.4242146062096336,-8.052733214073363,0.9773197635477562,3.2491299647368086,7991.999999999998,0.9034151613594668,0.28091059051821116,
H1,L38-hist,Xe2,c1=1/250_c2=1/4_lt=0.1L,facility,success,4.101936949423315,8.589692369157012,-0.5224582239810903,56.773714223645285,93.01516772729975,-0.38962950225393916,-7.396215000745809,0.9679223897768087,3.2467788900843746,7991.999999999998,0.9410987119811346,0.31393864867398397,
H1,L38-hist,Xe2,c1=1/250_c2=1/4_lt=0.2L,facility,success,4.132505344646758,8.589692369157012,-0.5188994940627518,70.08152555805603,93.01516772729975,-0.24655809078880753,-4.680335136580354,0.9760423418727621,3.523529676257692,7991.999999999998,1.1148107702987686,0.47482417324376736,
H1,L38-hist,Xe2,c1=1/250_c2=1/64_lt=0.05L,facility,success,3.7883082230403593,8.589692369157012,-0.5589704426851154,43.79401524006708,93.01516772729975,-0.5291733992410613,-10.045133160659729,0.6115736532038486,2.2147847598524937,5993.999999999999,1.0841938217851865,0.2022662273106521,
H1,L38-hist,Xe2,c1=1/250_c2=1/64_lt=0.1L,facility,success,3.662091882738741,8.589692369157012,-0.5736643729072062,44.50656330300441,93.01516772729975,-0.5215128415024959,-9.899715188631701,0.6313962515104505,2.4127369777060332,5993.999999999999,1.1119684416399997,0.21610162588653625,
H1,L38-hist,Xe2,c1=1/250_c2=1/64_lt=0.2L,facility,success,3.7093139382867504,8.589692369157012,-0.5681668470915472,47.36535429119307,93.01516772729975,-0.4907781660937495,-9.316288456348303,0.8071387692734825,2.839694111637488,5993.999999999999,1.1805463035537054,0.2416390609154152,
H1,L38-hist,Xe2,c1=1/250_c2=1/8_lt=0.05L,facility,success,4.12721836125479,8.589692369157012,-0.5195149972920587,61.25914892530049,93.01516772729975,-0.34140688640266725,-6.48082016367332,0.9303185967256437,3.5750200165760733,7991.999999999998,1.0798443315879531,0.36326505421993266,
H1,L38-hist,Xe2,c1=1/250_c2=1/8_lt=0.1L,facility,success,4.084570034065908,8.589692369157012,-0.5244800560340945,59.121879719557874,93.01516772729975,-0.36438452819984835,-6.9169975526003835,0.9448899637889829,3.5476581973771344,7991.999999999998,1.0085455714520672,0.34189226124671046,
H1,L38-hist,Xe2,c1=1/250_c2=1/8_lt=0.2L,facility,success,4.248183154332791,8.589692369157012,-0.5054324448700012,61.908731928483725,93.01516772729975,-0.33442326191372723,-6.348252203840007,0.8765157359823269,3.2475003728412726,7991.999999999998,0.9708720982527945,0.3604456053870413,
H1,L38-hist,Xe2,c1=1/500_c2=1/16_lt=0.05L,facility,success,3.6078777080004123,8.589692369157012,-0.5799759114825567,44.18157780719416,93.01516772729975,-0.5250067393661544,-9.966038759205222,1.2149301478416168,4.220098545056186,6992.999999999998,1.2685240808787368,0.21615723909452117,
H1,L38-hist,Xe2,c1=1/500_c2=1/16_lt=0.1L,facility,success,3.6655615387696154,8.589692369157012,-0.5732604403934721,46.390375303106765,93.01516772729975,-0.501260101587805,-9.515263760039385,1.1716117379092894,4.1148999519908225,6992.999999999998,1.2724642313321888,0.23456024546151608,
H1,L38-hist,Xe2,c1=1/500_c2=1/16_lt=0.2L,facility,success,3.4136586035137357,8.589692369157012,-0.602586628623494,41.98595553054033,93.01516772729975,-0.5486117312217936,-10.414124938114167,1.1921789429201282,4.154233095844902,6992.999999999998,1.141032646884732,0.20631326294492033,
H1,L38-hist,Xe2,c1=1/500_c2=1/32_lt=0.05L,facility,success,3.528416115062259,8.589692369157012,-0.5892267192557752,39.478240979524664,93.01516772729975,-0.5755720067584431,-10.925903417913284,1.0106226329093533,3.5251294214387636,6992.999999999998,1.3208289846975794,0.1764716477713297,
H1,L38-hist,Xe2,c1=1/500_c2=1/32_lt=0.1L,facility,success,3.2751906779074327,8.589692369157012,-0.6187068713115208,35.896811802372284,93.01516772729975,-0.6140757181923928,-11.65680733161785,1.0275628437756217,3.4333622468368414,6992.999999999998,1.1961865962901637,0.15718616473504762,
H1,L38-hist,Xe2,c1=1/500_c2=1/32_lt=0.2L,facility,success,3.3604977984249618,8.589692369157012,-0.6087755353740614,37.537634119284924,93.01516772729975,-0.5964353445092192,-11.32194563428874,1.0573388709231668,3.626102331509144,6992.999999999998,1.143455943814399,0.1675210278426212,
H1,L38-hist,Xe2,c1=1/500_c2=1/4_lt=0.05L,facility,success,3.6024700376082817,8.589692369157012,-0.580605464924022,42.725780705067535,93.01516772729975,-0.5406579190360626,-10.26314020861882,1.35056252442259,4.815704099096677,7991.999999999998,1.1493107903004705,0.20245046899233596,
H1,L38-hist,Xe2,c1=1/500_c2=1/4_lt=0.1L,facility,success,3.792422292279794,8.589692369157012,-0.5584914884848222,45.88152406207104,93.01516772729975,-0.5067307280831264,-9.619110952087492,1.2915601227939846,4.347087111536791,7991.999999999998,1.0916373422564036,0.22176761751132676,
H1,L38-hist,Xe2,c1=1/500_c2=1/4_lt=0.2L,facility,success,3.7617769462099657,8.589692369157012,-0.5620591769133235,48.26272759998935,93.01516772729975,-0.48113056419480776,-9.133151046389878,1.2671998136192413,4.621626238997137,7991.999999999998,1.0796355061478453,0.24738299051387933,
H1,L38-hist,Xe2,c1=1/500_c2=1/64_lt=0.05L,facility,success,3.048548410521699,8.589692369157012,-0.6450922478355436,30.572204102745435,93.01516772729975,-0.6713202281978732,-12.743461964194758,1.0760023300973705,3.7559020787671225,5993.999999999999,1.2747842221896621,0.12248969551255871,
H1,L38-hist,Xe2,c1=1/500_c2=1/64_lt=0.1L,facility,success,3.2827051782553975,8.589692369157012,-0.6178320436663599,36.693678955129585,93.01516772729975,-0.6055086514200837,-11.494181382075544,0.9670658209956008,3.0805343709497905,5993.999999999999,1.3650795290227649,0.1638663513750232,
H1,L38-hist,Xe2,c1=1/500_c2=1/64_lt=0.2L,facility,success,3.238860866565244,8.589692369157012,-0.6229363372552185,37.11038215505014,93.01516772729975,-0.6010287025031261,-11.409139912704003,1.0544742859530252,3.4146982217902973,5993.999999999999,1.3572635698389528,0.16987822380392756,
H1,L38-hist,Xe2,c1=1/500_c2=1/8_lt=0.05L,facility,success,3.3949388756390317,8.589692369157012,-0.6047659532221165,36.24478397651819,93.01516772729975,-0.6103346920495804,-11.585792602200318,1.364224935370752,5.073103670682667,6992.999999999998,1.0545575774683635,0.1545959891200746,
H1,L38-hist,Xe2,c1=1/500_c2=1/8_lt=0.1L,facility,success,3.399129610203973,8.589692369157012,-0.6042780737516026,43.27281897686968,93.01516772729975,-0.5347767462642633,-10.15149974498573,1.3516488010693621,4.661707819697814,6992.999999999998,1.1872189938580573,0.2200907556542713,
H1,L38-hist,Xe2,c1=1/500_c2=1/8_lt=0.2L,facility,success,3.7741861393812424,8.589692369157012,-0.5606145159594768,49.44499415329825,93.01516772729975,-0.46842009361032144,-8.891872157959488,1.234180692157668,4.117987586916336,7991.999999999998,1.1667146381018598,0.2587977491313671,
H1,L38-hist,Xe2,c1=1/50_c2=1/16_lt=0.05L,facility,success,6.638134758850891,8.589692369157012,-0.22719761388819626,92.16209970857692,93.01516772729975,-0.009171278615804372,-0.17409551402506962,0.9012165612153507,2.9031607511549007,6992.999999999998,0.6772625394850234,0.5112081947250505,
H1,L38-hist,Xe2,c1=1/50_c2=1/16_lt=0.1L,facility,success,6.729181771611667,8.589692369157012,-0.21659804770493019,88.3492766393208,93.01516772729975,-0.050162690687806176,-0.9522226710161119,0.8952200159448165,2.8722298793723833,6992.999999999998,0.643884611234861,0.46342865806041184,
H1,L38-hist,Xe2,c1=1/50_c2=1/16_lt=0.2L,facility,success,6.788271749318321,8.589692369157012,-0.20971887495145317,91.74062890431478,93.01516772729975,-0.01370248373600366,-0.26010996387448515,0.9257973253875339,3.190517867366451,6992.999999999998,0.6695308678443282,0.49533995076264525,
H1,L38-hist,Xe2,c1=1/50_c2=1/32_lt=0.05L,facility,success,5.964499928721528,8.589692369157012,-0.3056212408562798,80.4658058181414,93.01516772729975,-0.13491737117488575,-2.561094267175174,1.5634186607496952,5.896727683545873,4994.999999999999,0.754160480329596,0.433698422373593,
H1,L38-hist,Xe2,c1=1/50_c2=1/32_lt=0.1L,facility,success,5.963136126560419,8.589692369157012,-0.3057800128008964,89.86275669936887,93.01516772729975,-0.0338913653004752,-0.6433491893736504,1.5625072673769311,5.857552867728819,4994.999999999999,0.8484678914151635,0.5410331816609789,
H1,L38-hist,Xe2,c1=1/50_c2=1/32_lt=0.2L,facility,success,5.924786409141427,8.589692369157012,-0.31024463339158187,90.98062884336026,93.01516772729975,-0.02187319480952095,-0.4152120171305088,1.567844139828919,5.720177814768406,4994.999999999999,0.8598561269915633,0.5581672107176656,
H1,L38-hist,Xe2,c1=1/50_c2=1/4_lt=0.05L,facility,success,7.166759108181667,8.589692369157012,-0.16565590475447853,91.21390499148612,93.01516772729975,-0.019365258159771904,-0.3676046399619681,2.411516935830344,11.75758663423017,6992.999999999998,0.5884312801208339,0.46380821975494657,
H1,L38-hist,Xe2,c1=1/50_c2=1/4_lt=0.1L,facility,success,7.2997661858673375,8.589692369157012,-0.15017140636158396,88.26756243245022,93.01516772729975,-0.05104119479490143,-0.9688990397652112,2.3264835843287868,11.167386403312944,6992.999999999998,0.5372093306037375,0.4264149941441272,
H1,L38-hist,Xe2,c1=1/50_c2=1/4_lt=0.2L,facility,success,7.041219397422828,8.589692369157012,-0.18027106270933313,86.19041737911044,93.01516772729975,-0.07337244575205196,-1.3928061935080234,2.2917269529085154,10.556724656157042,14984.999999999996,0.5447128641558435,0.42151131888755966,
H1,L38-hist,Xe2,c1=1/50_c2=1/8_lt=0.05L,facility,success,7.264871399628917,8.589692369157012,-0.15423380868506148,91.3257601910765,93.01516772729975,-0.018162710206320754,-0.3447770482088294,2.4258408750882183,11.425029276896455,12986.999999999998,0.5961054960351836,0.45866733427970996,
H1,L38-hist,Xe2,c1=1/50_c2=1/8_lt=0.1L,facility,success,7.266525833386302,8.589692369157012,-0.15404120181553893,92.51931589144208,93.01516772729975,-0.00533087073832313,-0.1011942522158531,2.4250670963705403,11.391437443233013,12986.999999999998,0.6062165740972586,0.47062734142008816,
H1,L38-hist,Xe2,c1=1/50_c2=1/8_lt=0.2L,facility,success,7.25693350549496,8.589692369157012,-0.15515792724400543,94.76596766621005,93.01516772729975,0.01882273592241707,0.3573061099816926,2.411797770198326,11.14645612908402,6992.999999999998,0.625232376781544,0.4944140569079607,
H1,L38-hist,Xe3,c1=1/1000_c2=1/16_lt=0.05L,facility,success,3.6061726099948928,7.400656215822092,-0.5127225877233502,17.006365289859424,95.17124528500324,-0.8213077359770637,-15.952016325539553,1.2489736288326108,5.025005028903921,7991.999999999998,1.1606967205262377,0.029238203773748257,
H1,L38-hist,Xe3,c1=1/1000_c2=1/16_lt=0.1L,facility,success,3.498616718871176,7.400656215822092,-0.5272558788244515,22.18820047892171,95.17124528500324,-0.7668602484660558,-14.894498940016637,1.331001009357729,5.456531948372692,6992.999999999998,1.1678680882853612,0.05130054603548373,
H1,L38-hist,Xe3,c1=1/1000_c2=1/16_lt=0.2L,facility,success,3.336288895920088,7.400656215822092,-0.5491901260340492,34.71936447860785,95.17124528500324,-0.6351906043192354,-12.337118531917426,1.4915979449596242,5.718069446999472,6992.999999999998,1.2195723949771742,0.1317207140780644,
H1,L38-hist,Xe3,c1=1/1000_c2=1/32_lt=0.05L,facility,success,3.244076849281333,7.400656215822092,-0.5616501084936603,15.577965185364837,95.17124528500324,-0.8363164720739494,-16.243526550946612,1.2753931964022638,4.889644906105021,6992.999999999998,1.2657460843509343,0.027271216836889774,
H1,L38-hist,Xe3,c1=1/1000_c2=1/32_lt=0.1L,facility,success,3.3119363223431266,7.400656215822092,-0.5524807225523548,24.662818639035493,95.17124528500324,-0.7408585065249559,-14.389474825707703,1.3114037246038464,4.946069939349161,6992.999999999998,1.2386218276644518,0.06695417033877711,
H1,L38-hist,Xe3,c1=1/1000_c2=1/32_lt=0.2L,facility,success,3.242706226034785,7.400656215822092,-0.5618353114279104,25.099008165521266,95.17124528500324,-0.7362752994314735,-14.30045655499632,1.2852235891889723,4.71649763725276,6992.999999999998,1.2442804102848164,0.0708238785859583,
H1,L38-hist,Xe3,c1=1/1000_c2=1/4_lt=0.05L,facility,success,3.504127476765816,7.400656215822092,-0.5265112478439097,24.301346378053562,95.17124528500324,-0.7446566312621016,-14.463244674887688,1.406816279995369,6.836823945654877,7991.999999999998,1.1985481125665156,0.0614405318926181,
H1,L38-hist,Xe3,c1=1/1000_c2=1/4_lt=0.1L,facility,success,3.60711515402138,7.400656215822092,-0.5125952282029239,24.87594798315454,95.17124528500324,-0.7386190765008892,-14.345979041193612,1.4473541193367512,6.928392242685148,7991.999999999998,1.022318287271643,0.06254224484102018,
H1,L38-hist,Xe3,c1=1/1000_c2=1/4_lt=0.2L,facility,success,3.4050579575082263,7.400656215822092,-0.5398978336233958,28.946320675681683,95.17124528500324,-0.6958501426665377,-13.515290736596233,1.5241346479741162,6.831929273932583,7991.999999999998,1.0405311923362843,0.08970908396258737,
H1,L38-hist,Xe3,c1=1/1000_c2=1/64_lt=0.05L,facility,success,2.994014408986268,7.400656215822092,-0.5954393338005255,15.113972055245,95.17124528500324,-0.841191822067851,-16.338219026481273,1.2081398418295575,5.482871172453148,5993.999999999999,1.3761275815432177,0.027814902125885735,
H1,L38-hist,Xe3,c1=1/1000_c2=1/64_lt=0.1L,facility,success,3.209405533194717,7.400656215822092,-0.5663350060318665,19.09433020665768,95.17124528500324,-0.7993687048070337,-15.525901036397052,1.188090033469334,4.618149374753924,5993.999999999999,1.4264690882310969,0.041415075064130294,
H1,L38-hist,Xe3,c1=1/1000_c2=1/64_lt=0.2L,facility,success,2.972736344741999,7.400656215822092,-0.5983144929247632,27.566064132360825,95.17124528500324,-0.7103530162938343,-13.796975745437225,1.279594556045706,4.83339658384877,5993.999999999999,1.3579148533176026,0.09318957346496749,
H1,L38-hist,Xe3,c1=1/1000_c2=1/8_lt=0.05L,facility,success,3.562365189260633,7.400656215822092,-0.5186419845250287,20.598664738058602,95.17124528500324,-0.7835620971820523,-15.218893989172374,1.407763322638335,5.472556179429188,7991.999999999998,1.0740909759388273,0.04342240686485371,
H1,L38-hist,Xe3,c1=1/1000_c2=1/8_lt=0.1L,facility,success,3.605174884157237,7.400656215822092,-0.5128574035840738,23.91761991006757,95.17124528500324,-0.7486885893061187,-14.541556198966463,1.3752137031316956,6.02526752907085,7991.999999999998,1.1642483053618895,0.057847390872143405,
H1,L38-hist,Xe3,c1=1/1000_c2=1/8_lt=0.2L,facility,success,3.5170860503636994,7.400656215822092,-0.5247602445247475,30.88707654493784,95.17124528500324,-0.6754578922189965,-13.119218110217426,1.4456875425731381,6.1382910615581805,7991.999999999998,1.118944864396984,0.09888827634713934,
H1,L38-hist,Xe3,c1=1/100_c2=1/16_lt=0.05L,facility,success,5.11458640256785,7.400656215822092,-0.30890096048061016,83.90171759473861,95.17124528500324,-0.11841315784527659,-2.2999036102580863,0.6530971752982909,2.663466377847251,7991.999999999998,0.8509499660447971,0.5017707901055787,
H1,L38-hist,Xe3,c1=1/100_c2=1/16_lt=0.1L,facility,success,5.14841554634326,7.400656215822092,-0.30432985992021855,81.71610708043904,95.17124528500324,-0.1413781879628764,-2.745946572360041,0.6817688620142143,2.9846788814316647,7991.999999999998,0.8077066529080527,0.47284188179927006,
H1,L38-hist,Xe3,c1=1/100_c2=1/16_lt=0.2L,facility,success,5.202309315760467,7.400656215822092,-0.2970475638851743,79.5529789067002,95.17124528500324,-0.1641069876886871,-3.187401301694499,0.7337140495331492,2.928739013325344,7991.999999999998,0.7649446411578652,0.44349723355185505,
H1,L38-hist,Xe3,c1=1/100_c2=1/32_lt=0.05L,facility,success,4.560279124274938,7.400656215822092,-0.3838007074932928,74.4407004682457,95.17124528500324,-0.21782361631054756,-4.230723431991337,1.413992210132703,5.3914171909257025,5993.999999999999,0.954582468018474,0.44299994153093625,
H1,L38-hist,Xe3,c1=1/100_c2=1/32_lt=0.1L,facility,success,4.566088331511533,7.400656215822092,-0.38301574909674213,67.69871948905268,95.17124528500324,-0.2886641412926809,-5.606637917540931,1.5092280769267932,6.186645287190241,5993.999999999999,0.8521775104390379,0.3659239134834092,
H1,L38-hist,Xe3,c1=1/100_c2=1/32_lt=0.2L,facility,success,4.594859865407927,7.400656215822092,-0.37912804872837713,68.16340798182782,95.17124528500324,-0.2837814848623319,-5.5118035312602895,1.3320866501057391,4.53742365674804,5993.999999999999,0.81401708465313,0.3686417450848235,
H1,L38-hist,Xe3,c1=1/100_c2=1/4_lt=0.05L,facility,success,5.29735833720817,7.400656215822092,-0.28420424044522113,80.88943471446409,95.17124528500324,-0.1500643448319956,-2.91465521847738,1.5126058672486171,5.615842722079435,7991.999999999998,0.7359763630408431,0.4502963655260568,
H1,L38-hist,Xe3,c1=1/100_c2=1/4_lt=0.1L,facility,success,5.503961833369443,7.400656215822092,-0.25628732468313387,81.66026731604616,95.17124528500324,-0.14196491732872282,-2.7573424426443034,1.4751118169369555,5.336793387723297,7991.999999999998,0.7090473083488873,0.44169285423576776,
H1,L38-hist,Xe3,c1=1/100_c2=1/4_lt=0.2L,facility,success,5.464883920539494,7.400656215822092,-0.2615676554660181,88.1674212481118,95.17124528500324,-0.07359180828114154,-1.4293518442635618,1.4585762569255316,5.255822539312394,8990.999999999998,0.770245811814394,0.5185725545510099,
H1,L38-hist,Xe3,c1=1/100_c2=1/64_lt=0.05L,facility,success,4.00694604428794,7.400656215822092,-0.4585688177595163,65.71365783048603,95.17124528500324,-0.3095219293002048,-6.011752541738208,1.3225275484668622,4.706694402903846,4994.999999999999,1.0769336957110058,0.3928909109678377,
H1,L38-hist,Xe3,c1=1/100_c2=1/64_lt=0.1L,facility,success,4.010724653496278,7.400656215822092,-0.458058240170429,62.23278087274863,95.17124528500324,-0.34609681016168176,-6.722135594337677,1.2954242806903455,4.587736665786261,4994.999999999999,1.0144768767652896,0.35203817472691973,
H1,L38-hist,Xe3,c1=1/100_c2=1/64_lt=0.2L,facility,success,4.005627208618566,7.400656215822092,-0.4587470229930677,64.80824242594034,95.17124528500324,-0.3190354688344863,-6.196531195727123,1.373587147291502,5.344532725152776,4994.999999999999,1.0623831162173218,0.38226466147256694,
H1,L38-hist,Xe3,c1=1/100_c2=1/8_lt=0.05L,facility,success,5.565279277366655,7.400656215822092,-0.24800191833415094,90.18875772598336,95.17124528500324,-0.05235286713018352,-1.0168341957183427,0.9807215949350488,3.196636678576312,7991.999999999998,0.8045792457712853,0.5328341349099056,
H1,L38-hist,Xe3,c1=1/100_c2=1/8_lt=0.1L,facility,success,5.605944091903654,7.400656215822092,-0.24250716038957032,91.84574866714817,95.17124528500324,-0.034942241302994594,-0.6786727791540959,1.022232053310447,3.2999572584870203,7991.999999999998,0.8038229066194139,0.5485845185732113,
H1,L38-hist,Xe3,c1=1/100_c2=1/8_lt=0.2L,facility,success,5.6289155029485185,7.400656215822092,-0.23940319090700557,92.3445933334186,95.17124528500324,-0.029700693136039673,-0.5768677452213559,1.1142829405854722,3.8790880453093326,8990.999999999998,0.8025713337402196,0.5522966502435619,
H1,L38-hist,Xe3,c1=1/160_c2=1/16_lt=0.05L,facility,success,4.400874857375993,7.400656215822092,-0.40533991459200247,73.349046104289,95.17124528500324,-0.2292940385025404,-4.453510036880458,1.1441226045432866,3.8423157169850852,6992.999999999998,0.9850151151707137,0.4456809936592713,
H1,L38-hist,Xe3,c1=1/160_c2=1/16_lt=0.1L,facility,success,4.427107371561612,7.400656215822092,-0.4017952945717487,69.99204111686166,95.17124528500324,-0.26456735007237786,-5.1386130955391005,0.9583912194330578,2.962306576218629,6992.999999999998,0.8838952767054873,0.40341445399233355,
H1,L38-hist,Xe3,c1=1/160_c2=1/16_lt=0.2L,facility,success,4.340299086684039,7.400656215822092,-0.4135251037056985,71.02804707028584,95.17124528500324,-0.2536816466193893,-4.927183309126002,1.3115812911981661,4.786217964695162,6992.999999999998,0.9422297156145744,0.4237544604257684,
H1,L38-hist,Xe3,c1=1/160_c2=1/32_lt=0.05L,facility,success,3.9521896928274085,7.400656215822092,-0.46596766859972505,67.080217447157,95.17124528500324,-0.29516297442282946,-5.732862824050253,1.2962468832333087,4.44618885320031,5993.999999999999,1.11047874524192,0.4150738130690124,
H1,L38-hist,Xe3,c1=1/160_c2=1/32_lt=0.1L,facility,success,3.8981710484927237,7.400656215822092,-0.47326683812731324,61.329477020521814,95.17124528500324,-0.35558816282310535,-6.906483319281923,1.5408928558543498,6.5649947813358285,5993.999999999999,1.0223614232161684,0.3517643500866038,
H1,L38-hist,Xe3,c1=1/160_c2=1/32_lt=0.2L,facility,success,3.9010851456686106,7.400656215822092,-0.47287307612960594,58.79526737562623,95.17124528500324,-0.382216054864515,-7.4236689610973485,1.5983892284011865,6.2932980529062705,5993.999999999999,0.9756244228430399,0.32305279466608583,
H1,L38-hist,Xe3,c1=1/160_c2=1/4_lt=0.05L,facility,success,4.706236905098761,7.400656215822092,-0.36407843198591616,82.8628685410847,95.17124528500324,-0.12932873481963422,-2.5119136212078663,1.4517836794956347,5.590266328893424,7991.999999999998,0.9386524104086734,0.531888174155475,
H1,L38-hist,Xe3,c1=1/160_c2=1/4_lt=0.1L,facility,success,4.463028532622831,7.400656215822092,-0.3969415140401761,78.07371698499732,95.17124528500324,-0.17965014799170745,-3.4892914897971266,1.0031480222410414,3.3813869998343287,8990.999999999998,0.9153789003616215,0.49791388934860803,
H1,L38-hist,Xe3,c1=1/160_c2=1/4_lt=0.2L,facility,success,4.824527126774223,7.400656215822092,-0.3480946842984387,73.32471588995236,95.17124528500324,-0.22954968519775568,-4.458475386745078,1.0554146712524712,3.7916347197641858,8990.999999999998,0.7616486571388937,0.4062751109266985,
H1,L38-hist,Xe3,c1=1/160_c2=1/64_lt=0.05L,facility,success,4.056840886097029,7.400656215822092,-0.4518268694303374,58.55818915346339,95.17124528500324,-0.3847071247402204,-7.472052271742826,1.0220287814712983,3.716696617010724,5993.999999999999,1.0491683192569952,0.3081495190632062,
H1,L38-hist,Xe3,c1=1/160_c2=1/64_lt=0.1L,facility,success,4.106947638300835,7.400656215822092,-0.44505628710053247,60.880047083978226,95.17124528500324,-0.36031049187530706,-6.998203714494901,0.9948970726025542,3.256747532754972,4994.999999999999,1.0787869663798941,0.3290068846112175,
H1,L38-hist,Xe3,c1=1/160_c2=1/64_lt=0.2L,facility,success,4.090490764486904,7.400656215822092,-0.44727999177401095,54.78631524314529,95.17124528500324,-0.42433961981814766,-8.24182245752203,1.038575716182052,3.4387089555169887,5993.999999999999,0.9733711995441664,0.2675118102227394,
H1,L38-hist,Xe3,c1=1/160_c2=1/8_lt=0.05L,facility,success,4.569932840588306,7.400656215822092,-0.38249626690966876,72.50918255899109,95.17124528500324,-0.23811880004456737,-4.624910760410645,0.7413569881346633,3.2285665750412433,7991.999999999998,0.8584284208712019,0.41942121384945247,
H1,L38-hist,Xe3,c1=1/160_c2=1/8_lt=0.1L,facility,success,4.815741013420457,7.400656215822092,-0.3492818916348614,78.64102531566657,95.17124528500324,-0.17368922640273002,-3.3735142794564648,0.7027979897307174,2.4089291621873814,7991.999999999998,0.8954135953327028,0.46817627709664084,
H1,L38-hist,Xe3,c1=1/160_c2=1/8_lt=0.2L,facility,success,4.5594940102537205,7.400656215822092,-0.3839067945750761,78.41953144090677,95.17124528500324,-0.1760165456901524,-3.4187171110400962,0.7718285478184396,2.739167600053809,8990.999999999998,0.8935879547023334,0.49170659011431395,
H1,L38-hist,Xe3,c1=1/250_c2=1/16_lt=0.05L,facility,success,4.096895996452694,7.400656215822092,-0.44641449663695865,60.58100790348838,95.17124528500324,-0.36345260879932484,-7.059232118676503,0.7448340855967115,2.7416318461599958,7991.999999999998,1.0179453617634904,0.32658199850135533,
H1,L38-hist,Xe3,c1=1/250_c2=1/16_lt=0.1L,facility,success,4.100154919388449,7.400656215822092,-0.4459741406954426,61.56597748635608,95.17124528500324,-0.3531031636500249,-6.858217918091257,0.8581746479453574,3.323759019146647,7991.999999999998,1.006987686645435,0.33701985269162443,
H1,L38-hist,Xe3,c1=1/250_c2=1/16_lt=0.2L,facility,success,4.150954874969147,7.400656215822092,-0.43910989053988314,65.87090764780346,95.17124528500324,-0.3078696464405391,-5.979660742285668,0.7292653370218285,3.062387506259448,6992.999999999998,0.996578238078481,0.3810776475823948,
H1,L38-hist,Xe3,c1=1/250_c2=1/32_lt=0.05L,facility,success,3.9733558385042937,7.400656215822092,-0.4631076322651587,59.077429879147694,95.17124528500324,-0.37925126752064353,-7.366084776705214,0.5810925442187544,2.285329509849031,6992.999999999998,1.0278522687971574,0.32022845396126404,
H1,L38-hist,Xe3,c1=1/250_c2=1/32_lt=0.1L,facility,success,4.007183458645202,7.400656215822092,-0.4585367375830645,63.366461397574874,95.17124528500324,-0.33418480332147193,-6.490772221924156,0.5753927572838144,2.091765297737742,5993.999999999999,1.0785914698717758,0.3653035368404335,
H1,L38-hist,Xe3,c1=1/250_c2=1/32_lt=0.2L,facility,success,3.967897949077532,7.400656215822092,-0.46384511949164187,58.67610560643205,95.17124528500324,-0.3834681323048945,-7.447987689504324,0.834715317229217,2.6032610396321063,5993.999999999999,1.0684776932598463,0.3163269992594457,
H1,L38-hist,Xe3,c1=1/250_c2=1/4_lt=0.05L,facility,success,4.338935401436863,7.400656215822092,-0.41370936915560025,64.03059174893207,95.17124528500324,-0.32720653641566055,-6.355235415524729,0.9712926644001801,3.7275995533421487,7991.999999999998,0.9601136234203379,0.3444816073753462,
H1,L38-hist,Xe3,c1=1/250_c2=1/4_lt=0.1L,facility,success,4.360268009063123,7.400656215822092,-0.4108268399576282,77.03257066568524,95.17124528500324,-0.1905898631986928,-3.701770330473062,0.9772390350575181,3.1507503659726295,7991.999999999998,1.0978040231758184,0.4961463376291624,
H1,L38-hist,Xe3,c1=1/250_c2=1/4_lt=0.2L,facility,success,3.8234179919114433,7.400656215822092,-0.483367706807237,56.256591357835575,95.17124528500324,-0.4088908767625394,-7.941766107585238,1.8608798663757358,7.995526451515724,6992.999999999998,0.8727484472460734,0.3017652602025604,
H1,L38-hist,Xe3,c1=1/250_c2=1/64_lt=0.05L,facility,success,3.763266590790563,7.400656215822092,-0.49149555376657567,45.9519985540796,95.17124528500324,-0.517165101533871,-10.044744230800742,0.5696259548123377,3.0054924866699193,6992.999999999998,1.0591848058528472,0.20455872899062874,
H1,L38-hist,Xe3,c1=1/250_c2=1/64_lt=0.1L,facility,success,3.7859750391146885,7.400656215822092,-0.48842711663588223,47.04136425319568,95.17124528500324,-0.5057187272024873,-9.82242470036889,0.5753734160006417,2.4392448340563306,5993.999999999999,1.0097562432779277,0.21308666023403716,
H1,L38-hist,Xe3,c1=1/250_c2=1/64_lt=0.2L,facility,success,3.829997821756946,7.400656215822092,-0.4824786194542215,53.248352646970474,95.17124528500324,-0.44049957014315577,-8.555692375108727,0.6169727528308472,2.41505262363622,5993.999999999999,1.1180716097910914,0.269890761310492,
H1,L38-hist,Xe3,c1=1/250_c2=1/8_lt=0.05L,facility,success,4.071444432145916,7.400656215822092,-0.44985359224747545,60.26796392216558,95.17124528500324,-0.3667418794228765,-7.123118645477073,0.8969490522828301,3.233319459380635,7991.999999999998,0.9647455236383455,0.32523608137250914,
H1,L38-hist,Xe3,c1=1/250_c2=1/8_lt=0.1L,facility,success,4.172813210736655,7.400656215822092,-0.43615632329799775,68.32314268606599,95.17124528500324,-0.28210309236300257,-5.479204612028009,0.8414643593837138,3.3846914175250222,7991.999999999998,1.054945350266331,0.40783164101594066,
H1,L38-hist,Xe3,c1=1/250_c2=1/8_lt=0.2L,facility,success,4.271876761866641,7.400656215822092,-0.42277054395072927,73.2277660452103,95.17124528500324,-0.2305683736099092,-4.478261069345497,0.7932638727091517,2.8265819646177524,7991.999999999998,1.0499389114940982,0.45762216110655474,
H1,L38-hist,Xe3,c1=1/500_c2=1/16_lt=0.05L,facility,success,3.4381691102946856,7.400656215822092,-0.5354237502690481,39.734631011882634,95.17124528500324,-0.5824933162018436,-11.313594749616449,1.359592863918783,4.944955175432302,6992.999999999998,1.102843834653314,0.16741151515913458,
H1,L38-hist,Xe3,c1=1/500_c2=1/16_lt=0.1L,facility,success,3.3682453847992018,7.400656215822092,-0.5448720645071816,42.95826540519638,95.17124528500324,-0.5486213795295837,-10.65571017955242,1.3431195755448462,4.834437667831811,6992.999999999998,1.1832296536060865,0.19973949278225206,
H1,L38-hist,Xe3,c1=1/500_c2=1/16_lt=0.2L,facility,success,3.4292916519248866,7.400656215822092,-0.5366233004320214,44.18810207325098,95.17124528500324,-0.5356990239969678,-10.404723104439237,1.3068286453698015,4.396914608302739,7991.999999999998,1.128592986089011,0.20757759086099656,
H1,L38-hist,Xe3,c1=1/500_c2=1/32_lt=0.05L,facility,success,3.4956830354735056,7.400656215822092,-0.5276522873741958,40.12119658082199,95.17124528500324,-0.5784315266583556,-11.234703817179847,1.1465566428493787,4.025830407578436,6992.999999999998,1.2174553011560056,0.1678764974210008,
H1,L38-hist,Xe3,c1=1/500_c2=1/32_lt=0.1L,facility,success,3.4690510653069224,7.400656215822092,-0.5312508831459661,38.8834652398623,95.17124528500324,-0.5914368344827214,-11.487302050028761,1.1878012491460646,4.128270902203937,6992.999999999998,1.1148169950875868,0.15888885045355833,
H1,L38-hist,Xe3,c1=1/500_c2=1/32_lt=0.2L,facility,success,3.462439683820932,7.400656215822092,-0.5321442338561174,44.92752902487075,95.17124528500324,-0.5279295874470367,-10.253819644924997,1.147097094334637,3.8442045513776355,6992.999999999998,1.2780192719462256,0.2125284342060636,
H1,L38-hist,Xe3,c1=1/500_c2=1/4_lt=0.05L,facility,success,3.747429639028108,7.400656215822092,-0.4936354926180246,48.74259847180667,95.17124528500324,-0.48784322065094,-9.475234043509502,1.419118063078982,5.19984959712996,7991.999999999998,1.1568341520346352,0.2311309266657868,
H1,L38-hist,Xe3,c1=1/500_c2=1/4_lt=0.1L,facility,success,3.7484896285468565,7.400656215822092,-0.49349226349241243,47.77306071841242,95.17124528500324,-0.49803051777509594,-9.673098891140983,1.3799680813504676,4.966303308601553,7991.999999999998,1.0750806273859277,0.22196475090774948,
H1,L38-hist,Xe3,c1=1/500_c2=1/4_lt=0.2L,facility,success,3.7014712690332168,7.400656215822092,-0.49984553246511754,53.3138059206892,95.17124528500324,-0.4398118280260624,-8.542334564145722,1.371223075957114,4.791006069012764,7991.999999999998,1.1361829140991613,0.27994916922859436,
H1,L38-hist,Xe3,c1=1/500_c2=1/64_lt=0.05L,facility,success,3.177909156409451,7.400656215822092,-0.5705908957620136,36.559495142682465,95.17124528500324,-0.615855660675658,-11.961581661698116,1.0668516298496795,3.80803460302504,5993.999999999999,1.3689619850154788,0.15333210354888605,
H1,L38-hist,Xe3,c1=1/500_c2=1/64_lt=0.1L,facility,success,3.170512344577941,7.400656215822092,-0.5715903762966851,34.81464179703939,95.17124528500324,-0.6341894897688666,-12.31767418121711,1.1068161486770034,3.6671486410389273,5993.999999999999,1.2600319997215312,0.13936977733764572,
H1,L38-hist,Xe3,c1=1/500_c2=1/64_lt=0.2L,facility,success,3.166915134946453,7.400656215822092,-0.5720764426030481,36.548591128862206,95.17124528500324,-0.615970233242063,-11.963806970641027,1.1708997321552528,4.218226354036581,5993.999999999999,1.2881378855872163,0.1537726319626307,
H1,L38-hist,Xe3,c1=1/500_c2=1/8_lt=0.05L,facility,success,3.443093594035039,7.400656215822092,-0.5347583385005856,41.0569867415757,95.17124528500324,-0.56859882815839,-11.043726233352558,1.4236600437041058,5.552758158357722,7991.999999999998,1.1130640950436417,0.1784840898164902,
H1,L38-hist,Xe3,c1=1/500_c2=1/8_lt=0.1L,facility,success,3.7495459872090247,7.400656215822092,-0.49334952497958845,49.51697821833761,95.17124528500324,-0.479706521964147,-9.317197360544005,1.3653275416352917,4.57531609724188,7991.999999999998,1.1408185254765975,0.23839864122613982,
H1,L38-hist,Xe3,c1=1/500_c2=1/8_lt=0.2L,facility,success,3.7537150446296295,7.400656215822092,-0.49278618879708996,52.59045502190982,95.17124528500324,-0.4474123474541019,-8.689957196549678,1.2931923310464681,4.30572171392825,7991.999999999998,1.156594088349332,0.2686128274158877,
H1,L38-hist,Xe3,c1=1/50_c2=1/16_lt=0.05L,facility,success,6.596733848392214,7.400656215822092,-0.10862852482069739,92.22530188768357,95.17124528500324,-0.030954133136512414,-0.601212938228504,1.037720915792424,3.715019980675602,6992.999999999998,0.638314222612603,0.4700514546434211,
H1,L38-hist,Xe3,c1=1/50_c2=1/16_lt=0.1L,facility,success,6.530559437803615,7.400656215822092,-0.1175702198081125,95.37293459327542,95.17124528500324,0.0021192252730138235,0.04116108332085235,1.028859195627323,3.729934634871031,6992.999999999998,0.6684478399851019,0.507778253762487,
H1,L38-hist,Xe3,c1=1/50_c2=1/16_lt=0.2L,facility,success,6.481085197000767,7.400656215822092,-0.12425533520329533,84.7976314500758,95.17124528500324,-0.10899945465526117,-2.1170640479443774,1.0775855539180195,3.9275755408577564,6992.999999999998,0.5835890276230402,0.40447706926960336,
H1,L38-hist,Xe3,c1=1/50_c2=1/32_lt=0.05L,facility,success,5.095936649052954,7.400656215822092,-0.31142097397279545,65.82215714845795,95.17124528500324,-0.3083818862373342,-5.989609823784754,1.8493320099141235,7.89470388042989,10988.999999999998,0.6760286114404428,0.30995196510913126,
H1,L38-hist,Xe3,c1=1/50_c2=1/32_lt=0.1L,facility,success,5.103972946005614,7.400656215822092,-0.3103350841924434,78.3690879966165,95.17124528500324,-0.17654657389498685,-3.429011691507498,1.8420015200051127,7.956212092196418,10988.999999999998,0.7877025252696976,0.4386876560712859,
H1,L38-hist,Xe3,c1=1/50_c2=1/32_lt=0.2L,facility,success,5.113502093868011,7.400656215822092,-0.30904747569064267,76.26605244921306,95.17124528500324,-0.19864395783806355,-3.8582026195490173,1.825402527557422,7.769164135008928,10988.999999999998,0.7673382532135595,0.4146849651411916,
H1,L38-hist,Xe3,c1=1/50_c2=1/4_lt=0.05L,facility,success,6.889694366301184,7.400656215822092,-0.06904277602147058,88.22808899479338,95.17124528500324,-0.07295434949303894,-1.4169706714714,2.2939477525255128,10.772782119531433,14984.999999999996,0.5445769634274868,0.411896385539803,
H1,L38-hist,Xe3,c1=1/50_c2=1/4_lt=0.1L,facility,success,7.063073161729306,7.400656215822092,-0.04561528657027162,89.98239513888258,95.17124528500324,-0.054521196298125005,-1.0589490094123806,2.2428971568465497,10.05044993474416,7991.999999999998,0.5331856507683199,0.4179223386159464,
H1,L38-hist,Xe3,c1=1/50_c2=1/4_lt=0.2L,facility,success,8.05530408973638,7.400656215822092,0.08845808463777785,103.45176204871265,95.17124528500324,0.08700649801221229,1.6899013803488574,2.2085074475091266,9.477767024465132,7991.999999999998,0.532985181704627,0.48435973959266293,
H1,L38-hist,Xe3,c1=1/50_c2=1/8_lt=0.05L,facility,success,7.062241698752028,7.400656215822092,-0.045727636469122486,96.03784398535383,95.17124528500324,0.009105677852122723,0.17685687762257002,2.3952657496390017,11.473465304459355,6992.999999999998,0.6151054799983782,0.4761199935757639,
H1,L38-hist,Xe3,c1=1/50_c2=1/8_lt=0.1L,facility,success,7.010360991227547,7.400656215822092,-0.052737921234622606,98.65089267730822,95.17124528500324,0.036561961355919055,0.7101321208785678,2.3880258910891006,11.39208909648826,6992.999999999998,0.637155847267464,0.5060994312541824,
H1,L38-hist,Xe3,c1=1/50_c2=1/8_lt=0.2L,facility,success,7.319090220952707,7.400656215822092,-0.01102145438062681,108.54011805266927,95.17124528500324,0.1404717646346974,2.7283413811563326,2.290843410821534,10.66390181958063,6992.999999999998,0.6889104383431615,0.5868102226351835,
H2,L32-anode,Xe1,c1=1/1000_c2=1/16_lt=0.05L,facility,success,3.3760587952718613,7.582322357019064,-0.5547460743150024,46.12598418247455,82.32639228613156,-0.4397181401784227,-7.387838388501431,1.1973505152021553,4.430496654287706,6992.999999999998,1.2289357770143836,0.2730520777430467,
H2,L32-anode,Xe1,c1=1/1000_c2=1/16_lt=0.1L,facility,success,3.4233038890322502,7.582322357019064,-0.548515121377918,45.15947626878745,82.32639228613156,-0.4514580924203226,-7.5850849014987975,1.22140786445016,4.030570650432904,6992.999999999998,1.1186890909263278,0.2581169562843765,
H2,L32-anode,Xe1,c1=1/1000_c2=1/16_lt=0.2L,facility,success,2.7031779059687744,7.582322357019064,-0.6434894510299467,42.32623308691578,82.32639228613156,-0.48587285423843457,-8.163297795758321,3.0700025421741044,17.150969513777625,4994.999999999999,1.1816210752742708,0.2871499895711016,
H2,L32-anode,Xe1,c1=1/1000_c2=1/32_lt=0.05L,facility,success,3.109794242973562,7.582322357019064,-0.5898625649838296,44.17206668998118,82.32639228613156,-0.46345193244399874,-7.786597060438853,1.2281295633093332,3.880845839059309,5993.999999999999,1.2633623307727224,0.27184914951910716,
H2,L32-anode,Xe1,c1=1/1000_c2=1/32_lt=0.1L,facility,success,3.083266461125381,7.582322357019064,-0.5933612004412926,46.428631768443786,82.32639228613156,-0.43604194864901175,-7.32607357503832,1.457056154859818,5.441537277913013,5993.999999999999,1.217102923765723,0.302917879135568,
H2,L32-anode,Xe1,c1=1/1000_c2=1/32_lt=0.2L,facility,success,2.629821966559315,7.582322357019064,-0.6531640514960629,45.34666937296248,82.32639228613156,-0.44918430027448886,-7.546882227177362,2.064183659193778,9.161178306325432,5993.999999999999,1.2629263927774768,0.33878848109860893,
H2,L32-anode,Xe1,c1=1/1000_c2=1/4_lt=0.05L,facility,success,3.4868074212510676,7.582322357019064,-0.5401399126715735,50.13266750397367,82.32639228613156,-0.39104986734103664,-6.570147914726099,1.630600190252609,5.81039752511063,6992.999999999998,1.070998164591861,0.3123042259800606,
H2,L32-anode,Xe1,c1=1/1000_c2=1/4_lt=0.1L,facility,success,3.221306298800238,7.582322357019064,-0.57515571784966,53.1107858274785,82.32639228613156,-0.35487534006241916,-5.962368665031235,2.8719170285849946,19.546117751407955,10988.999999999998,1.1052765235665927,0.37940026360920476,
H2,L32-anode,Xe1,c1=1/1000_c2=1/4_lt=0.2L,facility,success,2.791301516263105,7.582322357019064,-0.6318672057408431,43.71263599372675,82.32639228613156,-0.4690325328261659,-7.88035842702139,3.779206298978538,24.610315765957484,10988.999999999998,1.1178438520180565,0.2966001982076531,
H2,L32-anode,Xe1,c1=1/1000_c2=1/64_lt=0.05L,facility,success,3.1728941577349294,7.582322357019064,-0.581540587654159,42.04662588995635,82.32639228613156,-0.4892691793924341,-8.220360489015347,1.1624992294661376,3.8922530749522295,5993.999999999999,1.233337014788848,0.2414187027901327,
H2,L32-anode,Xe1,c1=1/1000_c2=1/64_lt=0.1L,facility,success,3.1642331675164987,7.582322357019064,-0.5826828485355383,43.20659685869174,82.32639228613156,-0.4751792753346464,-7.983631719885676,1.18952358536139,4.063890378421872,5993.999999999999,1.212107116835754,0.25562059325978487,
H2,L32-anode,Xe1,c1=1/1000_c2=1/64_lt=0.2L,facility,success,3.169527673012847,7.582322357019064,-0.5819845788963628,41.32090938138401,82.32639228613156,-0.49808429309315433,-8.36846589892807,1.2481130517527745,4.39138548037329,5993.999999999999,1.1428274210515366,0.23340458829371197,
H2,L32-anode,Xe1,c1=1/1000_c2=1/8_lt=0.05L,facility,success,3.4517676617751247,7.582322357019064,-0.5447611563784578,51.937100281001705,82.32639228613156,-0.3691318319829877,-6.20189632757752,1.4004647890901156,5.240393491513796,6992.999999999998,1.245874259089845,0.33859304826072273,
H2,L32-anode,Xe1,c1=1/1000_c2=1/8_lt=0.1L,facility,success,3.727478358540419,7.582322357019064,-0.5083988541993549,58.05729887628042,82.32639228613156,-0.29479116885751633,-4.952876206092069,1.312001309068251,4.6635475258194665,6992.999999999998,1.2547881739170612,0.3917984536392695,
H2,L32-anode,Xe1,c1=1/1000_c2=1/8_lt=0.2L,facility,success,2.8739487578030687,7.582322357019064,-0.6209672152566009,44.295483675157286,82.32639228613156,-0.4619528143392339,-7.761409920606994,3.250363831469139,20.44654802841662,10988.999999999998,1.0982089450506722,0.29580401982444243,
H2,L32-anode,Xe1,c1=1/100_c2=1/16_lt=0.05L,facility,success,5.717164317831655,7.582322357019064,-0.24598770025397373,80.78445459399613,82.32639228613156,-0.018729567145081557,-0.31468116166029086,0.19577733517921647,1.0467569082127872,6992.999999999998,0.7367265863867102,0.49458292135458853,
H2,L32-anode,Xe1,c1=1/100_c2=1/16_lt=0.1L,facility,success,5.8759253628768215,7.582322357019064,-0.22504938642744543,80.28615680199535,82.32639228613156,-0.02478227731691712,-0.4163745885992282,0.4065265882582577,2.1109283633123685,7991.999999999998,0.7011047803367583,0.4753015859437521,
H2,L32-anode,Xe1,c1=1/100_c2=1/16_lt=0.2L,facility,success,5.9349876481497725,7.582322357019064,-0.21725991474687567,82.4756893077999,82.32639228613156,0.0018134770335793088,0.030468779932314356,0.3519238470079905,2.016616403374468,7991.999999999998,0.7008593028042027,0.49658807237011793,
H2,L32-anode,Xe1,c1=1/100_c2=1/32_lt=0.05L,facility,success,4.254236100353141,7.582322357019064,-0.4389270331648543,61.99243267209255,82.32639228613156,-0.24699199186776954,-4.149787676334491,1.9726018333797626,8.388260471481308,5993.999999999999,0.9528947739951271,0.3913992282405981,
H2,L32-anode,Xe1,c1=1/100_c2=1/32_lt=0.1L,facility,success,4.259636395887936,7.582322357019064,-0.43821481133089385,66.07639892062944,82.32639228613156,-0.1973849808579495,-3.316325176633085,1.9799459935667032,8.522860139817523,5993.999999999999,0.9958765637789533,0.44410370800387955,
H2,L32-anode,Xe1,c1=1/100_c2=1/32_lt=0.2L,facility,success,4.312874975266349,7.582322357019064,-0.43119340326201516,59.474279574845944,82.32639228613156,-0.2775794259495956,-4.663696471690941,1.9866335099036072,8.740179139867848,5993.999999999999,0.8819631870832344,0.35534949852974457,
H2,L32-anode,Xe1,c1=1/100_c2=1/4_lt=0.05L,facility,success,6.457652692796079,7.582322357019064,-0.14832786200152281,87.55654042203851,82.32639228613156,0.06352942222621841,1.0673771705932533,2.331384954249578,11.36044203638389,14984.999999999996,0.6823207411322645,0.5143594199585736,
H2,L32-anode,Xe1,c1=1/100_c2=1/4_lt=0.1L,facility,success,6.3761619199897765,7.582322357019064,-0.15907533078077685,82.88222552814904,82.32639228613156,0.006751580223333982,0.11343535551377164,2.622793368159517,12.828064398984768,6992.999999999998,0.6672716881635828,0.46679658101851,
H2,L32-anode,Xe1,c1=1/100_c2=1/4_lt=0.2L,facility,success,6.770463521576935,7.582322357019064,-0.10707258241145333,84.9952770191696,82.32639228613156,0.032418337047518536,0.5446703536812333,2.592903924296612,13.016545134801971,14984.999999999996,0.649003796240049,0.46231222786443,
H2,L32-anode,Xe1,c1=1/100_c2=1/64_lt=0.05L,facility,success,4.293409200211943,7.582322357019064,-0.43376066090919063,65.90409420830831,82.32639228613156,-0.19947792708741954,-3.3514894036373972,1.5371277384824327,6.199324164828094,4994.999999999999,1.1113878607576557,0.4383153738883168,
H2,L32-anode,Xe1,c1=1/100_c2=1/64_lt=0.1L,facility,success,4.291656172937366,7.582322357019064,-0.4339918601634605,65.96809745303122,82.32639228613156,-0.19870049420173608,-3.338427516959251,1.5289488234528799,6.132988070795052,4994.999999999999,1.0806205313248387,0.43934652174834704,
H2,L32-anode,Xe1,c1=1/100_c2=1/64_lt=0.2L,facility,success,4.282638593701636,7.582322357019064,-0.4351811500420928,55.359517358915106,82.32639228613156,-0.3275605085850362,-5.503443862697235,1.5494080241451766,6.291594904270448,4994.999999999999,0.8729563302673633,0.3100540149101828,
H2,L32-anode,Xe1,c1=1/100_c2=1/8_lt=0.05L,facility,success,6.299139766551343,7.582322357019064,-0.1692334525028286,88.64307955050938,82.32639228613156,0.07672736638845663,1.2891198498730256,1.0386126519597156,3.628574498135797,8990.999999999998,0.7036041969064534,0.5404712809853782,
H2,L32-anode,Xe1,c1=1/100_c2=1/8_lt=0.1L,facility,success,6.362443334631211,7.582322357019064,-0.16088461620978087,91.46725632659839,82.32639228613156,0.11103200063349142,1.8654824572381268,1.1245470098433596,3.7477364420785237,8990.999999999998,0.7220082548891725,0.5697332583155035,
H2,L32-anode,Xe1,c1=1/100_c2=1/8_lt=0.2L,facility,success,6.672547482544031,7.582322357019064,-0.11998630915933572,94.34457872008002,82.32639228613156,0.1459821826295795,2.452691108969073,1.0495575378887474,3.7522503016352426,8990.999999999998,0.6721946047503509,0.5779714972626635,
H2,L32-anode,Xe1,c1=1/160_c2=1/16_lt=0.05L,facility,success,4.832871468929184,7.582322357019064,-0.36261329426922523,69.39911787107161,82.32639228613156,-0.1570246679841166,-2.6382192683795807,1.7658173342165022,10.187283456698445,6992.999999999998,0.8748991970426299,0.4317843037138873,
H2,L32-anode,Xe1,c1=1/160_c2=1/16_lt=0.1L,facility,success,4.775689586468405,7.582322357019064,-0.37015476768176686,70.33892664159939,82.32639228613156,-0.14560902417378915,-2.446421560108608,1.8475847125758575,10.180061586050154,6992.999999999998,0.910615109166534,0.44886896446717756,
H2,L32-anode,Xe1,c1=1/160_c2=1/16_lt=0.2L,facility,success,5.209186586512264,7.582322357019064,-0.3129827061902682,79.87264294403461,82.32639228613156,-0.02980513628690011,-0.5007651718565209,0.52512027061475,2.3173110084984607,7991.999999999998,0.833965905864474,0.5306282803606706,
H2,L32-anode,Xe1,c1=1/160_c2=1/32_lt=0.05L,facility,success,4.277417826149114,7.582322357019064,-0.4358696946998768,64.09052325253558,82.32639228613156,-0.22150696182842383,-3.721605925223671,2.2701102261867807,10.364445666603048,10988.999999999998,1.0897884440251986,0.4160735947697676,
H2,L32-anode,Xe1,c1=1/160_c2=1/32_lt=0.1L,facility,success,3.834381863181661,7.582322357019064,-0.49429980913009863,59.25467193727836,82.32639228613156,-0.28024695007483996,-4.7085143569088155,2.3842430390692466,12.240512295050003,10988.999999999998,1.1466084584263168,0.39674734553741814,
H2,L32-anode,Xe1,c1=1/160_c2=1/32_lt=0.2L,facility,success,3.6270495809420904,7.582322357019064,-0.5216439752677517,52.3184729687877,82.32639228613156,-0.36449938451145875,-6.1240651668048685,2.379643324943386,11.52027519381576,10988.999999999998,1.0647748281626443,0.3269797236803019,
H2,L32-anode,Xe1,c1=1/160_c2=1/4_lt=0.05L,facility,success,5.0341770493546685,7.582322357019064,-0.33606396400510996,71.86216647091435,82.32639228613156,-0.12710657572419812,-2.1355562888198407,1.5151855641551626,5.697752970324164,7991.999999999998,0.7690614050864996,0.44446372541251855,
H2,L32-anode,Xe1,c1=1/160_c2=1/4_lt=0.1L,facility,success,5.081805616512181,7.582322357019064,-0.3297824364051363,70.64172791963581,82.32639228613156,-0.14193096578172426,-2.384625380917499,1.7136270057469702,7.123329106369158,7991.999999999998,0.7500510363267234,0.42546983414976025,
H2,L32-anode,Xe1,c1=1/160_c2=1/4_lt=0.2L,facility,success,5.562087710915217,7.582322357019064,-0.266440089326153,81.45148568110945,82.32639228613156,-0.010627291937940228,-0.17855236837185925,1.5316993656706173,5.781319919967493,8990.999999999998,0.768666732565256,0.5168022347011598,
H2,L32-anode,Xe1,c1=1/160_c2=1/64_lt=0.05L,facility,success,3.6960107681290486,7.582322357019064,-0.5125489798376088,60.46955467183108,82.32639228613156,-0.2654900452619787,-4.460579104959281,1.585204693722113,6.318948374634994,4994.999999999999,1.2499360547731135,0.42865165828692237,
H2,L32-anode,Xe1,c1=1/160_c2=1/64_lt=0.1L,facility,success,3.736683546273489,7.582322357019064,-0.507184821440045,53.620148286088074,82.32639228613156,-0.3486882298968328,-5.858417142866016,1.570447177919256,6.599718169930056,4994.999999999999,1.0978459642405414,0.333375666671794,
H2,L32-anode,Xe1,c1=1/160_c2=1/64_lt=0.2L,facility,success,4.092787516540946,7.582322357019064,-0.4602197949613426,56.24363378624457,82.32639228613156,-0.3168213470260473,-5.323011938752447,1.4991840867674835,5.384176902307001,4994.999999999999,1.0258447377951883,0.33488195083347644,
H2,L32-anode,Xe1,c1=1/160_c2=1/8_lt=0.05L,facility,success,5.282740901714927,7.582322357019064,-0.30328194279096843,78.29686556742536,82.32639228613156,-0.048945746398084446,-0.822352391572696,1.050292641168492,3.534757452459861,8990.999999999998,0.8147884918979784,0.5027981113328572,
H2,L32-anode,Xe1,c1=1/160_c2=1/8_lt=0.1L,facility,success,5.37081860302237,7.582322357019064,-0.2916657522413926,81.62658781480683,82.32639228613156,-0.008500366065993982,-0.14281723904586557,1.0869847950467677,3.680567460189543,8990.999999999998,0.8274547705922781,0.5375105535575194,
H2,L32-anode,Xe1,c1=1/160_c2=1/8_lt=0.2L,facility,success,5.453651384683617,7.582322357019064,-0.2807412916657263,79.11850955367888,82.32639228613156,-0.038965423400353236,-0.6546699453985083,1.1753453464133343,3.901920829085714,8990.999999999998,0.7832644155538592,0.4973166703410484,
H2,L32-anode,Xe1,c1=1/250_c2=1/16_lt=0.05L,facility,success,3.321777859838299,7.582322357019064,-0.5619049542567546,48.85588246332786,82.32639228613156,-0.4065586854149327,-6.830716290368102,3.2602816953170306,18.932940929942898,15983.999999999996,1.1171851874537844,0.31133456077466237,
H2,L32-anode,Xe1,c1=1/250_c2=1/16_lt=0.1L,facility,success,3.331339162232876,7.582322357019064,-0.5606439550609441,48.32568119630017,82.32639228613156,-0.41299891985621534,-6.938920630577835,3.2273443958180885,18.939761505365002,10988.999999999998,1.1084908908996909,0.3037395284026758,
H2,L32-anode,Xe1,c1=1/250_c2=1/16_lt=0.2L,facility,success,3.939223478549411,7.582322357019064,-0.4804726978004548,57.69778936073694,82.32639228613156,-0.2991580493384923,-5.026245494978493,2.836867812569438,15.422425925227008,5993.999999999999,1.1135325916365655,0.3661608634312317,
H2,L32-anode,Xe1,c1=1/250_c2=1/32_lt=0.05L,facility,success,3.828442848067932,7.582322357019064,-0.49508308038052645,58.03010145249219,82.32639228613156,-0.2951215297907843,-4.958426700742728,2.2554410326514907,10.601097997662958,4994.999999999999,1.1967004492434319,0.3811085454980162,
H2,L32-anode,Xe1,c1=1/250_c2=1/32_lt=0.1L,facility,success,3.6053710340330665,7.582322357019064,-0.5245030659115247,47.198501877788395,82.32639228613156,-0.42669051118204654,-7.168957226192482,2.442630337772068,12.055966480938784,4994.999999999999,1.0320717236667618,0.2677137381131088,
H2,L32-anode,Xe1,c1=1/250_c2=1/32_lt=0.2L,facility,success,3.688842998636988,7.582322357019064,-0.5134943062369046,56.2289337541193,82.32639228613156,-0.31699990497954267,-5.326011945308624,2.307719081888661,11.428529036005058,10988.999999999998,1.198857572771233,0.37135880060103266,
H2,L32-anode,Xe1,c1=1/250_c2=1/4_lt=0.05L,facility,success,4.6991912203751305,7.582322357019064,-0.3802438093356685,71.71588622497566,82.32639228613156,-0.12888340866776105,-2.1654094002358986,0.8861947177244296,3.590657542980552,8990.999999999998,0.8738169075989384,0.4742112107500639,
H2,L32-anode,Xe1,c1=1/250_c2=1/4_lt=0.1L,facility,success,4.7153013760887506,7.582322357019064,-0.3781191099421236,77.95844941101105,82.32639228613156,-0.05305641063365687,-0.8914169132899014,0.9943959756625759,3.6085964003610913,8990.999999999998,0.9594899986476616,0.5584459230727381,
H2,L32-anode,Xe1,c1=1/250_c2=1/4_lt=0.2L,facility,success,4.805721114332935,7.582322357019064,-0.36619403817826196,73.94001246284265,82.32639228613156,-0.10186745210626279,-1.7115060863854914,1.2601762979694962,4.250239938291574,8990.999999999998,0.860326690825861,0.4929066417642809,
H2,L32-anode,Xe1,c1=1/250_c2=1/64_lt=0.05L,facility,success,3.807618145824032,7.582322357019064,-0.4978295611107505,66.85707800190761,82.32639228613156,-0.18790224926241372,-3.157002915147744,1.3991577335463312,5.080918857783497,4994.999999999999,1.3796036489699166,0.5086342385312227,
H2,L32-anode,Xe1,c1=1/250_c2=1/64_lt=0.1L,facility,success,3.6170862769820546,7.582322357019064,-0.5229579927271667,60.023812235221826,82.32639228613156,-0.270904377461306,-4.551546949165252,1.4599868248955243,5.480598131635152,4994.999999999999,1.272487307010595,0.4315712219793905,
H2,L32-anode,Xe1,c1=1/250_c2=1/64_lt=0.2L,facility,success,3.659474390338069,7.582322357019064,-0.5173676061199849,62.5393847778274,82.32639228613156,-0.24034828879094966,-4.038164797613093,1.4746113342402147,5.259024759260594,10988.999999999998,1.3155006399718066,0.4630764470592661,
H2,L32-anode,Xe1,c1=1/250_c2=1/8_lt=0.05L,facility,success,3.9188308157835223,7.582322357019064,-0.4831621986955217,56.821935239721846,82.32639228613156,-0.30979685053812467,-5.204991233961166,2.9958378617447265,18.84416008455814,5993.999999999999,0.9912626068892944,0.35697657853065584,
H2,L32-anode,Xe1,c1=1/250_c2=1/8_lt=0.1L,facility,success,4.79825811030305,7.582322357019064,-0.36717830179546057,77.90614537536824,82.32639228613156,-0.0536917358822237,-0.9020912062782274,0.21343454617587657,0.9764529581473429,6992.999999999998,0.8824780234088916,0.5480548474480659,
H2,L32-anode,Xe1,c1=1/250_c2=1/8_lt=0.2L,facility,success,4.803842060469272,7.582322357019064,-0.3664418585392526,74.24828755873078,82.32639228613156,-0.09812290449124408,-1.6485928015103632,0.8114465457748631,2.8064218570383455,8990.999999999998,0.8843443042546227,0.4972197358415403,
H2,L32-anode,Xe1,c1=1/500_c2=1/16_lt=0.05L,facility,success,2.9150058714196403,7.582322357019064,-0.6155523685007697,45.25911238709187,82.32639228613156,-0.45024783510747773,-7.564750999804017,3.118876129550781,17.616501512807176,4994.999999999999,1.1778865588622587,0.3044646153130427,
H2,L32-anode,Xe1,c1=1/500_c2=1/16_lt=0.1L,facility,success,2.917777941732366,7.582322357019064,-0.6151867720275257,44.54719827214346,82.32639228613156,-0.4588952942658251,-7.710039594691447,3.1770382992883133,18.017561532119505,4994.999999999999,1.1782490530679497,0.2946814164298366,
H2,L32-anode,Xe1,c1=1/500_c2=1/16_lt=0.2L,facility,success,2.920511298494258,7.582322357019064,-0.6148262813185859,45.173279993361035,82.32639228613156,-0.4512904217112064,-7.582267814851127,3.2587462054985727,18.96472928311452,4994.999999999999,1.2321828194912452,0.3027391280328373,
H2,L32-anode,Xe1,c1=1/500_c2=1/32_lt=0.05L,facility,success,3.2886849960882727,7.582322357019064,-0.5662694302301867,46.755738053015634,82.32639228613156,-0.43206866285950496,-7.259317190431822,1.7878371748448183,7.348775018903984,10988.999999999998,1.090438098458048,0.28801277544159737,
H2,L32-anode,Xe1,c1=1/500_c2=1/32_lt=0.1L,facility,success,3.1962867579813183,7.582322357019064,-0.5784554378616639,53.94345896943652,82.32639228613156,-0.344761048413831,-5.79243537075409,2.0036519736363645,8.710946092429177,10988.999999999998,1.221227392563354,0.3944537069413051,
H2,L32-anode,Xe1,c1=1/500_c2=1/32_lt=0.2L,facility,success,2.810524848795864,7.582322357019064,-0.6293319227988083,42.856607883264516,82.32639228613156,-0.4794305119758782,-8.055058041401438,2.1608567660398403,11.064044614380377,10988.999999999998,1.2320208339360341,0.2831472533329088,
H2,L32-anode,Xe1,c1=1/500_c2=1/4_lt=0.05L,facility,success,3.5533766802260454,7.582322357019064,-0.5313603784021879,55.820906683316764,82.32639228613156,-0.3219561171913497,-5.409282776084653,3.2022909202958303,20.298234055782107,10988.999999999998,1.0695468308539982,0.3799414889204804,
H2,L32-anode,Xe1,c1=1/500_c2=1/4_lt=0.1L,facility,success,3.5672561383721844,7.582322357019064,-0.5295298761506856,53.3139142574469,82.32639228613156,-0.35240798513130045,-5.920913883405031,3.284399735065246,20.53650756257316,10988.999999999998,1.034137921905744,0.34523199660003745,
H2,L32-anode,Xe1,c1=1/500_c2=1/4_lt=0.2L,facility,success,3.61472250608569,7.582322357019064,-0.5232697403402415,60.32946964136899,82.32639228613156,-0.26719162632938676,-4.489167886686238,3.528567736614121,21.61469486172009,16982.999999999996,1.2117581762671585,0.4362628651510359,
H2,L32-anode,Xe1,c1=1/500_c2=1/64_lt=0.05L,facility,success,3.1281570094044073,7.582322357019064,-0.587440778416836,41.70093161915535,82.32639228613156,-0.49346824923141747,-8.290910340199225,1.2832836301094266,4.4437890681714745,5993.999999999999,1.163288314854603,0.24086137829166038,
H2,L32-anode,Xe1,c1=1/500_c2=1/64_lt=0.1L,facility,success,2.972180766810816,7.582322357019064,-0.6080118165828935,36.544299844511684,82.32639228613156,-0.5561046849046996,-9.343284171759157,1.345189087382958,4.725024532640982,5993.999999999999,1.015451449893286,0.19468310636795957,
H2,L32-anode,Xe1,c1=1/500_c2=1/64_lt=0.2L,facility,success,3.116001755989058,7.582322357019064,-0.5890438826958431,47.10783017236311,82.32639228613156,-0.42779187980646227,-7.187461655871112,1.3021333221855673,4.326634787328313,5993.999999999999,1.2044743654268624,0.3085692914097364,
H2,L32-anode,Xe1,c1=1/500_c2=1/8_lt=0.05L,facility,success,2.956872154260216,7.582322357019064,-0.6100308038838527,47.12260782415278,82.32639228613156,-0.42761237902452215,-7.184445808567098,3.436152039019626,21.611813633813494,4994.999999999999,1.1459623501577905,0.3253795706743895,
H2,L32-anode,Xe1,c1=1/500_c2=1/8_lt=0.1L,facility,success,2.9636790681495166,7.582322357019064,-0.609133069183481,44.6622331911139,82.32639228613156,-0.45749799121663254,-7.686563080615849,3.5210597470341343,21.883545668176684,4994.999999999999,1.0949582151583888,0.291617707986484,
H2,L32-anode,Xe1,c1=1/500_c2=1/8_lt=0.2L,facility,success,3.267904582779967,7.582322357019064,-0.5690100698825049,53.537437780873596,82.32639228613156,-0.34969289562938444,-5.875296837807747,3.4908970172331486,20.91966711057273,10988.999999999998,1.233863810057217,0.3800230975047901,
H2,L32-anode,Xe1,c1=1/50_c2=1/16_lt=0.05L,facility,success,7.714927174406704,7.582322357019064,0.017488681058895603,91.8084934487436,82.32639228613156,0.11517693049947199,1.9351226862473552,1.3874863686260743,4.882226954348178,6992.999999999998,0.5853291401377928,0.47336711742125076,
H2,L32-anode,Xe1,c1=1/50_c2=1/16_lt=0.1L,facility,success,7.233167401064684,7.582322357019064,-0.04604855076244053,96.21937865517464,82.32639228613156,0.16875495188416556,2.835303340621034,1.5051850755591278,5.628058179082292,6992.999999999998,0.6772352068187335,0.5545756224918045,
H2,L32-anode,Xe1,c1=1/50_c2=1/16_lt=0.2L,facility,success,7.389581833264298,7.582322357019064,-0.02541972164719993,88.44423286021404,82.32639228613156,0.07431202077724311,1.2485388926698928,1.6644515298326397,6.672713795822193,6992.999999999998,0.6022637520429385,0.45865208409528246,
H2,L32-anode,Xe1,c1=1/50_c2=1/32_lt=0.05L,facility,success,5.718885380005524,7.582322357019064,-0.24576071673984282,76.79828881242669,82.32639228613156,-0.0671486180821763,-1.1281843823887494,1.636741037548287,6.394037580729847,4994.999999999999,0.7842589851282304,0.44684395791086545,
H2,L32-anode,Xe1,c1=1/50_c2=1/32_lt=0.1L,facility,success,5.725816312495333,7.582322357019064,-0.24484662575775837,66.52304851377143,82.32639228613156,-0.19195962963413268,-3.2251721984408426,1.6345830162592103,6.402028109456165,4994.999999999999,0.6554258812507074,0.3348660122384253,
H2,L32-anode,Xe1,c1=1/50_c2=1/32_lt=0.2L,facility,success,5.744779716283712,7.582322357019064,-0.24234562370383958,71.04887757658703,82.32639228613156,-0.13698541131680697,-2.301533614192762,1.6315710103233552,6.408945900405144,4994.999999999999,0.7248763461821849,0.3807196196820001,
H2,L32-anode,Xe1,c1=1/50_c2=1/4_lt=0.05L,facility,success,8.850517932155304,7.582322357019064,0.1672568792808253,99.91459988484894,82.32639228613156,0.2136399653902996,3.589430122187219,2.466968221672629,12.16651039489056,6992.999999999998,0.5053796791176504,0.4887124650892208,
H2,L32-anode,Xe1,c1=1/50_c2=1/4_lt=0.1L,facility,success,8.864995048464824,7.582322357019064,0.16916620410610367,95.3316334775726,82.32639228613156,0.1579717127192983,2.6541308553961285,2.4691715850963805,12.174530441534255,6992.999999999998,0.4795713609798776,0.444180785030994,
H2,L32-anode,Xe1,c1=1/50_c2=1/4_lt=0.2L,facility,success,9.361938198604692,7.582322357019064,0.23470590642169317,100.82471695315084,82.32639228613156,0.2246949508333484,3.77516829939169,1.6040901862041461,6.084276394045025,8990.999999999998,0.4494219700678959,0.47047055593501136,
H2,L32-anode,Xe1,c1=1/50_c2=1/8_lt=0.05L,facility,success,7.882187508822507,7.582322357019064,0.03954792973499125,83.57820353761495,82.32639228613156,0.01520546712568955,0.25547168397620307,2.251769775171854,10.152238455997987,6992.999999999998,0.5049007426973993,0.38397548487973104,
H2,L32-anode,Xe1,c1=1/50_c2=1/8_lt=0.1L,facility,success,7.9838925621821,7.582322357019064,0.05296137334378788,88.90991319601723,82.32639228613156,0.07996853411241611,1.343575695895033,2.2612546835108343,10.152039355506743,6992.999999999998,0.5261963493016185,0.4289926820891693,
H2,L32-anode,Xe1,c1=1/50_c2=1/8_lt=0.2L,facility,success,8.13718624437551,7.582322357019064,0.07317862011535302,90.54676436312397,82.32639228613156,0.0998509936937584,1.6776269544882452,2.261291878872186,10.102149494610295,6992.999999999998,0.519443112017843,0.43655182746478266,
H2,L32-anode,Xe2,c1=1/1000_c2=1/16_lt=0.05L,facility,success,3.5075652416744942,8.589692369157012,-0.5916541488413368,47.46259374850277,93.01516772729975,-0.4897327510320384,-9.29644366914224,1.2675957506702111,4.634167141668717,6992.999999999998,1.1749852019069147,0.25658799228968493,
H2,L32-anode,Xe2,c1=1/1000_c2=1/16_lt=0.1L,facility,success,3.432862817622441,8.589692369157012,-0.6003509008135363,48.777511564411036,93.01516772729975,-0.4755961553774102,-9.028093094467085,1.3695859620447721,4.614174001181178,6992.999999999998,1.1477970379438,0.2768993796621467,
H2,L32-anode,Xe2,c1=1/1000_c2=1/16_lt=0.2L,facility,success,2.7217078843589375,8.589692369157012,-0.6831425658348642,43.14813073249608,93.01516772729975,-0.5361172614449612,-10.176946325470137,3.3440941905940065,20.318932978341547,15983.999999999996,1.22281889785816,0.27328865977056166,
H2,L32-anode,Xe2,c1=1/1000_c2=1/32_lt=0.05L,facility,success,3.45527827316276,8.589692369157012,-0.5977413247569122,44.78803287344903,93.01516772729975,-0.5184867805134986,-9.842272419153208,1.1375252806903888,3.585073395014889,6992.999999999998,1.1605808150384125,0.23194237383426713,
H2,L32-anode,Xe2,c1=1/1000_c2=1/32_lt=0.1L,facility,success,3.5039218750682406,8.589692369157012,-0.5920783044978696,52.38026563484644,93.01516772729975,-0.43686318140699393,-8.292837161725167,1.4215293319961235,4.878079703466244,5993.999999999999,1.183056119819123,0.31283845259038734,
H2,L32-anode,Xe2,c1=1/1000_c2=1/32_lt=0.2L,facility,success,3.1202033186549047,8.589692369157012,-0.6367502834142685,48.80929304724363,93.01516772729975,-0.47525447472887583,-9.021607077562473,2.134781423441607,9.858631544996518,5993.999999999999,1.208742910444581,0.30504315965668594,
H2,L32-anode,Xe2,c1=1/1000_c2=1/4_lt=0.05L,facility,success,3.4787417543741372,8.589692369157012,-0.5950097390140249,54.72228238896088,93.01516772729975,-0.41168431207483597,-7.814874558844669,1.809704004597563,7.021384102164367,6992.999999999998,1.1046392453215916,0.3439104451166368,
H2,L32-anode,Xe2,c1=1/1000_c2=1/4_lt=0.1L,facility,success,2.772235147050172,8.589692369157012,-0.677260252415508,43.717304357579074,93.01516772729975,-0.5299981129341323,-10.060788442800138,3.6759563456302313,25.68292902015748,10988.999999999998,1.0788864890059697,0.27543291310152224,
H2,L32-anode,Xe2,c1=1/1000_c2=1/4_lt=0.2L,facility,success,2.8209667874851116,8.589692369157012,-0.67158698283371,46.82294528490251,93.01516772729975,-0.4966095699340434,-9.426984171917805,3.983022959071289,26.831947953399123,10988.999999999998,1.2036131017364258,0.31049787644101523,
H2,L32-anode,Xe2,c1=1/1000_c2=1/64_lt=0.05L,facility,success,3.106416907815185,8.589692369157012,-0.6383552781273764,46.9306234961923,93.01516772729975,-0.4954519285093086,-9.405009026756623,1.3460618109868951,4.781119797270986,5993.999999999999,1.4110363154148435,0.283264439344977,
H2,L32-anode,Xe2,c1=1/1000_c2=1/64_lt=0.1L,facility,success,3.012376120346817,8.589692369157012,-0.6493033753847404,43.15909272414668,93.01516772729975,-0.5359994097878772,-10.174709184316953,1.4866817400154848,5.2197270542033465,5993.999999999999,1.3136987327027139,0.2470441459878731,
H2,L32-anode,Xe2,c1=1/1000_c2=1/64_lt=0.2L,facility,success,3.0006020351853473,8.589692369157012,-0.6506740979502826,41.95253910270288,93.01516772729975,-0.5489709890574127,-10.420944617264668,1.5798259937472707,5.776674136469818,5993.999999999999,1.1822624909938166,0.23434044625585856,
H2,L32-anode,Xe2,c1=1/1000_c2=1/8_lt=0.05L,facility,success,3.4305079622610166,8.589692369157012,-0.6006250497888687,50.62092339139541,93.01516772729975,-0.4557777550882352,-8.651886599164152,1.5365927173949847,5.774234571358575,6992.999999999998,1.1379197795262466,0.29842887703360915,
H2,L32-anode,Xe2,c1=1/1000_c2=1/8_lt=0.1L,facility,success,3.398174107528444,8.589692369157012,-0.6043893120398282,64.89854378528952,93.01516772729975,-0.3022799896941762,-5.7380865187776,1.6099869122393715,6.008977713005396,6992.999999999998,1.4335825448372208,0.4951803792161996,
H2,L32-anode,Xe2,c1=1/1000_c2=1/8_lt=0.2L,facility,success,3.325552791131956,8.589692369157012,-0.6128437843626379,51.92941111286097,93.01516772729975,-0.44171028895946624,-8.384848288660978,3.355405885965377,20.315919117696684,10988.999999999998,1.1437681228681202,0.3239679884518728,
H2,L32-anode,Xe2,c1=1/100_c2=1/16_lt=0.05L,facility,success,5.928868562914271,8.589692369157012,-0.3097693947453758,86.83294894733484,93.01516772729975,-0.0664646307803243,-1.261677302033656,0.5788993836490387,2.329639099090591,8990.999999999998,0.7122422578951842,0.5080850644117961,
H2,L32-anode,Xe2,c1=1/100_c2=1/16_lt=0.1L,facility,success,5.884814246910671,8.589692369157012,-0.31489813674337636,89.91378881002763,93.01516772729975,-0.03334272240807761,-0.6329344729126806,0.7114263088960348,2.3667459107610327,7991.999999999998,0.7545843125332956,0.5488567230697516,
H2,L32-anode,Xe2,c1=1/100_c2=1/16_lt=0.2L,facility,success,5.852840509000194,8.589692369157012,-0.3186204746963961,84.65389007947248,93.01516772729975,-0.08989155050863022,-1.7063831934341382,0.8672201337656809,2.756727836080005,7991.999999999998,0.7083430401680578,0.4891773055719033,
H2,L32-anode,Xe2,c1=1/100_c2=1/32_lt=0.05L,facility,success,4.934337015579788,8.589692369157012,-0.42555136976761815,74.18368157497275,93.01516772729975,-0.20245607907235977,-3.843160439250409,1.7575649388338526,7.116126657419,5993.999999999999,0.8846512708576555,0.4455814548105657,
H2,L32-anode,Xe2,c1=1/100_c2=1/32_lt=0.1L,facility,success,4.9260823662086,8.589692369157012,-0.4265123645292965,71.67911027677654,93.01516772729975,-0.22938256170301063,-4.3542974388822895,1.7018359210698064,6.712681015687175,5993.999999999999,0.8639155214820607,0.4166992254253217,
H2,L32-anode,Xe2,c1=1/100_c2=1/32_lt=0.2L,facility,success,4.949904675325814,8.589692369157012,-0.4237390045423018,69.64797392990276,93.01516772729975,-0.25121917605851685,-4.768815060693263,1.7645561462206933,7.145318436651308,5993.999999999999,0.8453650317147812,0.39152481179708726,
H2,L32-anode,Xe2,c1=1/100_c2=1/4_lt=0.05L,facility,success,6.626870006797813,8.589692369157012,-0.22850904060395694,90.49650712207703,93.01516772729975,-0.027077955851317607,-0.514012368412801,2.6426924634334994,13.52952634535561,21977.999999999996,0.6626481162986404,0.49373547575001253,
H2,L32-anode,Xe2,c1=1/100_c2=1/4_lt=0.1L,facility,success,6.725655747728511,8.589692369157012,-0.21700854248537388,93.08816136592934,93.01516772729975,0.0007847498468591131,0.014896660944810855,2.649942760541675,13.146878334163874,14984.999999999996,0.675874725161897,0.5147465221185056,
H2,L32-anode,Xe2,c1=1/100_c2=1/4_lt=0.2L,facility,success,6.71468060046927,8.589692369157012,-0.2182862538151357,92.05664564920652,93.01516772729975,-0.010305008328355885,-0.19561675063127415,2.633973112553593,13.37173387194004,7991.999999999998,0.6789693488176257,0.5042246617019669,
H2,L32-anode,Xe2,c1=1/100_c2=1/64_lt=0.05L,facility,success,4.4657261268141974,8.589692369157012,-0.4801063955620495,68.4183077986223,93.01516772729975,-0.2644392364134644,-5.0197673323831555,1.4498807754824061,5.833558954773165,4994.999999999999,1.0318163642154239,0.418785582823566,
H2,L32-anode,Xe2,c1=1/100_c2=1/64_lt=0.1L,facility,success,4.5311904807236765,8.589692369157012,-0.4724851268255181,66.15841160657295,93.01516772729975,-0.28873523294034115,-5.480970636883019,1.456310569540297,5.503801823078046,4994.999999999999,0.960439404808467,0.38591971956364934,
H2,L32-anode,Xe2,c1=1/100_c2=1/64_lt=0.2L,facility,success,4.4873036135434115,8.589692369157012,-0.4775943746651554,61.26986598267454,93.01516772729975,-0.3412916680180112,-6.478633009107186,1.4232351074267713,5.570817963432941,4994.999999999999,0.8889049212138739,0.3342316369876165,
H2,L32-anode,Xe2,c1=1/100_c2=1/8_lt=0.05L,facility,success,6.269690529933117,8.589692369157012,-0.27009137691057716,89.29937626139419,93.01516772729975,-0.03994823163464551,-0.7583247889603212,1.2508465173290026,4.574158294044952,8990.999999999998,0.6773656804907979,0.5081476208542741,
H2,L32-anode,Xe2,c1=1/100_c2=1/8_lt=0.1L,facility,success,6.421924252809482,8.589692369157012,-0.2523685393124589,94.25765707298132,93.01516772729975,0.013357921896397312,0.25356925422072774,1.4903330523278369,5.210677488195903,8990.999999999998,0.6716317621496514,0.5527226381880672,
H2,L32-anode,Xe2,c1=1/100_c2=1/8_lt=0.2L,facility,success,5.616207698425598,8.589692369157012,-0.34616893631817336,76.85052457879158,93.01516772729975,-0.17378502392103837,-3.2989067650016697,2.3048515906300007,10.648945727945355,7991.999999999998,0.6643121778020904,0.4201357738522828,
H2,L32-anode,Xe2,c1=1/160_c2=1/16_lt=0.05L,facility,success,5.143773767709531,8.589692369157012,-0.40116903532200204,85.60195176864538,93.01516772729975,-0.07969900113912944,-1.5129012160519137,0.24007987752869406,1.4041143366989883,9989.999999999998,0.8562273186296597,0.5691472279596071,
H2,L32-anode,Xe2,c1=1/160_c2=1/16_lt=0.1L,facility,success,5.227290728489068,8.589692369157012,-0.39144610728334245,85.02951029435576,93.01516772729975,-0.08585328208358667,-1.6297260067232637,0.341125037534737,1.8029789005096257,9989.999999999998,0.8313861296997744,0.5525885108431351,
H2,L32-anode,Xe2,c1=1/160_c2=1/16_lt=0.2L,facility,success,5.33039433287322,8.589692369157012,-0.37944292952643405,90.12801502603385,93.01516772729975,-0.031039590335744105,-0.5892148369930429,0.3960044194493399,1.8892680371563353,8990.999999999998,0.8745221454742099,0.6088347389063745,
H2,L32-anode,Xe2,c1=1/160_c2=1/32_lt=0.05L,facility,success,4.253607289645782,8.589692369157012,-0.5048009746054236,64.86109655422885,93.01516772729975,-0.3026825824322816,-5.745728810830797,2.0971071202728835,9.177294846556448,5993.999999999999,1.0492468279811753,0.39513939643596885,
H2,L32-anode,Xe2,c1=1/160_c2=1/32_lt=0.1L,facility,success,4.277187621642179,8.589692369157012,-0.5020557852571919,63.71562572089416,93.01516772729975,-0.31499746463184886,-5.979498368654203,2.2073150767232907,10.013684047303759,5993.999999999999,1.0230579565106617,0.379203863984711,
H2,L32-anode,Xe2,c1=1/160_c2=1/32_lt=0.2L,facility,success,4.266713577197665,8.589692369157012,-0.5032751588964766,61.42489416437496,93.01516772729975,-0.33962497015046633,-6.44699460467853,2.095030010071101,8.929399808442836,5993.999999999999,0.9534198814663009,0.3532925621002632,
H2,L32-anode,Xe2,c1=1/160_c2=1/4_lt=0.05L,facility,success,5.208269898343285,8.589692369157012,-0.3936604857882213,81.55767430389903,93.01516772729975,-0.12317876431714445,-2.3382639639593297,1.9992827126836368,9.6767396807612,7991.999999999998,0.8117577395894783,0.510240978240438,
H2,L32-anode,Xe2,c1=1/160_c2=1/4_lt=0.1L,facility,success,5.376342646391665,8.589692369157012,-0.3740936909805425,84.3965202232156,93.01516772729975,-0.09265851704264144,-1.7589076538947255,1.73297170660431,6.837368398222856,7991.999999999998,0.7948585158171748,0.5292992661403826,
H2,L32-anode,Xe2,c1=1/160_c2=1/4_lt=0.2L,facility,success,5.51551767283949,8.589692369157012,-0.357891128599198,88.00255680017018,93.01516772729975,-0.053890253058785566,-1.022981821863177,1.6274063948358992,6.3243559315151305,8990.999999999998,0.798445048910297,0.5609749264404091,
H2,L32-anode,Xe2,c1=1/160_c2=1/64_lt=0.05L,facility,success,3.5972704308146595,8.589692369157012,-0.5812107958916701,61.90924790214374,93.01516772729975,-0.33441771471457005,-6.348146903093063,1.7658802293025186,7.3704981707009996,4994.999999999999,1.2489825018219158,0.4256739943261115,
H2,L32-anode,Xe2,c1=1/160_c2=1/64_lt=0.1L,facility,success,3.583862693951589,8.589692369157012,-0.5827717059087987,54.71013021261073,93.01516772729975,-0.41181495932997797,-7.8173545948344945,1.7965434430859673,7.119390084234844,4994.999999999999,1.1183748328829481,0.3336747046641538,
H2,L32-anode,Xe2,c1=1/160_c2=1/64_lt=0.2L,facility,success,3.629373694748445,8.589692369157012,-0.5774733786997508,54.48148690695753,93.01516772729975,-0.4142730885925466,-7.8640164939473935,1.8459617059673448,7.8695988808035695,4994.999999999999,1.0928657876026937,0.3267423037881997,
H2,L32-anode,Xe2,c1=1/160_c2=1/8_lt=0.05L,facility,success,5.3504424276166365,8.589692369157012,-0.3771089583104911,81.95220884842207,93.01516772729975,-0.11893714916809983,-2.2577467099750357,1.1946056731859576,3.9008606462306825,8990.999999999998,0.7935749982599998,0.5014998208562484,
H2,L32-anode,Xe2,c1=1/160_c2=1/8_lt=0.1L,facility,success,5.397260619604203,8.589692369157012,-0.3716584497270084,84.54823885981605,93.01516772729975,-0.09102739987855424,-1.7279446668334095,1.2551278828995251,4.233668121822497,8990.999999999998,0.8079575400796019,0.5291452381672879,
H2,L32-anode,Xe2,c1=1/160_c2=1/8_lt=0.2L,facility,success,5.440821172485485,8.589692369157012,-0.36658719094273634,85.02257090996144,93.01516772729975,-0.08592788695249003,-1.6311422076200637,1.3282856904891518,4.765159420819257,8990.999999999998,0.8005340480886575,0.5308149727563094,
H2,L32-anode,Xe2,c1=1/250_c2=1/16_lt=0.05L,facility,success,3.9374851244762077,8.589692369157012,-0.5416034759737699,59.54130820303247,93.01516772729975,-0.3598752799371965,-6.83139990291169,2.97420447317139,16.869289633765813,10988.999999999998,1.09196873437326,0.3597136922327121,
H2,L32-anode,Xe2,c1=1/250_c2=1/16_lt=0.1L,facility,success,3.523032757330995,8.589692369157012,-0.589853442251187,55.99044067869089,93.01516772729975,-0.3980504250355954,-7.5560667446140535,3.111014512978315,17.381272309455937,5993.999999999999,1.140327245845379,0.35550870589315847,
H2,L32-anode,Xe2,c1=1/250_c2=1/16_lt=0.2L,facility,success,3.9049641306730885,8.589692369157012,-0.5453895246941982,58.58760078670186,93.01516772729975,-0.3701285261510471,-7.026034069509774,2.876968677403222,15.17800594423782,5993.999999999999,1.0609286349288776,0.35118303571998677,
H2,L32-anode,Xe2,c1=1/250_c2=1/32_lt=0.05L,facility,success,3.229698023645407,8.589692369157012,-0.6240030626425837,50.313312524522296,93.01516772729975,-0.4590848594496977,-8.71466432709744,2.7129961427509564,14.86781587046219,10988.999999999998,1.1817324741782618,0.31314325045473823,
H2,L32-anode,Xe2,c1=1/250_c2=1/32_lt=0.1L,facility,success,3.2206520875710383,8.589692369157012,-0.6250561778981253,49.190590276322794,93.01516772729975,-0.4711551730945763,-8.943791316525909,2.690303802656727,14.448198299590196,10988.999999999998,1.1956587956673288,0.30016455416168303,
H2,L32-anode,Xe2,c1=1/250_c2=1/32_lt=0.2L,facility,success,3.2296092109505454,8.589692369157012,-0.6240134020925946,45.875081255824576,93.01516772729975,-0.5067999942727585,-9.620425810505138,2.7327199100241892,14.597166162643504,10988.999999999998,1.0933757423445676,0.2603411796431613,
H2,L32-anode,Xe2,c1=1/250_c2=1/4_lt=0.05L,facility,success,4.710251669361663,8.589692369157012,-0.451639073097105,77.64381707103878,93.01516772729975,-0.16525638809066537,-3.1370103380124448,1.086587714293695,3.8270573006564055,8990.999999999998,0.8759377111518152,0.5113388538839241,
H2,L32-anode,Xe2,c1=1/250_c2=1/4_lt=0.1L,facility,success,4.731936839500674,8.589692369157012,-0.44911451584789835,78.23108111060563,93.01516772729975,-0.15894275071392502,-3.0171605340192094,1.2474036451926565,4.358045630534739,8990.999999999998,0.8643494084263806,0.5167242876640935,
H2,L32-anode,Xe2,c1=1/250_c2=1/4_lt=0.2L,facility,success,4.3005711409526945,8.589692369157012,-0.4993335085672282,70.34825507813709,93.01516772729975,-0.24369049911963953,-4.625900540645441,2.417920445194206,14.22092159568967,6992.999999999998,0.9304657486563636,0.4597478145094984,
H2,L32-anode,Xe2,c1=1/250_c2=1/64_lt=0.05L,facility,success,3.3923423616900794,8.589692369157012,-0.6050682357530107,55.15617283307283,93.01516772729975,-0.4070195842168588,-7.726325488617739,1.6672411058272327,7.169877606724306,5993.999999999999,1.2532690454914048,0.35828425424824634,
H2,L32-anode,Xe2,c1=1/250_c2=1/64_lt=0.1L,facility,success,3.2338414077587334,8.589692369157012,-0.6235206956455763,47.64104620418536,93.01516772729975,-0.48781422032309246,-9.260024800635591,1.7558414419926778,7.224992037520082,5993.999999999999,1.130082436235316,0.28040323056743033,
H2,L32-anode,Xe2,c1=1/250_c2=1/64_lt=0.2L,facility,success,3.7967044286766245,8.589692369157012,-0.5579929681405771,58.50218776491279,93.01516772729975,-0.3710467959760232,-7.043465298446319,1.5859330111354446,5.953300624750569,5993.999999999999,1.1504292829065006,0.36014432546241576,
H2,L32-anode,Xe2,c1=1/250_c2=1/8_lt=0.05L,facility,success,4.735893863405978,8.589692369157012,-0.44865384464627156,81.0587852303081,93.01516772729975,-0.12854228820019087,-2.440078060610542,0.23173847217340357,1.1821964104270797,6992.999999999998,0.8808999696745761,0.5542904187059614,
H2,L32-anode,Xe2,c1=1/250_c2=1/8_lt=0.1L,facility,success,4.813415776916542,8.589692369157012,-0.43962885164548354,85.83669047696394,93.01516772729975,-0.07717534060016489,-1.4649953572113925,0.3834087149288096,1.6154267681934789,9989.999999999998,0.9019986624641383,0.6115496225798511,
H2,L32-anode,Xe2,c1=1/250_c2=1/8_lt=0.2L,facility,success,4.778991893458021,8.589692369157012,-0.4436364321243988,80.32836540765474,93.01516772729975,-0.13639498406152384,-2.5891433305397986,1.0638473899461887,3.6125720316790098,8990.999999999998,0.9178670106751045,0.5394369806749523,
H2,L32-anode,Xe2,c1=1/500_c2=1/16_lt=0.05L,facility,success,2.945593213357411,8.589692369157012,-0.6570781482309954,46.07283841378341,93.01516772729975,-0.5046739199690641,-9.58006720684007,3.2814941435060745,19.78879119803355,4994.999999999999,1.1689843699098934,0.2879097134247192,
H2,L32-anode,Xe2,c1=1/500_c2=1/16_lt=0.1L,facility,success,2.9745581043152174,8.589692369157012,-0.6537060960418144,45.98087452592023,93.01516772729975,-0.5056626177278296,-9.59883534722031,3.345631222990482,20.353272532309298,15983.999999999996,1.1773297674879977,0.28396914095927067,
H2,L32-anode,Xe2,c1=1/500_c2=1/16_lt=0.2L,facility,success,3.479337781617685,8.589692369157012,-0.594940350353997,51.50661581009995,93.01516772729975,-0.4462557336766177,-8.47113304432649,3.156441590952885,17.971779560978963,10988.999999999998,1.1911384487884598,0.30462713727704344,
H2,L32-anode,Xe2,c1=1/500_c2=1/32_lt=0.05L,facility,success,2.8002874438402086,8.589692369157012,-0.6739944431659516,40.9668161668812,93.01516772729975,-0.5595684320326445,-10.622112563350724,2.3860634236273093,12.465899026548598,5993.999999999999,1.140698214700629,0.23944234843930062,
H2,L32-anode,Xe2,c1=1/500_c2=1/32_lt=0.1L,facility,success,2.822910453716998,8.589692369157012,-0.6713607039230862,50.80944644924915,93.01516772729975,-0.4537509559923453,-8.613412505724613,2.490146432621,12.528061420875703,10988.999999999998,1.4342449869478797,0.36536839322180864,
H2,L32-anode,Xe2,c1=1/500_c2=1/32_lt=0.2L,facility,success,2.833292307621791,8.589692369157012,-0.670152062977798,44.953603500632674,93.01516772729975,-0.5167067415023444,-9.808482495238179,2.6197452477434067,13.262492923504853,10988.999999999998,1.2357167808211964,0.2849553329889048,
H2,L32-anode,Xe2,c1=1/500_c2=1/4_lt=0.05L,facility,success,3.3666035908937286,8.589692369157012,-0.6080647075345581,52.71668251228224,93.01516772729975,-0.43324638550525346,-8.224180656126023,2.794831371373107,22.07553729300311,5993.999999999999,1.0116002132013862,0.32979442679906856,
H2,L32-anode,Xe2,c1=1/500_c2=1/4_lt=0.1L,facility,success,3.4429503627995834,8.589692369157012,-0.5991765228796577,56.77762902418391,93.01516772729975,-0.38958741448874695,-7.395416061860376,3.0411415222061122,22.116326766839034,5993.999999999999,1.0739189550426116,0.3740786262818464,
H2,L32-anode,Xe2,c1=1/500_c2=1/4_lt=0.2L,facility,success,3.6066406432792157,8.589692369157012,-0.5801199288312616,51.39001847636849,93.01516772729975,-0.44750926400484653,-8.4949284185574,3.6227288379037454,22.849856071097435,5993.999999999999,0.9881975356916881,0.292545771811775,
H2,L32-anode,Xe2,c1=1/500_c2=1/64_lt=0.05L,facility,success,3.34283135984939,8.589692369157012,-0.6108322375021851,48.33807326627554,93.01516772729975,-0.48032052785205676,-9.117774379800858,1.4979046237653666,5.381302925254224,5993.999999999999,1.1706586938830006,0.2792565407350412,
H2,L32-anode,Xe2,c1=1/500_c2=1/64_lt=0.1L,facility,success,3.3425294914369195,8.589692369157012,-0.6108673806015531,52.134139966897756,93.01516772729975,-0.43950926240606564,-8.343066889877958,1.5104892418807896,5.446210970005035,5993.999999999999,1.248794827543394,0.3248690435152625,
H2,L32-anode,Xe2,c1=1/500_c2=1/64_lt=0.2L,facility,success,3.2798515609813292,8.589692369157012,-0.6181642578076154,48.696339732920386,93.01516772729975,-0.47646882844217986,-9.044658774363137,1.5879596557193945,5.904939103575016,5993.999999999999,1.1493113931041503,0.2888534764175462,
H2,L32-anode,Xe2,c1=1/500_c2=1/8_lt=0.05L,facility,success,3.2900389243271078,8.589692369157012,-0.6169782591818255,55.74568170750835,93.01516772729975,-0.4006818127668966,-7.606017555059469,2.3541878054537797,17.779484106269965,5993.999999999999,1.1300166555989963,0.37736409480176847,
H2,L32-anode,Xe2,c1=1/500_c2=1/8_lt=0.1L,facility,success,3.089901558343981,8.589692369157012,-0.6402779720681403,48.741636511077566,93.01516772729975,-0.4759818457353381,-9.035414533922895,3.150599867232268,23.109712348254927,5993.999999999999,1.065400582669918,0.3071812619777462,
H2,L32-anode,Xe2,c1=1/500_c2=1/8_lt=0.2L,facility,success,3.57095102767879,8.589692369157012,-0.5842748640799995,51.532290139513954,93.01516772729975,-0.44597971063606073,-8.465893385262406,3.409520019650428,20.342770126729192,16982.999999999996,1.039629816108637,0.2971078610262748,
H2,L32-anode,Xe2,c1=1/50_c2=1/16_lt=0.05L,facility,success,7.572071951051326,8.589692369157012,-0.11846994914039684,89.25755601904002,93.01516772729975,-0.04039783833187547,-0.7668595322979053,1.9986702254630018,7.883810895346798,12986.999999999998,0.5764922128518281,0.42035324138310204,
H2,L32-anode,Xe2,c1=1/50_c2=1/16_lt=0.1L,facility,success,7.58307500708292,8.589692369157012,-0.11718898871030009,96.36973157546817,93.01516772729975,0.03606469708255812,0.684604866973143,2.0007626270891277,7.896029841451289,12986.999999999998,0.6338273537356045,0.48929986647887347,
H2,L32-anode,Xe2,c1=1/50_c2=1/16_lt=0.2L,facility,success,7.601919909603956,8.589692369157012,-0.11499509145401388,87.66509950875053,93.01516772729975,-0.057518234383390786,-1.0918506568467823,2.002857700184162,7.936848238594366,12986.999999999998,0.54064143917182,0.4038957849032665,
H2,L32-anode,Xe2,c1=1/50_c2=1/32_lt=0.05L,facility,success,5.670541050938156,8.589692369157012,-0.33984352323264166,77.25931521268133,93.01516772729975,-0.16939014248526826,-3.2154801050241693,1.6563381151365204,6.217920450988233,4994.999999999999,0.7390533192114739,0.4205487636183882,
H2,L32-anode,Xe2,c1=1/50_c2=1/32_lt=0.1L,facility,success,5.653850302076573,8.589692369157012,-0.34178663692569017,73.2841661428832,93.01516772729975,-0.21212671079907713,-4.02673501722787,1.6594214578125313,6.247505454574273,4994.999999999999,0.6961241567059842,0.37950294133744455,
H2,L32-anode,Xe2,c1=1/50_c2=1/32_lt=0.2L,facility,success,5.633899567917601,8.589692369157012,-0.34410927355824394,78.60563864097955,93.01516772729975,-0.1549159071407129,-2.9407202216980006,1.6632736486796398,6.3131320967588,4994.999999999999,0.7525877775296991,0.43816476477237304,
H2,L32-anode,Xe2,c1=1/50_c2=1/4_lt=0.05L,facility,success,9.680025550838865,8.589692369157012,0.12693506761626408,106.4238355274511,93.01516772729975,0.14415571274851263,2.736462816357417,2.13701728083991,11.220833425378514,14984.999999999996,0.45807321682865837,0.46745570079660964,
H2,L32-anode,Xe2,c1=1/50_c2=1/4_lt=0.1L,facility,success,9.531269370916391,8.589692369157012,0.10961708071645235,106.12786833253352,93.01516772729975,0.1409737887446202,2.6760613480068915,1.6613510459767913,6.516587096913629,8990.999999999998,0.4465966843745618,0.4721144455856099,
H2,L32-anode,Xe2,c1=1/50_c2=1/4_lt=0.2L,facility,success,9.985720449762363,8.589692369157012,0.16252364119791599,106.7056492856397,93.01516772729975,0.14718547407749077,2.793975828232639,1.2115397441617617,3.97620047753074,9989.999999999998,0.4245613425319348,0.4555484487394906,
H2,L32-anode,Xe2,c1=1/50_c2=1/8_lt=0.05L,facility,success,8.119249875494013,8.589692369157012,-0.054768258680859806,91.85908817301417,93.01516772729975,-0.012428935866405724,-0.23593460291542448,2.333243477506934,11.61017542076992,6992.999999999998,0.5171874271498131,0.41520971198132356,
H2,L32-anode,Xe2,c1=1/50_c2=1/8_lt=0.1L,facility,success,8.186980991822557,8.589692369157012,-0.04688309662642519,102.37179388459337,93.01516772729975,0.1005924773981509,1.9095155423048191,2.3403371888737623,11.513549300182696,6992.999999999998,0.5847181739298853,0.5114179835362819,
H2,L32-anode,Xe2,c1=1/50_c2=1/8_lt=0.2L,facility,success,8.204182474923147,8.589692369157012,-0.04488052396592387,90.79631620214195,93.01516772729975,-0.02385472799084758,-0.45282684186893873,2.297482120761281,11.875535419287699,6992.999999999998,0.5040301999896903,0.40145816614363916,
H2,L32-anode,Xe3,c1=1/1000_c2=1/16_lt=0.05L,facility,success,3.516089541804353,7.400656215822092,-0.5248948959029881,54.73713216195004,95.17124528500324,-0.4248564049148222,-8.251859821031264,1.3536008485198507,4.794683363613217,6992.999999999998,1.2467092655184027,0.3106549981560382,
H2,L32-anode,Xe3,c1=1/1000_c2=1/16_lt=0.1L,facility,success,3.423902545068758,7.400656215822092,-0.5373514935407092,49.26954539326419,95.17124528500324,-0.48230639153958915,-9.367693855456949,1.4162198154959373,5.054416014852572,6992.999999999998,1.1198233684034011,0.25846986010391637,
H2,L32-anode,Xe3,c1=1/1000_c2=1/16_lt=0.2L,facility,success,3.196142418154343,7.400656215822092,-0.5681271599508688,53.63509358407683,95.17124528500324,-0.43643593794050667,-8.476765653250288,2.9707808702819483,19.35660132737681,5993.999999999999,1.21725405518059,0.3281301634722944,
H2,L32-anode,Xe3,c1=1/1000_c2=1/32_lt=0.05L,facility,success,3.3670591618746,7.400656215822092,-0.54503235068857,44.81320027223471,95.17124528500324,-0.5291308825682013,-10.277152043422149,1.2595655717649017,4.447267357898197,6992.999999999998,1.1592342682825223,0.21743795964640808,
H2,L32-anode,Xe3,c1=1/1000_c2=1/32_lt=0.1L,facility,success,3.3350378652555484,7.400656215822092,-0.5493591692415778,47.12937747752244,95.17124528500324,-0.5047939392157043,-9.804462817853224,1.4178437148698055,4.8016234067793775,6992.999999999998,1.1812661858179492,0.24280455499596423,
H2,L32-anode,Xe3,c1=1/1000_c2=1/32_lt=0.2L,facility,success,3.1188100491933346,7.400656215822092,-0.5785765534513637,53.75528664974482,95.17124528500324,-0.43517302428094434,-8.452236456175187,2.4164663384997804,11.996828909154862,5993.999999999999,1.3032298292170525,0.33777510032144575,
H2,L32-anode,Xe3,c1=1/1000_c2=1/4_lt=0.05L,facility,success,3.583835931915085,7.400656215822092,-0.5157407900865478,64.16842772257067,95.17124528500324,-0.3257582420991805,-6.327105624986239,2.3990013899650786,13.972961823555329,5993.999999999999,1.1789275062389442,0.4188599816184121,
H2,L32-anode,Xe3,c1=1/1000_c2=1/4_lt=0.1L,facility,success,3.3113536886892714,7.400656215822092,-0.5525594498485383,57.08416828595966,95.17124528500324,-0.40019521531936086,-7.772872856947669,3.448480221591134,23.010648778012435,16982.999999999996,1.1587376719376197,0.3587566643251445,
H2,L32-anode,Xe3,c1=1/1000_c2=1/4_lt=0.2L,facility,success,3.377696263944447,7.400656215822092,-0.5435950319212011,52.82908030797297,95.17124528500324,-0.4449050219972524,-8.641258158577605,3.7496980628373127,24.311555156817985,5993.999999999999,1.0758396173034808,0.30123102481565495,
H2,L32-anode,Xe3,c1=1/1000_c2=1/64_lt=0.05L,facility,success,3.0544874731130167,7.400656215822092,-0.5872680227217238,46.716568667096475,95.17124528500324,-0.5091314763487926,-9.888709513858522,1.5047960592467093,5.578790527578532,5993.999999999999,1.3526948079258572,0.2604819993612097,
H2,L32-anode,Xe3,c1=1/1000_c2=1/64_lt=0.1L,facility,success,3.04507083049128,7.400656215822092,-0.5885404291607103,42.43073305077367,95.17124528500324,-0.5541643600048621,-10.76336984372032,1.634825414419813,5.953677940909793,5993.999999999999,1.2114820959482855,0.21554495538362461,
H2,L32-anode,Xe3,c1=1/1000_c2=1/64_lt=0.2L,facility,success,3.0493788556436874,7.400656215822092,-0.5879583152201657,40.87250248487196,95.17124528500324,-0.5705372734960682,-11.081376081659444,1.7397584208948087,6.663296132135013,5993.999999999999,1.1383297359056535,0.1997217053258139,
H2,L32-anode,Xe3,c1=1/1000_c2=1/8_lt=0.05L,facility,success,3.3647358469500266,7.400656215822092,-0.5453462843259151,54.23713244748063,95.17124528500324,-0.4301100896067908,-8.353900579086247,1.6311461462456298,6.7050121515153585,6992.999999999998,1.1808659531177332,0.31872538722726973,
H2,L32-anode,Xe3,c1=1/1000_c2=1/8_lt=0.1L,facility,success,3.413640012977862,7.400656215822092,-0.538738199231612,64.80027242941853,95.17124528500324,-0.31911921257975256,-6.198157725629534,1.8624917936236562,8.558886435969935,6992.999999999998,1.3366953831318227,0.4484459801280835,
H2,L32-anode,Xe3,c1=1/1000_c2=1/8_lt=0.2L,facility,success,3.1754131095064846,7.400656215822092,-0.5709281694888528,54.703142909773746,95.17124528500324,-0.4252135427464699,-8.25879640310806,3.4117050082843527,22.540771289594893,5993.999999999999,1.193129166642418,0.34355677468219586,
H2,L32-anode,Xe3,c1=1/100_c2=1/16_lt=0.05L,facility,success,5.6168357497516315,7.400656215822092,-0.24103544524291992,83.2819608256465,95.17124528500324,-0.12492517486508312,-2.426384583542193,1.0780902460424746,3.635730100420634,7991.999999999998,0.6914951067359267,0.45017808754060756,
H2,L32-anode,Xe3,c1=1/100_c2=1/16_lt=0.1L,facility,success,5.6292612312591865,7.400656215822092,-0.23935647500768722,80.27097517196452,95.17124528500324,-0.1565627314050356,-3.0408714516405557,1.1075270047378656,3.7962766173119356,7991.999999999998,0.6599649235960587,0.41729181614524047,
H2,L32-anode,Xe3,c1=1/100_c2=1/16_lt=0.2L,facility,success,5.672178560413222,7.400656215822092,-0.23355735018652862,81.6795087112797,95.17124528500324,-0.14176274076608647,-2.753415627290519,1.1478137709100609,3.966827327455539,7991.999999999998,0.667130952468463,0.42879580918734955,
H2,L32-anode,Xe3,c1=1/100_c2=1/32_lt=0.05L,facility,success,5.063996169134205,7.400656215822092,-0.3157368723184668,77.30340481751848,95.17124528500324,-0.18774410709849468,-3.646498054588725,1.620723605652025,6.156525650591283,5993.999999999999,0.8086214816993326,0.4302075912483837,
H2,L32-anode,Xe3,c1=1/100_c2=1/32_lt=0.1L,facility,success,5.004014646219736,7.400656215822092,-0.32384176479897847,73.7762289297997,95.17124528500324,-0.22480546819717723,-4.366329868408887,1.6585183738026679,6.560290219804574,5993.999999999999,0.7779404193024709,0.3965413906001047,
H2,L32-anode,Xe3,c1=1/100_c2=1/32_lt=0.2L,facility,success,4.9788787128711665,7.400656215822092,-0.32723821135932957,67.91521391167527,95.17124528500324,-0.28638935312557995,-5.562455382311832,1.6445843773466737,6.407049062459178,5993.999999999999,0.7048427358532788,0.3377355613308491,
H2,L32-anode,Xe3,c1=1/100_c2=1/4_lt=0.05L,facility,success,6.605891001783703,7.400656215822092,-0.1073911813845962,97.04281894715156,95.17124528500324,0.01966532702754522,0.3819538086016958,2.663157158897557,13.611069848480737,14984.999999999996,0.6726537387666339,0.5197201991412033,
H2,L32-anode,Xe3,c1=1/100_c2=1/4_lt=0.1L,facility,success,6.545338480596613,7.400656215822092,-0.11557322895189602,91.26366631400259,95.17124528500324,-0.04105839909206686,-0.7974650961225814,2.6470936800589806,13.753985567815997,7991.999999999998,0.6332616926527266,0.4639144555829573,
H2,L32-anode,Xe3,c1=1/100_c2=1/4_lt=0.2L,facility,success,6.56953318725821,7.400656215822092,-0.11230396390890296,95.43417742984262,95.17124528500324,0.0027627267464241326,0.05365962139578981,2.5804821831109397,13.129741909053887,7991.999999999998,0.6753893372124145,0.505414329224235,
H2,L32-anode,Xe3,c1=1/100_c2=1/64_lt=0.05L,facility,success,4.260265040777669,7.400656215822092,-0.4243395563126529,64.79116292241305,95.17124528500324,-0.3192149295894249,-6.200016808691876,1.3590702352965833,5.225626050936142,4994.999999999999,0.8950706273890331,0.3592271263477311,
H2,L32-anode,Xe3,c1=1/100_c2=1/64_lt=0.1L,facility,success,4.271335749062241,7.400656215822092,-0.42284364730651586,64.14294396646152,95.17124528500324,-0.32602600949082106,-6.332306391539127,1.315091833580213,4.615507049799987,4994.999999999999,0.8916837344327752,0.35116260296100066,
H2,L32-anode,Xe3,c1=1/100_c2=1/64_lt=0.2L,facility,success,4.2429115404946645,7.400656215822092,-0.4266844159814352,69.49032258312477,95.17124528500324,-0.2698390950436076,-5.2410046330364235,1.3728182780214244,5.760912829528201,4994.999999999999,0.9589590310089156,0.41491474662830263,
H2,L32-anode,Xe3,c1=1/100_c2=1/8_lt=0.05L,facility,success,6.10677058707556,7.400656215822092,-0.1748339054015635,77.32546598643702,95.17124528500324,-0.18751230211525136,-3.641995775217595,2.2228426070881167,9.546981009659604,7991.999999999998,0.5690097448478342,0.3569502405511418,
H2,L32-anode,Xe3,c1=1/100_c2=1/8_lt=0.1L,facility,success,5.979091929835505,7.400656215822092,-0.1920862481015374,84.84057325002289,95.17124528500324,-0.10854824904354,-2.1083004153021148,2.4154110858550495,11.265418802777543,7991.999999999998,0.6550934712512059,0.4388803636745432,
H2,L32-anode,Xe3,c1=1/100_c2=1/8_lt=0.2L,facility,success,6.450198016190686,7.400656215822092,-0.1284289084526576,92.66975659786677,95.17124528500324,-0.026284080655301235,-0.510507895333976,2.4223743634961545,11.821056853284086,7991.999999999998,0.6716871936835773,0.48537476098561966,
H2,L32-anode,Xe3,c1=1/160_c2=1/16_lt=0.05L,facility,success,5.197151290579174,7.400656215822092,-0.2977445325094249,91.12771225525624,95.17124528500324,-0.04248691942233275,-0.8252108223973466,0.7548888011986038,2.5593958671209522,8990.999999999998,0.8831323353657062,0.5825185610016722,
H2,L32-anode,Xe3,c1=1/160_c2=1/16_lt=0.1L,facility,success,5.238434118391721,7.400656215822092,-0.2921662666626359,83.5556904372027,95.17124528500324,-0.12204899508266591,-2.3705213975103163,0.862257323001401,2.7803547386828655,8990.999999999998,0.7828021361273011,0.48587524261745474,
H2,L32-anode,Xe3,c1=1/160_c2=1/16_lt=0.2L,facility,success,5.289769159792764,7.400656215822092,-0.2852297140240615,80.335375253793,95.17124528500324,-0.15588605557048468,-3.0277285777980083,0.9025000893917939,2.9330477462882767,8990.999999999998,0.7358105792582539,0.44478601680793767,
H2,L32-anode,Xe3,c1=1/160_c2=1/32_lt=0.05L,facility,success,4.731276145672372,7.400656215822092,-0.3606950508581617,67.94590587571139,95.17124528500324,-0.2860668611381712,-5.55619171618201,1.9478021512175823,8.108727041978149,5993.999999999999,0.901955198473204,0.35573162963611793,
H2,L32-anode,Xe3,c1=1/160_c2=1/32_lt=0.1L,facility,success,4.707292530223168,7.400656215822092,-0.36393579259102704,81.96745312575558,95.17124528500324,-0.1387372007133784,-2.694651461070951,1.7119851385460234,6.564370456627142,5993.999999999999,1.0753685502449395,0.5203384110531751,
H2,L32-anode,Xe3,c1=1/160_c2=1/32_lt=0.2L,facility,success,4.47437457503012,7.400656215822092,-0.3954084010193291,70.15435756992524,95.17124528500324,-0.2628618301689921,-5.10548728879143,1.7961004936793312,6.997518136641682,5993.999999999999,0.9391720060245756,0.4010062650985323,
H2,L32-anode,Xe3,c1=1/160_c2=1/4_lt=0.05L,facility,success,5.064737687402954,7.400656215822092,-0.3156366760322018,76.97440315092746,95.17124528500324,-0.19120105111142408,-3.7136412518522,2.00664581514083,8.013851223792807,7991.999999999998,0.7390891699952179,0.4264910239605538,
H2,L32-anode,Xe3,c1=1/160_c2=1/4_lt=0.1L,facility,success,5.148307619083793,7.400656215822092,-0.304344443391781,76.3396792843207,95.17124528500324,-0.1978703330432302,-3.843176734833172,2.0602200706080223,9.05710926638265,7991.999999999998,0.7053410806312375,0.41267709602909475,
H2,L32-anode,Xe3,c1=1/160_c2=1/4_lt=0.2L,facility,success,5.378818613656027,7.400656215822092,-0.27319707107101066,84.74784970875143,95.17124528500324,-0.10952253009863994,-2.1272235869901652,1.5881537702278319,6.545488704889208,9989.999999999998,0.71449168621171,0.4867933858696972,
H2,L32-anode,Xe3,c1=1/160_c2=1/64_lt=0.05L,facility,success,4.196590981045604,7.400656215822092,-0.43294339600945353,68.38715104549568,95.17124528500324,-0.28143053250274225,-5.466141681532155,1.6760077300551626,6.651081369374886,10988.999999999998,1.1307640206988216,0.406281056324384,
H2,L32-anode,Xe3,c1=1/160_c2=1/64_lt=0.1L,facility,success,4.200821583369647,7.400656215822092,-0.43237174368556935,61.43753368415188,95.17124528500324,-0.3544527708955701,-6.884430938949256,1.6019446793310779,6.311151976523943,10988.999999999998,1.0039750816875288,0.3275725506179001,
H2,L32-anode,Xe3,c1=1/160_c2=1/64_lt=0.2L,facility,success,4.210993308270675,7.400656215822092,-0.43099730814845016,61.8396252388544,95.17124528500324,-0.3502278439914574,-6.802371437989558,1.6443672938827114,6.611913675578312,10988.999999999998,1.0018959151397169,0.33107267597223466,
H2,L32-anode,Xe3,c1=1/160_c2=1/8_lt=0.05L,facility,success,5.395698726454911,7.400656215822092,-0.2709161770115359,89.71729918667454,95.17124528500324,-0.057306658980831066,-1.1130502241487157,1.4340816635150622,5.0376471729166115,8990.999999999998,0.8166068105580938,0.5438496864656746,
H2,L32-anode,Xe3,c1=1/160_c2=1/8_lt=0.1L,facility,success,5.37462129428229,7.400656215822092,-0.27376422609771806,84.56362713381446,95.17124528500324,-0.11145822584776344,-2.1648200308548535,1.4324140787152504,5.143664422424664,8990.999999999998,0.7637808715958445,0.4850578407383701,
H2,L32-anode,Xe3,c1=1/160_c2=1/8_lt=0.2L,facility,success,5.535132302125708,7.400656215822092,-0.25207547267335867,89.34915188499737,95.17124528500324,-0.06117492087626704,-1.1881823265318112,1.6205397331862896,6.066349535583329,8990.999999999998,0.7910494324946314,0.5258078376668762,
H2,L32-anode,Xe3,c1=1/250_c2=1/16_lt=0.05L,facility,success,3.8178419568810167,7.400656215822092,-0.48412115824016605,66.98411686418305,95.17124528500324,-0.296172739322786,-5.752475187922487,2.4321526028875273,13.261336976222479,5993.999999999999,1.0967556544421684,0.42844977369995874,
H2,L32-anode,Xe3,c1=1/250_c2=1/16_lt=0.1L,facility,success,4.637334168129177,7.400656215822092,-0.37338878703555006,85.09217196272894,95.17124528500324,-0.10590460692293288,-2.0569537392396526,0.2788665415936476,1.2185019684376133,6992.999999999998,0.8772651815594807,0.5692263793038186,
H2,L32-anode,Xe3,c1=1/250_c2=1/16_lt=0.2L,facility,success,4.783484681989914,7.400656215822092,-0.35364046883259437,84.49605149437073,95.17124528500324,-0.11216826845823229,-2.1786109776801053,0.490890184208001,1.9230158300859097,8990.999999999998,0.8830032730505121,0.5441299543291823,
H2,L32-anode,Xe3,c1=1/250_c2=1/32_lt=0.05L,facility,success,3.800026838288941,7.400656215822092,-0.48652839323021846,64.08238947076536,95.17124528500324,-0.326662278308307,-6.344664451885282,2.4895867183549814,12.042445282672098,5993.999999999999,1.2087999734382986,0.39397160591621655,
H2,L32-anode,Xe3,c1=1/250_c2=1/32_lt=0.1L,facility,success,3.7983355741545575,7.400656215822092,-0.48675692217212063,60.40561644028328,95.17124528500324,-0.36529551274242084,-7.095026294840808,2.4771801271888383,12.137076283275523,5993.999999999999,1.1345867357771573,0.3502156123669947,
H2,L32-anode,Xe3,c1=1/250_c2=1/32_lt=0.2L,facility,success,3.800513114700175,7.400656215822092,-0.4864626860284443,54.92151079574221,95.17124528500324,-0.42291906939672513,-8.214231528420619,2.480534057027737,12.281480389326422,5993.999999999999,1.0075313999626097,0.28934561676261344,
H2,L32-anode,Xe3,c1=1/250_c2=1/4_lt=0.05L,facility,success,4.7215170405912055,7.400656215822092,-0.3620137319043509,84.0801250992157,95.17124528500324,-0.11653856322436115,-2.263493915466843,1.4085912888691043,4.839975833376248,8990.999999999998,0.876562323273699,0.5458575596981703,
H2,L32-anode,Xe3,c1=1/250_c2=1/4_lt=0.1L,facility,success,4.6436835281974,7.400656215822092,-0.3725308414854449,82.2381596977575,95.17124528500324,-0.13589278514235958,-2.639405221886887,2.1061622838069303,10.864738857715563,7991.999999999998,0.9461881670115571,0.5309557696234625,
H2,L32-anode,Xe3,c1=1/250_c2=1/4_lt=0.2L,facility,success,4.387329134844959,7.400656215822092,-0.40717025532612205,77.73902993160873,95.17124528500324,-0.18316683049792384,-3.5575949700805145,2.8747607038448884,16.708628970566945,6992.999999999998,0.9719366339261907,0.5021716721325366,
H2,L32-anode,Xe3,c1=1/250_c2=1/64_lt=0.05L,facility,success,3.666181119346606,7.400656215822092,-0.5046140487503576,55.020665118911985,95.17124528500324,-0.42187721770220493,-8.19399595226352,1.715914159843088,6.674226767943178,5993.999999999999,1.0817837674253048,0.3010315037449272,
H2,L32-anode,Xe3,c1=1/250_c2=1/64_lt=0.1L,facility,success,3.5750482989348975,7.400656215822092,-0.5169282027596835,60.82199323158539,95.17124528500324,-0.36092048549490285,-7.010051439473031,1.7628275263923712,6.904590107489319,5993.999999999999,1.2425805197183364,0.37723638636536955,
H2,L32-anode,Xe3,c1=1/250_c2=1/64_lt=0.2L,facility,success,3.2459405256960157,7.400656215822092,-0.5613982826608782,52.4296026192491,95.17124528500324,-0.4491024840303232,-8.722784217500845,1.9443245700931726,8.332932650769076,5993.999999999999,1.1770494288853461,0.30873563978482643,
H2,L32-anode,Xe3,c1=1/250_c2=1/8_lt=0.05L,facility,success,4.648362688512306,7.400656215822092,-0.3718985785916622,67.33045215123546,95.17124528500324,-0.29253366445289997,-5.681794517095464,0.9443942453093244,3.1318678116556993,8990.999999999998,0.7174838133282104,0.35554718764165194,
H2,L32-anode,Xe3,c1=1/250_c2=1/8_lt=0.1L,facility,success,4.687359359400147,7.400656215822092,-0.3666292254761279,79.53871741714622,95.17124528500324,-0.16425683851296993,-3.1903118097667402,1.1242759579205237,3.866409493848419,8990.999999999998,0.8524017129961375,0.49204305843944884,
H2,L32-anode,Xe3,c1=1/250_c2=1/8_lt=0.2L,facility,success,4.760103164271089,7.400656215822092,-0.3567998532218917,77.98768289112941,95.17124528500324,-0.18055414051182497,-3.506849468137517,1.3883503708283744,4.796128713481579,8990.999999999998,0.832712913818165,0.465811130217031,
H2,L32-anode,Xe3,c1=1/500_c2=1/16_lt=0.05L,facility,success,3.76497498240338,7.400656215822092,-0.49126471050578957,58.33998067813222,95.17124528500324,-0.3869999231025588,-7.516584613647146,2.2171440025263185,13.725897465437056,5993.999999999999,1.0322154692540055,0.3295677139819137,
H2,L32-anode,Xe3,c1=1/500_c2=1/16_lt=0.1L,facility,success,3.4307099193410786,7.400656215822092,-0.5364316596673606,54.54290664079618,95.17124528500324,-0.4268972053747954,-8.291497682491237,2.9507592307857586,19.359819315829462,5993.999999999999,1.081696202094107,0.316130756437817,
H2,L32-anode,Xe3,c1=1/500_c2=1/16_lt=0.2L,facility,success,3.0487362516556065,7.400656215822092,-0.5880451458969789,47.286097758587516,95.17124528500324,-0.5031472203922218,-9.772479087023616,3.447802305087536,22.608890439143988,5993.999999999999,1.1574964016075804,0.26737530255647485,
H2,L32-anode,Xe3,c1=1/500_c2=1/32_lt=0.05L,facility,success,3.359633327638673,7.400656215822092,-0.5460357528220255,52.350197537169485,95.17124528500324,-0.44993682303515425,-8.738989336292603,2.398091922673498,11.576467951569821,5993.999999999999,1.1597882074724424,0.29738493293303575,
H2,L32-anode,Xe3,c1=1/500_c2=1/32_lt=0.1L,facility,success,3.376750918242188,7.400656215822092,-0.5437227700128906,54.49067775323746,95.17124528500324,-0.4274459939022789,-8.302156639135873,2.5270907918453536,12.75084666199479,5993.999999999999,1.241086248858019,0.32056756998728214,
H2,L32-anode,Xe3,c1=1/500_c2=1/32_lt=0.2L,facility,success,3.3982064623848176,7.400656215822092,-0.5408236292452436,51.19761881621428,95.17124528500324,-0.462047400316177,-8.97420948342632,2.6363146142357934,13.611445752507121,5993.999999999999,1.1986922952509467,0.28120559415519447,
H2,L32-anode,Xe3,c1=1/500_c2=1/4_lt=0.05L,facility,success,3.592118052389207,7.400656215822092,-0.5146216838569657,54.39314534506906,95.17124528500324,-0.4284708035270382,-8.322061212231464,2.8616375321677103,20.518727693901706,5993.999999999999,0.9301458288035412,0.3002699956022267,
H2,L32-anode,Xe3,c1=1/500_c2=1/4_lt=0.1L,facility,success,3.535160515636261,7.400656215822092,-0.522317965793583,56.09860849153026,95.17124528500324,-0.4105508620430957,-7.974007508872037,3.4326602783691444,23.258206902720524,5993.999999999999,1.0105910070057404,0.3245407475389779,
H2,L32-anode,Xe3,c1=1/500_c2=1/4_lt=0.2L,facility,success,3.550125308672365,7.400656215822092,-0.5202958757789016,59.50370901241088,95.17124528500324,-0.3747721926489569,-7.27908903522293,3.6348358652261656,24.667203357425745,5993.999999999999,1.078077207384734,0.3635955708564382,
H2,L32-anode,Xe3,c1=1/500_c2=1/64_lt=0.05L,facility,success,3.287726635705974,7.400656215822092,-0.5557520117368725,45.52841991167469,95.17124528500324,-0.5216158013343879,-10.131188851699704,1.6907356633149901,6.565422600304705,5993.999999999999,1.1185434395292715,0.22984954509691904,
H2,L32-anode,Xe3,c1=1/500_c2=1/64_lt=0.1L,facility,success,3.3044877327472033,7.400656215822092,-0.5534871994617941,49.94578099369737,95.17124528500324,-0.47520093023761606,-9.229686590062423,1.6902776179514696,6.553126987070279,5993.999999999999,1.203930166323091,0.27521218949003595,
H2,L32-anode,Xe3,c1=1/500_c2=1/64_lt=0.2L,facility,success,3.2835343078461405,7.400656215822092,-0.5563184922944845,52.321779303119754,95.17124528500324,-0.4502354240880734,-8.744788975894588,1.7170142991905681,6.488518438342693,5993.999999999999,1.2296788850288218,0.30394684745039957,
H2,L32-anode,Xe3,c1=1/500_c2=1/8_lt=0.05L,facility,success,3.690487119664054,7.400656215822092,-0.5013297453577094,59.789587734474225,95.17124528500324,-0.37176835760185584,-7.220746438883473,2.028534917795136,12.030343842244974,6992.999999999998,1.024779153651441,0.3531356932608985,
H2,L32-anode,Xe3,c1=1/500_c2=1/8_lt=0.1L,facility,success,3.91747648663611,7.400656215822092,-0.47065822646094335,65.64729966966503,95.17124528500324,-0.31021917940576205,-6.025295023538408,1.1297254848053726,4.132470502574214,8990.999999999998,1.0119181533820536,0.40105277627802743,
H2,L32-anode,Xe3,c1=1/500_c2=1/8_lt=0.2L,facility,success,3.4459162222128192,7.400656215822092,-0.5343769360822777,55.25871976214439,95.17124528500324,-0.4193758882037885,-8.14541337201201,3.2451715006065522,22.705530458723096,5993.999999999999,1.0460898344241858,0.32305101929625046,
H2,L32-anode,Xe3,c1=1/50_c2=1/16_lt=0.05L,facility,success,7.669197325724528,7.400656215822092,0.036286121402087715,99.92896752914274,95.17124528500324,0.049991173593366835,0.9709637232937738,2.218765745555797,10.08672481037346,12986.999999999998,0.5915856317694659,0.4746867187858272,
H2,L32-anode,Xe3,c1=1/50_c2=1/16_lt=0.1L,facility,success,7.676991228480118,7.400656215822092,0.037339258114333175,93.05093687309552,95.17124528500324,-0.022278876414385095,-0.4327160024301464,2.2121318388625157,10.114797417940578,12986.999999999998,0.5458595269474932,0.41117305646289576,
H2,L32-anode,Xe3,c1=1/50_c2=1/16_lt=0.2L,facility,success,7.683023206441752,7.400656215822092,0.0381543179935826,104.3938431093931,95.17124528500324,0.09690529735921324,1.8821628213040529,2.1984426828583037,9.979394059225026,12986.999999999998,0.637731060270586,0.5171205766417553,
H2,L32-anode,Xe3,c1=1/50_c2=1/32_lt=0.05L,facility,success,6.150430101393421,7.400656215822092,-0.16893449418117468,82.76377549325669,95.17124528500324,-0.1303699426711367,-2.5321366921931756,0.5465781559660414,1.9239599725061072,6992.999999999998,0.6301012388273531,0.40602174477453673,
H2,L32-anode,Xe3,c1=1/50_c2=1/32_lt=0.1L,facility,success,6.046964387014841,7.400656215822092,-0.18291510770533456,84.34762512858862,95.17124528500324,-0.11372784000043101,-2.208902072737678,0.6636822857012888,2.477635514468971,6992.999999999998,0.6563906241058128,0.42892612589701634,
H2,L32-anode,Xe3,c1=1/50_c2=1/32_lt=0.2L,facility,success,6.077128419113982,7.400656215822092,-0.1788392485896723,85.71823047069851,95.17124528500324,-0.09932637516716726,-1.9291866967968836,0.6558371948081987,2.3567535465129397,6992.999999999998,0.6733011195103165,0.4407802965940279,
H2,L32-anode,Xe3,c1=1/50_c2=1/4_lt=0.05L,facility,success,9.215585208240787,7.400656215822092,0.24523892739923547,104.62954420145329,95.17124528500324,0.09938189721197702,1.9302650849898049,1.4597384718381476,5.170053009468263,8990.999999999998,0.43111684856508786,0.43307183506206215,
H2,L32-anode,Xe3,c1=1/50_c2=1/4_lt=0.1L,facility,success,9.814301791914463,7.400656215822092,0.3261393997645997,109.68303362257839,95.17124528500324,0.1524808075602838,2.961589456647989,1.221048259197888,4.02902894140811,9989.999999999998,0.4234980280558433,0.4468828533071499,
H2,L32-anode,Xe3,c1=1/50_c2=1/4_lt=0.2L,facility,success,9.822235216415262,7.400656215822092,0.32721138909492925,108.33188884050654,95.17124528500324,0.1382838221365283,2.6858456235721007,0.8902243582129512,2.9667355344119404,10988.999999999998,0.4171172116397761,0.4355885880073592,
H2,L32-anode,Xe3,c1=1/50_c2=1/8_lt=0.05L,facility,success,8.114340543828819,7.400656215822092,0.0964352764395296,95.16968344131233,95.17124528500324,-1.6410877952081797e-05,-0.0003187436103918017,2.3699168534598463,12.143994477886983,6992.999999999998,0.49454408139328276,0.4069285974870169,
H2,L32-anode,Xe3,c1=1/50_c2=1/8_lt=0.1L,facility,success,8.245471561961274,7.400656215822092,0.11415411302757517,91.06559926013718,95.17124528500324,-0.043139563978291516,-0.8378869438502187,2.4053294750907197,11.932564290239467,6992.999999999998,0.46329015914493166,0.3666632586885446,
H2,L32-anode,Xe3,c1=1/50_c2=1/8_lt=0.2L,facility,success,8.63704715287375,7.400656215822092,0.16706504139569936,98.22372664198352,95.17124528500324,0.03207356747134288,0.6229553789755661,2.2964190640498807,11.81696396096806,6992.999999999998,0.47676156421676485,0.4072318306308695,
H3,L32-exit,Xe1,c1=1/1000_c2=1/16_lt=0.05L,facility,success,2.569700760520126,7.582322357019064,-0.6610931796982599,20.224204427256787,82.32639228613156,-0.7543411794729684,-12.673915889566278,1.1546992241050822,4.525028014780931,6992.999999999998,1.3819449676030766,0.06896433224436317,
H3,L32-exit,Xe1,c1=1/1000_c2=1/16_lt=0.1L,facility,success,2.55313277838445,7.582322357019064,-0.6632782598564965,21.05071408485585,82.32639228613156,-0.7443017542698518,-12.50524044923994,1.1523198274148736,4.6014822519684175,6992.999999999998,1.3862018282055217,0.07520114608468192,
H3,L32-exit,Xe1,c1=1/1000_c2=1/16_lt=0.2L,facility,success,2.7464753562012456,7.582322357019064,-0.6377791358792871,23.97091791628111,82.32639228613156,-0.7088307011806325,-11.909280483642947,1.0351355948174161,3.743163009393593,6992.999999999998,1.31496426019054,0.09064791483646448,
H3,L32-exit,Xe1,c1=1/1000_c2=1/32_lt=0.05L,facility,success,2.319149729194644,7.582322357019064,-0.6941372814296435,19.309167055464965,82.32639228613156,-0.7654559307256595,-12.86065821034012,1.0532019915902393,4.185870264065513,5993.999999999999,1.5524611980220704,0.0696566344009451,
H3,L32-exit,Xe1,c1=1/1000_c2=1/32_lt=0.1L,facility,success,2.424749302192624,7.582322357019064,-0.6802102063165385,18.704015931193123,82.32639228613156,-0.7728065640701719,-12.984158439783352,1.02882584319093,4.028246700409488,5993.999999999999,1.3234854605981363,0.06251253057288171,
H3,L32-exit,Xe1,c1=1/1000_c2=1/32_lt=0.2L,facility,success,2.542312792151638,7.582322357019064,-0.6647052614693725,20.422625749821073,82.32639228613156,-0.7519310007070308,-12.63342174210418,0.9112736297441069,3.224187754303912,6992.999999999998,1.3385054771643612,0.07108179241174979,
H3,L32-exit,Xe1,c1=1/1000_c2=1/4_lt=0.05L,facility,success,3.183249020994385,7.582322357019064,-0.5801749291168549,13.355331946027752,82.32639228613156,-0.8377758143511221,-14.075726600021182,1.1723206361569463,4.325447670439226,8990.999999999998,1.2237979999029038,0.024277443665950887,
H3,L32-exit,Xe1,c1=1/1000_c2=1/4_lt=0.1L,facility,success,3.102190358401889,7.582322357019064,-0.5908654087319108,18.321671698101117,82.32639228613156,-0.777450812682004,-13.062187875108252,1.179438817958869,4.589842309338514,8990.999999999998,1.233509013631279,0.04688413906918814,
H3,L32-exit,Xe1,c1=1/1000_c2=1/4_lt=0.2L,facility,success,3.014377789309909,7.582322357019064,-0.6024466321298703,24.558910961395448,82.32639228613156,-0.701688483128969,-11.789281903007367,1.2223347348142701,4.984299470107403,8990.999999999998,1.2452798931900635,0.08669313805820973,
H3,L32-exit,Xe1,c1=1/1000_c2=1/64_lt=0.05L,facility,success,3.2133791467672177,7.582322357019064,-0.5762011959577863,8.252694714852142,82.32639228613156,-0.8997563905610089,-15.117081136995798,0.8782599302214554,3.0904484147595124,8990.999999999998,1.2684081469701742,0.009183194533004257,
H3,L32-exit,Xe1,c1=1/1000_c2=1/64_lt=0.1L,facility,success,3.419763144440157,7.582322357019064,-0.5489820950075497,9.54833729045775,82.32639228613156,-0.8840185142903896,-14.85266428483139,0.8766207737437427,2.9730965482747984,9989.999999999998,1.2209207685182626,0.011551108725795602,
H3,L32-exit,Xe1,c1=1/1000_c2=1/64_lt=0.2L,facility,success,3.6458253545355754,7.582322357019064,-0.519167718956108,2.764374908006411,82.32639228613156,-0.9664217654722606,-16.237146403699008,0.4813398815162392,4.719976949518003,13985.999999999996,1.3093945957284339,0.0009081596857640367,
H3,L32-exit,Xe1,c1=1/1000_c2=1/8_lt=0.05L,facility,success,2.92665032271396,7.582322357019064,-0.6140166317243532,17.503601949641773,82.32639228613156,-0.7873877202245583,-13.229140884997914,1.1726811516369011,4.295260247955534,7991.999999999998,1.2752631446515772,0.04535740676824889,
H3,L32-exit,Xe1,c1=1/1000_c2=1/8_lt=0.1L,facility,success,3.030453991342139,7.582322357019064,-0.6003264107418481,23.18665790472084,82.32639228613156,-0.7183569295234769,-12.069333547226677,1.1539343610756165,4.413812842732833,7991.999999999998,1.2863640105851912,0.0768657394776931,
H3,L32-exit,Xe1,c1=1/1000_c2=1/8_lt=0.2L,facility,success,2.7294907204397703,7.582322357019064,-0.640019166698572,25.18018053813504,82.32639228613156,-0.6941420626010255,-11.662492193468676,1.2175152392058417,4.735584897574636,7991.999999999998,1.3287260715593805,0.10064686517861883,
H3,L32-exit,Xe1,c1=1/100_c2=1/16_lt=0.05L,facility,success,4.306282269972682,7.582322357019064,-0.43206288690874567,59.505895361920004,82.32639228613156,-0.27719539616040995,-4.657244270247256,1.2945314119584086,4.9082592261255344,6992.999999999998,0.9706537729822106,0.3562719987530756,
H3,L32-exit,Xe1,c1=1/100_c2=1/16_lt=0.1L,facility,success,4.3011109683933055,7.582322357019064,-0.43274490771132856,67.69139301125861,82.32639228613156,-0.17776801422328717,-2.986734545892439,1.305099399187971,4.978354356251189,6992.999999999998,1.116923481690513,0.46158368607951633,
H3,L32-exit,Xe1,c1=1/100_c2=1/16_lt=0.2L,facility,success,4.315042252963025,7.582322357019064,-0.4309075702949336,61.10901365152576,82.32639228613156,-0.25772268218511524,-4.3300772723685315,1.291395251763711,4.866941337285158,6992.999999999998,0.9871507536699102,0.37496410118904355,
H3,L32-exit,Xe1,c1=1/100_c2=1/32_lt=0.05L,facility,success,3.9091431110039396,7.582322357019064,-0.4844398685601661,52.753029252344476,82.32639228613156,-0.35922092797413785,-6.035380210976955,1.2687748099522307,4.98494032459645,5993.999999999999,1.010513137855885,0.3084447852338,
H3,L32-exit,Xe1,c1=1/100_c2=1/32_lt=0.1L,facility,success,3.7749225933746526,7.582322357019064,-0.5021416373995029,51.84094595329902,82.32639228613156,-0.3702997967757178,-6.221519659761742,1.3390262873400816,5.417735182284638,5993.999999999999,1.068251087768291,0.3084622201491956,
H3,L32-exit,Xe1,c1=1/100_c2=1/32_lt=0.2L,facility,success,3.8844833673123715,7.582322357019064,-0.4876921364710312,49.890179945448295,82.32639228613156,-0.3939953086726887,-6.619635171568012,1.2938942124831594,5.022910865230124,5993.999999999999,0.9735583597500704,0.2776265971730177,
H3,L32-exit,Xe1,c1=1/100_c2=1/4_lt=0.05L,facility,success,4.885264046990835,7.582322357019064,-0.3557034616882945,70.28862951203533,82.32639228613156,-0.14621997198976108,-2.4566862804278036,1.3194811949882115,4.727614428817632,8990.999999999998,0.9005840372712378,0.4381736975271907,
H3,L32-exit,Xe1,c1=1/100_c2=1/4_lt=0.1L,facility,success,4.858748473380329,7.582322357019064,-0.3592004870536114,66.91529908752804,82.32639228613156,-0.18719505095086775,-3.145121060939494,1.356548317044217,4.859104705724207,8990.999999999998,0.8532088135627424,0.3992920149201126,
H3,L32-exit,Xe1,c1=1/100_c2=1/4_lt=0.2L,facility,success,4.863329591805786,7.582322357019064,-0.3585963029778426,68.49254399003452,82.32639228613156,-0.1680366151357206,-2.8232343461422538,1.3549881670579553,5.099820861112959,8990.999999999998,0.8708780001007406,0.41794303017466783,
H3,L32-exit,Xe1,c1=1/100_c2=1/64_lt=0.05L,facility,success,3.501715513595207,7.582322357019064,-0.5381737482641292,49.015275032827724,82.32639228613156,-0.4046225800534116,-6.798187194551803,0.9929210178095551,3.9698089668227996,4994.999999999999,1.129066636327655,0.2972666733447241,
H3,L32-exit,Xe1,c1=1/100_c2=1/64_lt=0.1L,facility,success,3.4749747139690594,7.582322357019064,-0.5417004777233949,45.90731451212648,82.32639228613156,-0.44237427102875876,-7.43246485183777,1.0902986339355483,3.833121969158942,4994.999999999999,1.0778049277763548,0.26277032792208826,
H3,L32-exit,Xe1,c1=1/100_c2=1/64_lt=0.2L,facility,success,3.2599227694705357,7.582322357019064,-0.5700627570321145,41.873883385240106,82.32639228613156,-0.4913674433867541,-8.255614061406419,1.0320043311453289,3.7154600571842233,4994.999999999999,1.0659194628192343,0.23304691735362476,
H3,L32-exit,Xe1,c1=1/100_c2=1/8_lt=0.05L,facility,success,4.660035655240019,7.582322357019064,-0.38540786901177343,62.88533121051265,82.32639228613156,-0.23614615599879613,-3.967563484820185,1.2209744360873225,4.442360072665855,7991.999999999998,0.8601838065743841,0.36768309369636537,
H3,L32-exit,Xe1,c1=1/100_c2=1/8_lt=0.1L,facility,success,4.84350255589758,7.582322357019064,-0.36121120577076476,64.90898244348116,82.32639228613156,-0.2115653238163879,-3.5545734372755917,1.2045276221985255,4.356854762036986,7991.999999999998,0.8485554315695059,0.37688969588424903,
H3,L32-exit,Xe1,c1=1/100_c2=1/8_lt=0.2L,facility,success,4.633494148376041,7.582322357019064,-0.3889083146027484,62.92855237332321,82.32639228613156,-0.2356211583448198,-3.9587428393486435,1.2480902525274462,4.674079053239938,7991.999999999998,0.8628991073962329,0.3702977379598758,
H3,L32-exit,Xe1,c1=1/160_c2=1/16_lt=0.05L,facility,success,3.5462775562945064,7.582322357019064,-0.5322966514327017,51.041341612541665,82.32639228613156,-0.3800124092023412,-6.384704219099977,1.117974051760911,3.8579642075653844,6992.999999999998,1.1243198552576452,0.3182992640330262,
H3,L32-exit,Xe1,c1=1/160_c2=1/16_lt=0.1L,facility,success,3.3191022542149162,7.582322357019064,-0.5622578284155414,43.97116849163895,82.32639228613156,-0.4658921972577901,-7.827596692753593,1.1954243316002768,4.424452786859259,6992.999999999998,1.0205216415648837,0.2523943197654723,
H3,L32-exit,Xe1,c1=1/160_c2=1/16_lt=0.2L,facility,success,3.3040446662755905,7.582322357019064,-0.5642437091563393,43.9019159006262,82.32639228613156,-0.46673339276131776,-7.8417298745929305,1.2545380426537047,4.891781758993787,6992.999999999998,1.0625534977782662,0.2527465479797158,
H3,L32-exit,Xe1,c1=1/160_c2=1/32_lt=0.05L,facility,success,3.237498636945637,7.582322357019064,-0.5730201797673983,45.731822341496766,82.32639228613156,-0.4445059345907885,-7.468279580537712,1.1258048801973386,4.0083773496439346,5993.999999999999,1.2211223725292768,0.2798927290267202,
H3,L32-exit,Xe1,c1=1/160_c2=1/32_lt=0.1L,facility,success,2.958817552672677,7.582322357019064,-0.6097742336246549,38.52264227841132,82.32639228613156,-0.5320742084200292,-8.93954081790209,1.1676027805867897,4.304985203450235,5993.999999999999,1.1472410637337647,0.21730921591433505,
H3,L32-exit,Xe1,c1=1/160_c2=1/32_lt=0.2L,facility,success,3.0600736659099637,7.582322357019064,-0.5964199988045602,37.876466989864504,82.32639228613156,-0.5399231529759982,-9.071413325768786,1.164248105620704,4.436723897311107,5993.999999999999,1.037675715053055,0.2031286765427713,
H3,L32-exit,Xe1,c1=1/160_c2=1/4_lt=0.05L,facility,success,3.8989207642747905,7.582322357019064,-0.4857880500602162,56.24136174771273,82.32639228613156,-0.3168489449623682,-5.323475620085476,1.1970121106656102,4.386818205584746,7991.999999999998,1.0355899846134864,0.35150494672840027,
H3,L32-exit,Xe1,c1=1/160_c2=1/4_lt=0.1L,facility,success,4.047551238019882,7.582322357019064,-0.4661858138657206,57.83113648050811,82.32639228613156,-0.2975383121428224,-4.999031797066011,1.188416639998916,4.442191166227152,7991.999999999998,1.012610386675762,0.3580101127212265,
H3,L32-exit,Xe1,c1=1/160_c2=1/4_lt=0.2L,facility,success,3.795022183087186,7.582322357019064,-0.4994907886534156,54.925664847597,82.32639228613156,-0.3328304165607218,-5.591985191537665,1.292315714526335,4.878939380552396,7991.999999999998,1.0241195525778257,0.34442964320094155,
H3,L32-exit,Xe1,c1=1/160_c2=1/64_lt=0.05L,facility,success,3.4668507943452638,7.582322357019064,-0.5427719066657789,40.97273592622214,82.32639228613156,-0.502313477021824,-8.439521706103962,0.7118458749288223,2.561442688921973,4994.999999999999,1.157810862520364,0.20980651686032195,
H3,L32-exit,Xe1,c1=1/160_c2=1/64_lt=0.1L,facility,success,3.3453981234443195,7.582322357019064,-0.5587897789194577,40.017802842041,82.32639228613156,-0.513912832437062,-8.634406008998074,0.7885447131326635,3.0956803151397994,5993.999999999999,1.2080755870502222,0.2074067407961297,
H3,L32-exit,Xe1,c1=1/160_c2=1/64_lt=0.2L,facility,success,3.1952155479226265,7.582322357019064,-0.5785967151654045,36.798399463662605,82.32639228613156,-0.5530181945084268,-9.291427106626317,0.7937920319690951,3.2117913350674407,5993.999999999999,1.1683570680075954,0.18362080788088625,
H3,L32-exit,Xe1,c1=1/160_c2=1/8_lt=0.05L,facility,success,3.652430801271658,7.582322357019064,-0.5182965548951436,59.43096115156378,82.32639228613156,-0.27810560500444365,-4.672536966238322,1.0841363479791228,3.7369857717826553,6992.999999999998,1.2186158428453506,0.4189939064070349,
H3,L32-exit,Xe1,c1=1/160_c2=1/8_lt=0.1L,facility,success,3.574368067239226,7.582322357019064,-0.5285919143321066,48.26302119611388,82.32639228613156,-0.41376003665541267,-6.951708385717892,1.17145363791816,4.379310621810656,6992.999999999998,0.9857698744716413,0.2823539926196516,
H3,L32-exit,Xe1,c1=1/160_c2=1/8_lt=0.2L,facility,success,3.8111112859120913,7.582322357019064,-0.49736886583513673,54.59845632874915,82.32639228613156,-0.33680494416677326,-5.658762440282124,1.1921719928361993,4.433603035336039,7991.999999999998,1.0787174811356823,0.33890134543812245,
H3,L32-exit,Xe1,c1=1/250_c2=1/16_lt=0.05L,facility,success,3.391647982284973,7.582322357019064,-0.5526900832506446,45.527024595720285,82.32639228613156,-0.44699356632211346,-7.510075038859443,0.7758425599867652,2.657838815663192,6992.999999999998,1.23851707370244,0.2647841355531248,
H3,L32-exit,Xe1,c1=1/250_c2=1/16_lt=0.1L,facility,success,3.345322016034227,7.582322357019064,-0.5587998163996002,43.89424759542376,82.32639228613156,-0.46682653792399886,-7.843294834838327,0.7601158790704914,2.350842709582518,6992.999999999998,1.1927841153047405,0.24954075510842794,
H3,L32-exit,Xe1,c1=1/250_c2=1/16_lt=0.2L,facility,success,3.0282074503105103,7.582322357019064,-0.6006226974104767,38.853561632517575,82.32639228613156,-0.5280546061404088,-8.872006255839588,0.9660331786849655,3.2654777241140196,5993.999999999999,1.0908807732921793,0.21599328207669397,
H3,L32-exit,Xe1,c1=1/250_c2=1/32_lt=0.05L,facility,success,3.286030766867042,7.582322357019064,-0.5666194851469066,40.20697681583951,82.32639228613156,-0.5116149791175454,-8.595799075569804,0.7160748850794796,2.5619258353448333,6992.999999999998,1.2731753329217648,0.21315494342260125,
H3,L32-exit,Xe1,c1=1/250_c2=1/32_lt=0.1L,facility,success,3.2700791853644313,7.582322357019064,-0.5687232708673653,40.163655098024584,82.32639228613156,-0.5121411981903351,-8.604640242470811,0.7154831870295354,2.347612010239144,6992.999999999998,1.2151874655363997,0.21373339494009028,
H3,L32-exit,Xe1,c1=1/250_c2=1/32_lt=0.2L,facility,success,3.0537432162007736,7.582322357019064,-0.5972548946862065,37.46624038567756,82.32639228613156,-0.5449060824205582,-9.155133040908979,0.869772908824821,2.907860236884981,5993.999999999999,1.1950960333122478,0.19916449104859824,
H3,L32-exit,Xe1,c1=1/250_c2=1/4_lt=0.05L,facility,success,3.4823642640856822,7.582322357019064,-0.5407259016280139,44.77848429625474,82.32639228613156,-0.4560859154300877,-7.662838365280984,1.099537430957731,4.005081990492598,7991.999999999998,1.0929689640612785,0.24947600236081416,
H3,L32-exit,Xe1,c1=1/250_c2=1/4_lt=0.1L,facility,success,3.4654690029874176,7.582322357019064,-0.5429541452060023,48.70908147304196,82.32639228613156,-0.40834184372187854,-6.860675676140734,1.0991761195821153,3.88655090817816,7991.999999999998,1.17954510338836,0.2966347709580406,
H3,L32-exit,Xe1,c1=1/250_c2=1/4_lt=0.2L,facility,success,3.3736705618320713,7.582322357019064,-0.5550610481880902,46.68838335753026,82.32639228613156,-0.432886805056861,-7.273063046653325,1.1125719950664097,4.053075614737927,7991.999999999998,1.1061401957546892,0.27994917783188805,
H3,L32-exit,Xe1,c1=1/250_c2=1/64_lt=0.05L,facility,success,2.7857539813617564,7.582322357019064,-0.6325988463438322,22.528073162472744,82.32639228613156,-0.726356608896759,-12.203738596665064,0.7778883452030616,2.8092556505149395,5993.999999999999,1.1620065559306714,0.0789349851149634,
H3,L32-exit,Xe1,c1=1/250_c2=1/64_lt=0.1L,facility,success,2.7813196746216295,7.582322357019064,-0.6331836680556159,23.40006103744111,82.32639228613156,-0.7157647701102651,-12.025781887487847,0.7695249608468799,2.8457884204924175,5993.999999999999,1.2323073456983495,0.08529965370695806,
H3,L32-exit,Xe1,c1=1/250_c2=1/64_lt=0.2L,facility,success,2.771822356182957,7.582322357019064,-0.6344362286816991,28.776336490316663,82.32639228613156,-0.6504603725339702,-10.928582815472426,0.8196560430227018,2.8854375969690604,5993.999999999999,1.3143542395961991,0.12944038875589042,
H3,L32-exit,Xe1,c1=1/250_c2=1/8_lt=0.05L,facility,success,3.41616308668768,7.582322357019064,-0.5494568911957047,43.81208061254197,82.32639228613156,-0.4678246016141483,-7.860063606855017,0.9262101053628407,3.207391136077048,7991.999999999998,1.1509178324957592,0.2434520052532114,
H3,L32-exit,Xe1,c1=1/250_c2=1/8_lt=0.1L,facility,success,3.3983297524971565,7.582322357019064,-0.5518088532135178,37.555332055342056,82.32639228613156,-0.5438239061318796,-9.136951067508061,0.946136817180077,3.4038251691235155,7991.999999999998,0.9800555310318572,0.17982161353629733,
H3,L32-exit,Xe1,c1=1/250_c2=1/8_lt=0.2L,facility,success,3.1648250803259548,7.582322357019064,-0.5826047836918683,43.988384423211045,82.32639228613156,-0.4656830792447929,-7.824083237330716,1.0109535978461526,3.388012633323087,6992.999999999998,1.1256404300889407,0.2649052146759285,
H3,L32-exit,Xe1,c1=1/500_c2=1/16_lt=0.05L,facility,success,2.6977170205854573,7.582322357019064,-0.6442096637993581,31.285854158050594,82.32639228613156,-0.6199778310542959,-10.416436352669583,0.9633192055235823,3.601925062648369,6992.999999999998,1.4730227329074914,0.15720408836461178,
H3,L32-exit,Xe1,c1=1/500_c2=1/16_lt=0.1L,facility,success,2.6966840348701013,7.582322357019064,-0.6443458998582745,27.18622090107768,82.32639228613156,-0.6697751456593661,-11.253096201031402,0.9579010307718461,3.2983981205384687,7991.999999999998,1.3012815524802526,0.11874950674789608,
H3,L32-exit,Xe1,c1=1/500_c2=1/16_lt=0.2L,facility,success,2.7868527658390687,7.582322357019064,-0.6324539323681959,28.915041247346412,82.32639228613156,-0.6487755573346393,-10.90027572220105,0.9115276046502593,3.155617894922006,7991.999999999998,1.247637754919212,0.1299863661752778,
H3,L32-exit,Xe1,c1=1/500_c2=1/32_lt=0.05L,facility,success,2.672922476905595,7.582322357019064,-0.647479709902965,22.790204058863065,82.32639228613156,-0.7231725643988626,-12.150242495360917,0.7542083564902785,2.7325475218296122,6992.999999999998,1.3213418266359538,0.0841926656439143,
H3,L32-exit,Xe1,c1=1/500_c2=1/32_lt=0.1L,facility,success,2.744200269732772,7.582322357019064,-0.6380791872832436,24.842217619944226,82.32639228613156,-0.6982472214547769,-11.731464217589252,0.7600339949773199,2.7515279901020993,6992.999999999998,1.385079321713025,0.09743816951782372,
H3,L32-exit,Xe1,c1=1/500_c2=1/32_lt=0.2L,facility,success,2.623834853458006,7.582322357019064,-0.6539536661839384,25.862296046705346,82.32639228613156,-0.6858565603504282,-11.523284946821676,0.7061490848367582,2.598700443143463,6992.999999999998,1.3554275546111756,0.1104490173624235,
H3,L32-exit,Xe1,c1=1/500_c2=1/4_lt=0.05L,facility,success,2.850129389931354,7.582322357019064,-0.6241086496021963,28.914577332292456,82.32639228613156,-0.6487811924054966,-10.900370398742673,1.2672921933951884,4.506703261532622,8990.999999999998,1.247259309169805,0.12709641935785523,
H3,L32-exit,Xe1,c1=1/500_c2=1/4_lt=0.1L,facility,success,2.8324294649635653,7.582322357019064,-0.6264430168493766,29.538167815365476,82.32639228613156,-0.6412065803551387,-10.77310703485022,1.25883000644922,4.322006584839709,8990.999999999998,1.2406122753104891,0.1334664776334634,
H3,L32-exit,Xe1,c1=1/500_c2=1/4_lt=0.2L,facility,success,2.7822614139533757,7.582322357019064,-0.6330594660911776,30.656043310733562,82.32639228613156,-0.6276280004571781,-10.544969178652652,1.2919885694988031,4.6948592633802555,8990.999999999998,1.1509073952571884,0.14635193360444645,
H3,L32-exit,Xe1,c1=1/500_c2=1/64_lt=0.05L,facility,success,2.2854343224703633,7.582322357019064,-0.6985838619279087,17.493106566388583,82.32639228613156,-0.7875152052626091,-13.231282799947545,0.7411981694817248,3.1249722860329063,5993.999999999999,1.5473146748665605,0.05801353557250712,
H3,L32-exit,Xe1,c1=1/500_c2=1/64_lt=0.1L,facility,success,2.3710068115375513,7.582322357019064,-0.6872980730840761,17.846730483009363,82.32639228613156,-0.7832198158157871,-13.159114653698406,0.6352661150468268,2.5175285617817753,5993.999999999999,1.526179066538091,0.05820344945004122,
H3,L32-exit,Xe1,c1=1/500_c2=1/64_lt=0.2L,facility,success,1.2362740698496124,7.582322357019064,-0.8369531112449768,10.383785323079998,82.32639228613156,-0.8738705166747697,-14.682164686337051,1.0101757181220519,4.734919157129344,998.9999999999998,1.507961189230778,0.037788603006556815,
H3,L32-exit,Xe1,c1=1/500_c2=1/8_lt=0.05L,facility,success,2.882881826600488,7.582322357019064,-0.6197890710974899,29.255231255311337,82.32639228613156,-0.6446433465269245,-10.83084918996331,1.119256451457411,3.9002542505253253,7991.999999999998,1.2634515076055846,0.12863063867841312,
H3,L32-exit,Xe1,c1=1/500_c2=1/8_lt=0.1L,facility,success,2.8897928078655517,7.582322357019064,-0.6188776113969319,28.23835157790364,82.32639228613156,-0.6569951531489546,-11.038375654740392,1.1027860284103135,4.098849255268891,7991.999999999998,1.2088574277795383,0.11955732012041409,
H3,L32-exit,Xe1,c1=1/500_c2=1/8_lt=0.2L,facility,success,2.945331850016084,7.582322357019064,-0.6115528051521644,32.620280103692565,82.32639228613156,-0.6037688619912029,-10.144104527028366,1.061760498714757,4.160611079059934,7991.999999999998,1.234450644273031,0.15653279271296558,
H3,L32-exit,Xe1,c1=1/50_c2=1/16_lt=0.05L,facility,success,5.814686309978963,7.582322357019064,-0.2331259426610601,66.50021397749187,82.32639228613156,-0.19223699556315577,-3.2298323078856512,1.2046420061629386,4.521614388741937,6992.999999999998,0.7102369880064043,0.3295216780554966,
H3,L32-exit,Xe1,c1=1/50_c2=1/16_lt=0.1L,facility,success,5.851298669087473,7.582322357019064,-0.22829729552834918,69.26861798566318,82.32639228613156,-0.1586098204702704,-2.664851898054771,1.2102890505150186,4.583326173992257,6992.999999999998,0.7221876990007615,0.35529162867223263,
H3,L32-exit,Xe1,c1=1/50_c2=1/16_lt=0.2L,facility,success,5.84587958124133,7.582322357019064,-0.22901199579971485,69.26789955420259,82.32639228613156,-0.15861854709414702,-2.6649985167201997,1.187898948717321,4.616834633104668,6992.999999999998,0.7297363528620179,0.3556136046965877,
H3,L32-exit,Xe1,c1=1/50_c2=1/32_lt=0.05L,facility,success,5.177219940646699,7.582322357019064,-0.31719865011356674,56.445376795976564,82.32639228613156,-0.31437082048006654,-5.281839895949999,1.2720215386440215,6.071926829281102,4994.999999999999,0.8082135948945435,0.26663940604349523,
H3,L32-exit,Xe1,c1=1/50_c2=1/32_lt=0.1L,facility,success,5.265803828554844,7.582322357019064,-0.3055157007825953,61.59176899084609,82.32639228613156,-0.2518587626580396,-4.231555774548054,1.3660054488396336,6.826580232580334,4994.999999999999,0.8649879372287359,0.3121367290970205,
H3,L32-exit,Xe1,c1=1/50_c2=1/32_lt=0.2L,facility,success,5.232954416273746,7.582322357019064,-0.309848068985154,62.04077000342536,82.32639228613156,-0.24640484927606202,-4.1399229148379995,1.3972414524544918,6.313265816932749,4994.999999999999,0.8526599031462533,0.3186923234596856,
H3,L32-exit,Xe1,c1=1/50_c2=1/4_lt=0.05L,facility,success,7.1557230756519425,7.582322357019064,-0.05626235093687518,86.34217462836172,82.32639228613156,0.04877879657683776,0.8195474167816644,1.3548537139045802,5.50377678753035,9989.999999999998,0.613244535656851,0.45139488724618515,
H3,L32-exit,Xe1,c1=1/50_c2=1/4_lt=0.1L,facility,success,7.264140223151004,7.582322357019064,-0.04196367799814185,84.24794008046469,82.32639228613156,0.02334060488955521,0.39215261108839233,1.3562693489903435,5.756278291127161,9989.999999999998,0.574933064215435,0.4233490195248301,
H3,L32-exit,Xe1,c1=1/50_c2=1/4_lt=0.2L,facility,success,7.144649331041844,7.582322357019064,-0.05772281965459561,82.83236906246692,82.32639228613156,0.006145985051510602,0.10326056659905351,1.342135527966462,5.336652993843931,10988.999999999998,0.567986976611743,0.41608632531706163,
H3,L32-exit,Xe1,c1=1/50_c2=1/8_lt=0.05L,facility,success,6.738377621399404,7.582322357019064,-0.11130425427486715,77.73775873636028,82.32639228613156,-0.05573709016451417,-0.9364558264839343,1.1739918186364462,4.2880383349807385,8990.999999999998,0.6120151959927586,0.38857323297632135,
H3,L32-exit,Xe1,c1=1/50_c2=1/8_lt=0.1L,facility,success,6.736972776445366,7.582322357019064,-0.11148953325509105,77.70188365447098,82.32639228613156,-0.056172856641012,-0.9437772717674661,1.2196507916482702,4.790694391370756,8990.999999999998,0.6075437091552804,0.3882956250570593,
H3,L32-exit,Xe1,c1=1/50_c2=1/8_lt=0.2L,facility,success,6.756511675261555,7.582322357019064,-0.10891263162836175,84.61244524453721,82.32639228613156,0.027768166379261567,0.4665414200827871,1.236575180052308,5.025211931500832,8990.999999999998,0.6733245163962562,0.4591030268585582,
H3,L32-exit,Xe2,c1=1/1000_c2=1/16_lt=0.05L,facility,success,3.1587781234680925,8.589692369157012,-0.6322594584632263,9.659625241115071,93.01516772729975,-0.8961499992191059,-17.011335201262177,1.0787279530198202,4.100018674710366,9989.999999999998,1.282475104457426,0.011801591669591636,
H3,L32-exit,Xe2,c1=1/1000_c2=1/16_lt=0.1L,facility,success,3.0514394271858607,8.589692369157012,-0.6447556797094787,12.200964129694809,93.01516772729975,-0.8688282306229305,-16.49269461175611,1.1354864276494372,4.325535873369062,9989.999999999998,1.3364104864840718,0.0194904873084029,
H3,L32-exit,Xe2,c1=1/1000_c2=1/16_lt=0.2L,facility,success,2.8631337204676215,8.589692369157012,-0.6666779673334672,23.801048994520542,93.01516772729975,-0.7441164750215788,-14.12533035362841,1.1243550078270408,4.24121442139052,7991.999999999998,1.311557869761112,0.07904778684176178,
H3,L32-exit,Xe2,c1=1/1000_c2=1/32_lt=0.05L,facility,success,2.8035956092868557,8.589692369157012,-0.6736093111606978,15.73340450442969,93.01516772729975,-0.8308511946077805,-15.771788412830626,1.0160034159980025,3.9094813671665323,6992.999999999998,1.5229731592142863,0.0352751765612199,
H3,L32-exit,Xe2,c1=1/1000_c2=1/32_lt=0.1L,facility,success,2.626527145281796,8.589692369157012,-0.6942233746678913,19.953018236328877,93.01516772729975,-0.7854864026604049,-14.910642753259362,1.077584625000901,4.05308997323569,6992.999999999998,1.460637234016914,0.06055840885397279,
H3,L32-exit,Xe2,c1=1/1000_c2=1/32_lt=0.2L,facility,success,2.5157195101100385,8.589692369157012,-0.7071234449392825,22.434174998377408,93.01516772729975,-0.758811648180332,-14.404284230392314,1.0483154876217757,3.678012257058243,6992.999999999998,1.3618456565272063,0.07992766746218657,
H3,L32-exit,Xe2,c1=1/1000_c2=1/4_lt=0.05L,facility,success,3.5894369302698164,8.589692369157012,-0.5821227610946349,14.1890280689556,93.01516772729975,-0.8474546849116615,-16.08696727721309,1.0637180751151503,4.037964167150041,9989.999999999998,1.180349244137514,0.022408775169205256,
H3,L32-exit,Xe2,c1=1/1000_c2=1/4_lt=0.1L,facility,success,3.3501243799820553,8.589692369157012,-0.6099831942746472,13.971834338025312,93.01516772729975,-0.8497897205433451,-16.13129252842335,1.1571170967539148,4.416944279478027,10988.999999999998,1.1850316598844437,0.023280112477868667,
H3,L32-exit,Xe2,c1=1/1000_c2=1/4_lt=0.2L,facility,success,3.327994432243575,8.589692369157012,-0.6125595319113644,15.477462758694644,93.01516772729975,-0.8336028076187402,-15.824021422164305,1.2809660248844794,5.173987640473406,9989.999999999998,1.1579745937152255,0.028757828852803948,
H3,L32-exit,Xe2,c1=1/1000_c2=1/64_lt=0.05L,facility,success,3.3298531526954247,8.589692369157012,-0.6123431422699234,9.142641876482383,93.01516772729975,-0.901708053644685,-17.116842010370892,0.8727074199200682,3.13489732126579,9989.999999999998,1.2822059809528052,0.010028996642781111,
H3,L32-exit,Xe2,c1=1/1000_c2=1/64_lt=0.1L,facility,success,3.396862450446915,8.589692369157012,-0.6045420133270406,9.770103376213532,93.01516772729975,-0.8949622559961687,-16.98878864307882,0.8179009385915861,3.1380040863807532,8990.999999999998,1.2731287881263025,0.01122689102182674,
H3,L32-exit,Xe2,c1=1/1000_c2=1/64_lt=0.2L,facility,success,2.6300635229779683,8.589692369157012,-0.6938116745109835,17.97654399885946,93.01516772729975,-0.806735348243818,-15.314004842538836,0.6684283539125051,2.322805155931128,6992.999999999998,1.4660849937727616,0.04908912788594284,
H3,L32-exit,Xe2,c1=1/1000_c2=1/8_lt=0.05L,facility,success,3.3596531562539917,8.589692369157012,-0.6088738674370353,11.54231423213577,93.01516772729975,-0.8759093327017877,-16.62711295819673,1.0874996143812494,4.2178211785207225,9989.999999999998,1.2175378691009424,0.015842747240541973,
H3,L32-exit,Xe2,c1=1/1000_c2=1/8_lt=0.1L,facility,success,3.511521617409007,8.589692369157012,-0.591193553098849,11.845865734640862,93.01516772729975,-0.8726458703018162,-16.565163671971202,1.108414708964985,4.16681021261127,9989.999999999998,1.1968075076343525,0.015965312210117044,
H3,L32-exit,Xe2,c1=1/1000_c2=1/8_lt=0.2L,facility,success,3.22592845447513,8.589692369157012,-0.6244419106255232,14.060196279725702,93.01516772729975,-0.8488397470727878,-16.113259479096744,1.2485392261347301,4.916421376587525,9989.999999999998,1.246241989843007,0.024483143950489613,
H3,L32-exit,Xe2,c1=1/100_c2=1/16_lt=0.05L,facility,success,4.340897179351883,8.589692369157012,-0.4946388074456855,63.09359574649119,93.01516772729975,-0.32168486830591014,-6.1064432613895026,1.1586597304426316,4.759392148675351,7991.999999999998,0.9122669664971251,0.36637869299730996,
H3,L32-exit,Xe2,c1=1/100_c2=1/16_lt=0.1L,facility,success,4.415739318743966,8.589692369157012,-0.48592579000855135,66.28664591065518,93.01516772729975,-0.28735659430305804,-5.45480037074379,1.1389956573155322,4.563159154845575,7991.999999999998,0.9794047005362929,0.3975463881035431,
H3,L32-exit,Xe2,c1=1/100_c2=1/16_lt=0.2L,facility,success,4.763833045960002,8.589692369157012,-0.4454012039982379,73.84268646410604,93.01516772729975,-0.20612209526303568,-3.9127512782028,1.0788885361939717,3.8846915688454215,7991.999999999998,0.9931006617993001,0.45729620189605963,
H3,L32-exit,Xe2,c1=1/100_c2=1/32_lt=0.05L,facility,success,4.227918000621225,8.589692369157012,-0.507791685788143,54.124625972320715,93.01516772729975,-0.418109677219501,-7.936845256118171,1.1422132448618763,4.56704240897247,5993.999999999999,0.9038479365736167,0.2768231530921696,
H3,L32-exit,Xe2,c1=1/100_c2=1/32_lt=0.1L,facility,success,4.212532334372633,8.589692369157012,-0.5095828635844325,57.77043442446453,93.01516772729975,-0.3789138284001714,-7.19280271486433,1.1135434476073274,4.350307758963935,5993.999999999999,0.9753699719396073,0.31652438214503,
H3,L32-exit,Xe2,c1=1/100_c2=1/32_lt=0.2L,facility,success,4.376258856352907,8.589692369157012,-0.49052205035110114,63.09114987333106,93.01516772729975,-0.3217111637286879,-6.106942419177284,1.1761327779841504,4.73790160347567,5993.999999999999,1.011366212117696,0.3633900512788,
H3,L32-exit,Xe2,c1=1/100_c2=1/4_lt=0.05L,facility,success,4.953328933188149,8.589692369157012,-0.42334035722000296,73.79839451108495,93.01516772729975,-0.20659827516039322,-3.9217904522887346,1.1690088529529743,4.257194861681057,9989.999999999998,0.8448024836252571,0.439274313923365,
H3,L32-exit,Xe2,c1=1/100_c2=1/4_lt=0.1L,facility,success,5.213572663922521,8.589692369157012,-0.3930431452186945,74.64696999910325,93.01516772729975,-0.19747529544910425,-3.7486117812645925,1.114248761656173,3.7607930208019895,9989.999999999998,0.8054764851447095,0.42700020879820166,
H3,L32-exit,Xe2,c1=1/100_c2=1/4_lt=0.2L,facility,success,5.310570965774536,8.589692369157012,-0.38175073826355055,74.16499251253961,93.01516772729975,-0.20265700396331882,-3.84697453362452,1.0907204819784686,3.6180428302583887,9989.999999999998,0.7741762774696058,0.41380510876163773,
H3,L32-exit,Xe2,c1=1/100_c2=1/64_lt=0.05L,facility,success,3.758805146993747,8.589692369157012,-0.5624051496313791,49.73840866562605,93.01516772729975,-0.46526561333041677,-8.831991645239532,0.9712484397550191,3.540872473390152,4994.999999999999,1.0535736015231059,0.2629499606350968,
H3,L32-exit,Xe2,c1=1/100_c2=1/64_lt=0.1L,facility,success,3.969419493536416,8.589692369157012,-0.5378857212873652,52.864905467002146,93.01516772729975,-0.4316528501890084,-8.193931073530123,0.9765833458529668,3.64295817176582,4994.999999999999,1.0263753351491143,0.2812853230802449,
H3,L32-exit,Xe2,c1=1/100_c2=1/64_lt=0.2L,facility,success,3.7859657047829733,8.589692369157012,-0.5592431553920102,48.83856618889281,93.01516772729975,-0.47493976109276215,-9.015632967021824,0.9566318733707343,3.4865318224904818,4994.999999999999,1.020962100365141,0.2517029383863221,
H3,L32-exit,Xe2,c1=1/100_c2=1/8_lt=0.05L,facility,success,4.974582923878232,8.589692369157012,-0.42086599728059465,75.21368684854201,93.01516772729975,-0.1913825595729485,-3.6329552813791306,1.0888861107435421,3.8578979096752337,8990.999999999998,0.877883677691119,0.4543350382408856,
H3,L32-exit,Xe2,c1=1/100_c2=1/8_lt=0.1L,facility,success,4.9623567116879785,8.589692369157012,-0.42228935584395305,76.88336424235585,93.01516772729975,-0.17343196684049256,-3.2922047928456943,1.111413596345089,4.100979899447209,8990.999999999998,0.9083143607156585,0.47590024497777067,
H3,L32-exit,Xe2,c1=1/100_c2=1/8_lt=0.2L,facility,success,5.120312998030522,8.589692369157012,-0.40390030539207455,66.8430422151975,93.01516772729975,-0.28137481393177977,-5.341250104510664,1.123308289056904,4.20124818434554,8990.999999999998,0.7539496784838737,0.3486222135049595,
H3,L32-exit,Xe2,c1=1/160_c2=1/16_lt=0.05L,facility,success,3.850534526220584,8.589692369157012,-0.5517261432962735,51.7994846340165,93.01516772729975,-0.443107120057222,-8.41136389658842,1.0426899295256735,3.4997026437991727,6992.999999999998,0.9832483649907159,0.27839985595017014,
H3,L32-exit,Xe2,c1=1/160_c2=1/16_lt=0.1L,facility,success,3.8293574436099256,8.589692369157012,-0.5541915497043887,54.42198921359156,93.01516772729975,-0.4149127444123415,-7.876158880348611,1.0755460143258884,3.6636149623564793,6992.999999999998,1.0491753638479853,0.30900255302320834,
H3,L32-exit,Xe2,c1=1/160_c2=1/16_lt=0.2L,facility,success,3.621946341383248,8.589692369157012,-0.5783380608147781,54.771053682458316,93.01516772729975,-0.41115997508024565,-7.8049212336411085,1.1626305498140759,4.280843342482234,7991.999999999998,1.111436942910467,0.3309019528974548,
H3,L32-exit,Xe2,c1=1/160_c2=1/32_lt=0.05L,facility,success,3.720431840471579,8.589692369157012,-0.5668725164325413,51.69491603880434,93.01516772729975,-0.4442313302023753,-8.432704426223555,1.0460473902095118,3.6619364098585168,5993.999999999999,1.147236317059532,0.2869732832197175,
H3,L32-exit,Xe2,c1=1/160_c2=1/32_lt=0.1L,facility,success,3.711169411497239,8.589692369157012,-0.5679508354894145,46.82227582535569,93.01516772729975,-0.4966167672499563,-9.427120796315114,1.0677832295225558,3.8284771566265854,6992.999999999998,1.0206193340384402,0.2360116322613314,
H3,L32-exit,Xe2,c1=1/160_c2=1/32_lt=0.2L,facility,success,3.671070911450894,8.589692369157012,-0.5726190469134146,52.32801488277022,93.01516772729975,-0.4374249258337675,-8.303500580516232,1.0934068656991216,4.002340749148507,6992.999999999998,1.1425140920402734,0.29799906136197096,
H3,L32-exit,Xe2,c1=1/160_c2=1/4_lt=0.05L,facility,success,4.097271694910506,8.589692369157012,-0.5230013464018142,55.89705099704975,93.01516772729975,-0.3990544514102501,-7.575125863316327,1.2215369723287122,4.8152843731921475,8990.999999999998,0.9331361266414452,0.30466472912011855,
H3,L32-exit,Xe2,c1=1/160_c2=1/4_lt=0.1L,facility,success,4.104139856142486,8.589692369157012,-0.5222017646546678,63.62704584920423,93.01516772729975,-0.31594978105350635,-5.997575893488883,1.2213332635996752,4.4595983002804855,8990.999999999998,1.042759212701299,0.39409463096135716,
H3,L32-exit,Xe2,c1=1/160_c2=1/4_lt=0.2L,facility,success,4.064134776006419,8.589692369157012,-0.5268591002630667,60.15091114510108,93.01516772729975,-0.35332147847703216,-6.706991139224219,1.264756550553802,4.764169527148262,8990.999999999998,0.9670338968047185,0.3556767436210473,
H3,L32-exit,Xe2,c1=1/160_c2=1/64_lt=0.05L,facility,success,3.2090127491659692,8.589692369157012,-0.626411213434306,40.44085858066159,93.01516772729975,-0.5652229677290332,-10.729450846252686,1.044917884401975,3.6194039157928017,5993.999999999999,1.159656435155367,0.2036143782549223,
H3,L32-exit,Xe2,c1=1/160_c2=1/64_lt=0.1L,facility,success,3.197345341969873,8.589692369157012,-0.6277695166999725,38.3159515501059,93.01516772729975,-0.5880677045872783,-11.16310534228446,0.9330166166825585,3.541424772486075,5993.999999999999,1.1551812180929715,0.18344624847592458,
H3,L32-exit,Xe2,c1=1/160_c2=1/64_lt=0.2L,facility,success,3.138440116623079,8.589692369157012,-0.6346271808415086,40.46609609286859,93.01516772729975,-0.5649516408817712,-10.72430033355738,0.9383258296356125,3.0732877720842624,5993.999999999999,1.1507166449470512,0.2084528901597634,
H3,L32-exit,Xe2,c1=1/160_c2=1/8_lt=0.05L,facility,success,4.058667174341024,8.589692369157012,-0.5274956308197404,72.72047404947261,93.01516772729975,-0.21818692772050655,-4.141774219964723,1.1009487522464485,3.7665756669933743,7991.999999999998,1.2636883447368126,0.5205579865759982,
H3,L32-exit,Xe2,c1=1/160_c2=1/8_lt=0.1L,facility,success,3.928894474083926,8.589692369157012,-0.5426035875054853,57.48835027035391,93.01516772729975,-0.3819464967380669,-7.250370909580783,1.1067567037447927,3.875502768772721,7991.999999999998,1.0029388861077009,0.33606901884972135,
H3,L32-exit,Xe2,c1=1/160_c2=1/8_lt=0.2L,facility,success,3.881747493287797,8.589692369157012,-0.5480923732232857,50.287537694522385,93.01516772729975,-0.45936196296549714,-8.719924496485177,1.164139881402104,4.2117730801119455,7991.999999999998,0.8724380421211417,0.26027509364466356,
H3,L32-exit,Xe2,c1=1/250_c2=1/16_lt=0.05L,facility,success,3.4643609127957395,8.589692369157012,-0.5966839365242914,44.177373485411415,93.01516772729975,-0.525051939755354,-9.966896784058843,0.9757931989756532,3.5328309414365817,7991.999999999998,1.1390675139500277,0.22506906361513493,
H3,L32-exit,Xe2,c1=1/250_c2=1/16_lt=0.1L,facility,success,3.468705477401,8.589692369157012,-0.5961781483751301,46.488612782447234,93.01516772729975,-0.5002039568563513,-9.495215294867862,0.9627085464216282,3.1650575953909166,7991.999999999998,1.1876462374956358,0.24892292661257795,
H3,L32-exit,Xe2,c1=1/250_c2=1/16_lt=0.2L,facility,success,3.2451249321459077,8.589692369157012,-0.6222070834808741,45.28116419886044,93.01516772729975,-0.5131851578054993,-9.74163337315088,0.9824602104486791,3.5180512372272457,6992.999999999998,1.1771037926198453,0.25243112206054646,
H3,L32-exit,Xe2,c1=1/250_c2=1/32_lt=0.05L,facility,success,3.0811037921709,8.589692369157012,-0.6413021957300575,39.71901550592253,93.01516772729975,-0.5729834555330799,-10.876765759464739,0.8948316214351719,2.868370268123011,5993.999999999999,1.2100339131759774,0.20456426629362368,
H3,L32-exit,Xe2,c1=1/250_c2=1/32_lt=0.1L,facility,success,3.0051857013701198,8.589692369157012,-0.6501404739288646,38.819292516239216,93.01516772729975,-0.5826563186979468,-11.060382696134802,0.9590205777657125,3.086964241804097,5993.999999999999,1.207171082041094,0.2003378777156389,
H3,L32-exit,Xe2,c1=1/250_c2=1/32_lt=0.2L,facility,success,3.0157551605594897,8.589692369157012,-0.6489099922381208,41.446722825103826,93.01516772729975,-0.554408986858825,-10.524172429019577,0.9839096601421563,3.326457507595415,6992.999999999998,1.2374102308713921,0.22757443032406977,
H3,L32-exit,Xe2,c1=1/250_c2=1/4_lt=0.05L,facility,success,3.4876350395020057,8.589692369157012,-0.5939743951686735,46.193930139006014,93.01516772729975,-0.5033720707311244,-9.555354609855865,1.3473408698712275,5.00996666748985,8990.999999999998,1.1028112547292332,0.24444319106012533,
H3,L32-exit,Xe2,c1=1/250_c2=1/4_lt=0.1L,facility,success,3.4950695171256516,8.589692369157012,-0.5931088836574183,48.165251642992835,93.01516772729975,-0.48217852184922266,-9.153044098838146,1.3061173791202312,4.754705230563051,8990.999999999998,1.1239784046131238,0.2651862483833125,
H3,L32-exit,Xe2,c1=1/250_c2=1/4_lt=0.2L,facility,success,3.5299698888275333,8.589692369157012,-0.5890458310820783,54.019470613861685,93.01516772729975,-0.4192401956180413,-7.958305533354708,1.302243630555162,4.809970582342691,8990.999999999998,1.197273886311331,0.33026974964431055,
H3,L32-exit,Xe2,c1=1/250_c2=1/64_lt=0.05L,facility,success,3.065100884777631,8.589692369157012,-0.6431652318791438,34.61250293265989,93.01516772729975,-0.6278832390633727,-11.918911182579564,0.887234443126236,3.0535925227528016,5993.999999999999,1.283587181452001,0.1561566156420845,
H3,L32-exit,Xe2,c1=1/250_c2=1/64_lt=0.1L,facility,success,3.0962123731072597,8.589692369157012,-0.6395432758191874,37.2766077866428,93.01516772729975,-0.5992416215823025,-11.375216314419786,0.8219075784401676,2.7288817197711004,5993.999999999999,1.3247334457498763,0.17930036635670663,
H3,L32-exit,Xe2,c1=1/250_c2=1/64_lt=0.2L,facility,success,3.0378507827146395,8.589692369157012,-0.6463376507379189,34.72316999753916,93.01516772729975,-0.6266934646686878,-11.89632606729808,0.9289002551589569,3.100824263861685,5993.999999999999,1.2413305321816597,0.15856650200378872,
H3,L32-exit,Xe2,c1=1/250_c2=1/8_lt=0.05L,facility,success,3.284504728147711,8.589692369157012,-0.6176225425788967,44.19208780135975,93.01516772729975,-0.5248937471045438,-9.963893862436736,1.2132696561886265,4.472115450797528,8990.999999999998,1.1415057075323574,0.2375517852224735,
H3,L32-exit,Xe2,c1=1/250_c2=1/8_lt=0.1L,facility,success,3.3085972017061827,8.589692369157012,-0.6148177304246244,45.93185842890825,93.01516772729975,-0.5061895865890339,-9.608838632324796,1.2012249469504874,4.442086420133025,8990.999999999998,1.159005202555144,0.2547553348932507,
H3,L32-exit,Xe2,c1=1/250_c2=1/8_lt=0.2L,facility,success,3.603207170194634,8.589692369157012,-0.5805196489768758,54.85800399263204,93.01516772729975,-0.4102251779681376,-7.787176272381165,1.1556277590136388,4.360219677895272,8990.999999999998,1.2375454791450717,0.3336798033196251,
H3,L32-exit,Xe2,c1=1/500_c2=1/16_lt=0.05L,facility,success,2.9778516130465578,8.589692369157012,-0.6533226703509054,30.231894377080476,93.01516772729975,-0.674978875856959,-12.812912928616178,1.1284553131723225,3.876334061717444,7991.999999999998,1.2851975435749468,0.12262155538415574,
H3,L32-exit,Xe2,c1=1/500_c2=1/16_lt=0.1L,facility,success,2.9767347766355727,8.589692369157012,-0.6534526908874959,31.177771295312127,93.01516772729975,-0.6648098148173148,-12.619876822854616,1.10537286051969,4.075200482884004,7991.999999999998,1.2730396008160776,0.1304635353522263,
H3,L32-exit,Xe2,c1=1/500_c2=1/16_lt=0.2L,facility,success,3.0692963384886482,8.589692369157012,-0.6426768030122285,34.09322309104067,93.01516772729975,-0.6334659827632136,-12.024886660461037,1.0884254068005315,3.7345998439218624,7991.999999999998,1.259282392293092,0.15129913661566366,
H3,L32-exit,Xe2,c1=1/500_c2=1/32_lt=0.05L,facility,success,2.8527590146410273,8.589692369157012,-0.6678857761094655,28.58375174487739,93.01516772729975,-0.6926979497722486,-13.149268567841299,0.8692829164252487,2.9820509205045362,6992.999999999998,1.390979061331561,0.11442278828353107,
H3,L32-exit,Xe2,c1=1/500_c2=1/32_lt=0.1L,facility,success,2.885320824527452,8.589692369157012,-0.6640949756375715,28.31747942018514,93.01516772729975,-0.6955606261636185,-13.203609858594817,0.8260691926399997,2.620341978006018,6992.999999999998,1.2800793450259929,0.11103355046801365,
H3,L32-exit,Xe2,c1=1/500_c2=1/32_lt=0.2L,facility,success,2.8968348234143044,8.589692369157012,-0.6627545319532092,30.85577191944592,93.01516772729975,-0.6682716091002671,-12.68559098119466,0.8459363614349251,2.8567968356518065,6992.999999999998,1.340951392720532,0.13130711188858446,
H3,L32-exit,Xe2,c1=1/500_c2=1/4_lt=0.05L,facility,success,3.145408512488341,8.589692369157012,-0.6338159299182178,33.23921459909185,93.01516772729975,-0.6426473723453147,-12.19917410779753,1.3936898937473978,5.365838190216071,8990.999999999998,1.3536915368293005,0.14033422461839248,
H3,L32-exit,Xe2,c1=1/500_c2=1/4_lt=0.1L,facility,success,3.178167426307908,8.589692369157012,-0.630002182881456,36.011011057472935,93.01516772729975,-0.6128479694510751,-11.633501361189147,1.3683071954660027,5.255491101528612,8990.999999999998,1.367607393167653,0.16301704187169186,
H3,L32-exit,Xe2,c1=1/500_c2=1/4_lt=0.2L,facility,success,3.220726562988808,8.589692369157012,-0.6250475075739076,37.59937777009225,93.01516772729975,-0.5957715425474968,-11.309344889226022,1.3777524207920482,5.057170748406583,8990.999999999998,1.2607986022341906,0.17536649057775075,
H3,L32-exit,Xe2,c1=1/500_c2=1/64_lt=0.05L,facility,success,2.7072171170772847,8.589692369157012,-0.6848295607421189,22.573035650336234,93.01516772729975,-0.7573187663702821,-14.375945321829288,0.7493419338398573,2.538682473559719,5993.999999999999,1.3878438510839906,0.07519621796061722,
H3,L32-exit,Xe2,c1=1/500_c2=1/64_lt=0.1L,facility,success,2.627947594340052,8.589692369157012,-0.6940580079705512,22.491740410720322,93.01516772729975,-0.7581927661877553,-14.392536187057024,0.7505413136447643,2.995327958482579,5993.999999999999,1.3960914310777572,0.07690747887350313,
H3,L32-exit,Xe2,c1=1/500_c2=1/64_lt=0.2L,facility,success,2.544416075085941,8.589692369157012,-0.7037826308865065,23.385733225478198,93.01516772729975,-0.7485815077596798,-14.210088673841133,0.7948578849053726,3.4910223384876806,5993.999999999999,1.4078275076377873,0.08587228156604412,
H3,L32-exit,Xe2,c1=1/500_c2=1/8_lt=0.05L,facility,success,3.1161668513714713,8.589692369157012,-0.637220203303126,27.875990160696105,93.01516772729975,-0.7003070483899738,-13.29370970747013,1.2548317763605046,4.639380641966258,8990.999999999998,1.2037086723453436,0.09962745861898004,
H3,L32-exit,Xe2,c1=1/500_c2=1/8_lt=0.1L,facility,success,3.148124474302512,8.589692369157012,-0.6334997414335262,31.52832278736672,93.01516772729975,-0.6610410585959389,-12.548335702027149,1.2185287320726388,4.149928474614388,8990.999999999998,1.2997150378241382,0.1261505043295954,
H3,L32-exit,Xe2,c1=1/500_c2=1/8_lt=0.2L,facility,success,3.062980320192146,8.589692369157012,-0.6434121050492585,37.107503496025416,93.01516772729975,-0.6010596507784994,-11.409727394137619,1.2911518286733374,4.789782665224124,8990.999999999998,1.3371501683762308,0.17960499803643282,
H3,L32-exit,Xe2,c1=1/50_c2=1/16_lt=0.05L,facility,success,5.941574584563196,8.589692369157012,-0.3082901774343405,72.95607705516686,93.01516772729975,-0.21565397517684196,-4.093691973904671,1.194832286872184,4.870799856697588,7991.999999999998,0.6724941985317854,0.357899048606971,
H3,L32-exit,Xe2,c1=1/50_c2=1/16_lt=0.1L,facility,success,5.946654936376075,8.589692369157012,-0.30769872996514813,83.26767400658439,93.01516772729975,-0.10479466907260657,-1.9892844327990553,1.2238364673907567,5.028907206997624,7991.999999999998,0.7593809530009984,0.46582123053717545,
H3,L32-exit,Xe2,c1=1/50_c2=1/16_lt=0.2L,facility,success,6.272903493995965,8.589692369157012,-0.26971732811758603,78.13322911489479,93.01516772729975,-0.15999475113602524,-3.0371303290622387,1.1683723096879166,4.591958578035765,7991.999999999998,0.7030027366059138,0.3888141761686062,
H3,L32-exit,Xe2,c1=1/50_c2=1/32_lt=0.05L,facility,success,4.955979149295757,8.589692369157012,-0.4230318227587312,61.70644797774027,93.01516772729975,-0.3365980034713247,-6.3895346427672415,1.3082131704637947,5.987996606983145,5993.999999999999,0.8402028887441165,0.30695221760157704,
H3,L32-exit,Xe2,c1=1/50_c2=1/32_lt=0.1L,facility,success,5.253569250612198,8.589692369157012,-0.38838679840547297,65.840961863072,93.01516772729975,-0.2921481144225491,-5.545756298821992,1.2713768421985798,5.528358752388974,5993.999999999999,0.8150939914167464,0.3296681740554633,
H3,L32-exit,Xe2,c1=1/50_c2=1/32_lt=0.2L,facility,success,5.229578628102637,8.589692369157012,-0.3911797532027489,68.06568902835309,93.01516772729975,-0.268230217808058,-5.091730346723808,1.2992935934146974,5.481521625172891,5993.999999999999,0.8671701602061526,0.3539394272299519,
H3,L32-exit,Xe2,c1=1/50_c2=1/4_lt=0.05L,facility,success,6.993574146482838,8.589692369157012,-0.18581785634202128,90.9937811168858,93.01516772729975,-0.021731795574891844,-0.4125278796763174,1.4549910466868043,5.96577030518474,10988.999999999998,0.6031176203471006,0.4730024502841195,
H3,L32-exit,Xe2,c1=1/50_c2=1/4_lt=0.1L,facility,success,7.082569276094767,8.589692369157012,-0.17545716753185112,90.8555807577956,93.01516772729975,-0.023217578619388203,-0.4407320345926862,1.5210141768746213,6.18460218949126,10988.999999999998,0.5944259600543105,0.4656413469260216,
H3,L32-exit,Xe2,c1=1/50_c2=1/4_lt=0.2L,facility,success,7.693195017215104,8.589692369157012,-0.1043689707865393,89.99134334883011,93.01516772729975,-0.03250893862100893,-0.6171070160142119,1.4810840374346472,5.76180035178464,10988.999999999998,0.5385592855841022,0.42056572735528064,
H3,L32-exit,Xe2,c1=1/50_c2=1/8_lt=0.05L,facility,success,6.554750020292528,8.589692369157012,-0.23690514880036295,82.05932115141934,93.01516772729975,-0.11778559178649849,-2.2358870563021256,1.0755174713360032,4.053751410388534,9989.999999999998,0.6109572129910027,0.41042977220105364,
H3,L32-exit,Xe2,c1=1/50_c2=1/8_lt=0.1L,facility,success,6.624849113718743,8.589692369157012,-0.22874431015637148,80.64546260506741,93.01516772729975,-0.1329858927793113,-2.5244296167821108,1.0523412695489727,4.333852216427779,9989.999999999998,0.600363919920927,0.3922139479769699,
H3,L32-exit,Xe2,c1=1/50_c2=1/8_lt=0.2L,facility,success,6.921586818580405,8.589692369157012,-0.19419852060898826,77.95564164884188,93.01516772729975,-0.16190398239789383,-3.073372669073037,1.0825553735982734,4.131623170684852,9989.999999999998,0.5501823212183297,0.3507749575932791,
H3,L32-exit,Xe3,c1=1/1000_c2=1/16_lt=0.05L,facility,success,3.417022193446573,7.400656215822092,-0.5382811883436478,11.520458148323293,95.17124528500324,-0.8789502216365488,-17.071589211567336,1.0520416440239044,3.9831747780740403,9989.999999999998,1.2433681188438455,0.014160086096616075,
H3,L32-exit,Xe3,c1=1/1000_c2=1/16_lt=0.1L,facility,success,3.4252131473439866,7.400656215822092,-0.5371744008293322,10.902935638081013,95.17124528500324,-0.8854387624599144,-17.197614213657598,1.083593278707514,4.364872062394793,9989.999999999998,1.1954362949469206,0.012652416702491379,
H3,L32-exit,Xe3,c1=1/1000_c2=1/16_lt=0.2L,facility,success,3.420414639796539,7.400656215822092,-0.5378227902974431,12.01938976207378,95.17124528500324,-0.8737077598797821,-16.969766433250907,1.0919675607928165,3.7743672641178643,10988.999999999998,1.2386200347602823,0.015397856680710899,
H3,L32-exit,Xe3,c1=1/1000_c2=1/32_lt=0.05L,facility,success,3.0871216904312804,7.400656215822092,-0.5828583843914777,12.384816869564059,95.17124528500324,-0.8698680800857859,-16.895189472538604,1.0177191060110347,4.518632548822631,7991.999999999998,1.311161339231146,0.018113385144892174,
H3,L32-exit,Xe3,c1=1/1000_c2=1/32_lt=0.1L,facility,success,3.2685302393197966,7.400656215822092,-0.5583458893372315,9.950264967591956,95.17124528500324,-0.8954488308123475,-17.39203679947169,0.978030816513074,4.200936753756033,8990.999999999998,1.2565216449917633,0.011043099284290389,
H3,L32-exit,Xe3,c1=1/1000_c2=1/32_lt=0.2L,facility,success,3.284754915629656,7.400656215822092,-0.5561535599225543,9.615478068536293,95.17124528500324,-0.898966562434468,-17.460360656421823,1.005661160051559,3.713795387485821,10988.999999999998,1.2115944326074388,0.010261550445258416,
H3,L32-exit,Xe3,c1=1/1000_c2=1/4_lt=0.05L,facility,success,3.350390248776099,7.400656215822092,-0.5472847067786778,18.16564553235655,95.17124528500324,-0.8091267432935543,-15.715428520948304,1.0530026666191723,4.789352974765131,9989.999999999998,1.233631406669808,0.03590711126330291,
H3,L32-exit,Xe3,c1=1/1000_c2=1/4_lt=0.1L,facility,success,3.2940384714976565,7.400656215822092,-0.5548991365853166,16.396019401294797,95.17124528500324,-0.8277208693424711,-16.076576710960904,1.159953436804993,4.86290604112689,10988.999999999998,1.2157784628376396,0.029752425228781815,
H3,L32-exit,Xe3,c1=1/1000_c2=1/4_lt=0.2L,facility,success,3.4173634968378614,7.400656215822092,-0.5382350703533865,17.876753984544823,95.17124528500324,-0.812162235231761,-15.774385979685391,1.2195630792864514,4.886361553076704,10988.999999999998,1.193686054280426,0.03409261729308391,
H3,L32-exit,Xe3,c1=1/1000_c2=1/64_lt=0.05L,facility,success,2.3991006792830265,7.400656215822092,-0.6758259525481112,16.511816652511012,95.17124528500324,-0.8265041441554732,-16.052944618875962,0.9925850565756661,3.7104037518679944,5993.999999999999,1.4983196508936363,0.04143004774722171,
H3,L32-exit,Xe3,c1=1/1000_c2=1/64_lt=0.1L,facility,failure,,,,,,,,,,,,,
H3,L32-exit,Xe3,c1=1/1000_c2=1/64_lt=0.2L,facility,success,2.4635799832548626,7.400656215822092,-0.6671133057109316,23.990614296429364,95.17124528500324,-0.7479216098876693,-14.52665938542324,0.9685436815051727,3.6737638530455965,5993.999999999999,1.47890393335155,0.0851707090301789,
H3,L32-exit,Xe3,c1=1/1000_c2=1/8_lt=0.05L,facility,success,3.3542374653839264,7.400656215822092,-0.5467648587414724,13.351157029320206,95.17124528500324,-0.8597143812783121,-16.697977195037353,1.1014613486490388,4.388863712635112,10988.999999999998,1.2515042547541837,0.019373950894755985,
H3,L32-exit,Xe3,c1=1/1000_c2=1/8_lt=0.1L,facility,success,3.4116082615919003,7.400656215822092,-0.5390127358844048,12.464503776410494,95.17124528500324,-0.8690307798423375,-16.878926838488315,1.1122912550771962,4.15040498266989,10988.999999999998,1.1592939739057682,0.016602176324026975,
H3,L32-exit,Xe3,c1=1/1000_c2=1/8_lt=0.2L,facility,success,3.4189926185092925,7.400656215822092,-0.5380149382969955,13.42492816916421,95.17124528500324,-0.858939240219444,-16.68292186037531,1.2049245115347134,4.495728931885101,10988.999999999998,1.182421273107929,0.01921763632589365,
H3,L32-exit,Xe3,c1=1/100_c2=1/16_lt=0.05L,facility,success,4.985010972675947,7.400656215822092,-0.32640960108127476,78.43423285224033,95.17124528500324,-0.17586207244259183,-3.41571682301284,0.8970512928818402,2.930833156803306,7991.999999999998,0.8727203659774986,0.4499035086960554,
H3,L32-exit,Xe3,c1=1/100_c2=1/16_lt=0.1L,facility,success,4.9033474057491935,7.400656215822092,-0.3374442397059094,73.35380798375876,95.17124528500324,-0.2292440036474168,-4.452538224743772,0.8853883506171225,3.1766144987269396,7991.999999999998,0.8172590053145018,0.4000615895465999,
H3,L32-exit,Xe3,c1=1/100_c2=1/16_lt=0.2L,facility,success,4.747992102161187,7.400656215822092,-0.35843633811684056,74.22348756569848,95.17124528500324,-0.2201059538159226,-4.275052595776482,0.9228129554837073,3.1506784550717986,7991.999999999998,0.8631978271654155,0.42300638051558065,
H3,L32-exit,Xe3,c1=1/100_c2=1/32_lt=0.05L,facility,success,4.297615208451666,7.400656215822092,-0.41929268390231916,59.1517194149504,95.17124528500324,-0.3784706794808398,-7.35092364694956,1.0267456012044902,3.968849471732467,6992.999999999998,0.866530725301086,0.2968119696023537,
H3,L32-exit,Xe3,c1=1/100_c2=1/32_lt=0.1L,facility,success,4.433687531543781,7.400656215822092,-0.40090616260962597,65.68382809142268,95.17124528500324,-0.3098353615661587,-6.017840243587868,1.0663745120379382,4.177495039077744,6992.999999999998,0.9378966753804064,0.35475295477569707,
H3,L32-exit,Xe3,c1=1/100_c2=1/32_lt=0.2L,facility,success,4.467084554262778,7.400656215822092,-0.3963934516087291,67.50922264365109,95.17124528500324,-0.29065525578145446,-5.645310743133093,1.030363373840248,3.942738484173211,6992.999999999998,0.9710176783124227,0.3719428665048641,
H3,L32-exit,Xe3,c1=1/100_c2=1/4_lt=0.05L,facility,success,5.044300997110704,7.400656215822092,-0.31839814605543537,78.76334396524805,95.17124528500324,-0.17240397843507776,-3.348551289745958,1.1505459499344801,4.154949894977339,9989.999999999998,0.8108295552960846,0.44835445711152744,
H3,L32-exit,Xe3,c1=1/100_c2=1/4_lt=0.1L,facility,success,5.035307968142641,7.400656215822092,-0.31961331248200664,76.59234473829373,95.17124528500324,-0.1952154822716931,-3.7916123564713273,1.1685798537306735,4.023606138691247,9989.999999999998,0.7874466041430704,0.4247358156860845,
H3,L32-exit,Xe3,c1=1/100_c2=1/4_lt=0.2L,facility,success,5.334544554517793,7.400656215822092,-0.2791795215250096,82.20962778636407,95.17124528500324,-0.1361925806458017,-2.645228060946771,1.2336115057449921,4.232264864744146,10988.999999999998,0.818437062498724,0.46187261104958804,
H3,L32-exit,Xe3,c1=1/100_c2=1/64_lt=0.05L,facility,success,3.8050903529086635,7.400656215822092,-0.48584419517101163,54.98587711858518,95.17124528500324,-0.42224274828050756,-8.20109554416695,0.9096849194961136,3.3643909192139456,4994.999999999999,1.0723280315403592,0.2896753451441048,
H3,L32-exit,Xe3,c1=1/100_c2=1/64_lt=0.1L,facility,success,3.727108434588166,7.400656215822092,-0.496381357828801,52.64437708229968,95.17124528500324,-0.44684576812409116,-8.678952694429297,0.9385343195605107,3.417554008556792,5993.999999999999,0.9932958675319457,0.2710854116258605,
H3,L32-exit,Xe3,c1=1/100_c2=1/64_lt=0.2L,facility,success,3.7582183828975664,7.400656215822092,-0.4921776835326096,53.3746893170832,95.17124528500324,-0.43917210332547996,-8.52990938120817,0.9784521243545431,3.9490242212868107,5993.999999999999,1.0684532934066204,0.27635218332380007,
H3,L32-exit,Xe3,c1=1/100_c2=1/8_lt=0.05L,facility,success,4.9750629638661295,7.400656215822092,-0.3277538073948377,74.5782393139759,95.17124528500324,-0.21637844402853804,-4.202654279801497,0.992348914430712,3.76352683400351,8990.999999999998,0.7805001502076667,0.40756779802660537,
H3,L32-exit,Xe3,c1=1/100_c2=1/8_lt=0.1L,facility,success,5.1176194230971825,7.400656215822092,-0.3084911291844546,79.41065904255684,95.17124528500324,-0.1656023959258827,-3.2164461719278368,0.9645786871428749,3.202507328975431,9989.999999999998,0.8254647923709726,0.44922488587698356,
H3,L32-exit,Xe3,c1=1/100_c2=1/8_lt=0.2L,facility,success,5.254487655915359,7.400656215822092,-0.28999706206030396,79.45526217152114,95.17124528500324,-0.1651337341065408,-3.207343492547367,0.9461705569367586,3.3877901224715496,9989.999999999998,0.7844206024065868,0.4380151643269091,
H3,L32-exit,Xe3,c1=1/160_c2=1/16_lt=0.05L,facility,success,3.90178751455906,7.400656215822092,-0.4727781698307635,58.9353128972528,95.17124528500324,-0.38074454399789576,-7.3950882423980495,1.0999528491409367,4.089345479741628,7991.999999999998,1.0500300798416398,0.3245351674565907,
H3,L32-exit,Xe3,c1=1/160_c2=1/16_lt=0.1L,facility,success,3.9757641264181807,7.400656215822092,-0.46278221680960246,59.45635329476284,95.17124528500324,-0.3752697769508773,-7.288753467395999,1.0585634181929127,3.8223180407310204,7991.999999999998,1.0149429436318766,0.32415305490787305,
H3,L32-exit,Xe3,c1=1/160_c2=1/16_lt=0.2L,facility,success,4.141328963700988,7.400656215822092,-0.44041057401813744,59.01411465657401,95.17124528500324,-0.3799165443317652,-7.379006250699843,1.0981548462126294,3.8608293275548977,7991.999999999998,0.980439845100074,0.306581718931238,
H3,L32-exit,Xe3,c1=1/160_c2=1/32_lt=0.05L,facility,success,3.670261451644933,7.400656215822092,-0.5040627013861059,53.22806268170537,95.17124528500324,-0.4407127644247305,-8.559833184346505,1.0473655867523783,3.6468527418945875,6992.999999999998,1.0724629278009707,0.28142230075925934,
H3,L32-exit,Xe3,c1=1/160_c2=1/32_lt=0.1L,facility,success,3.660036228446571,7.400656215822092,-0.5054443657818254,55.47963664455986,95.17124528500324,-0.4170546315915218,-8.100328293968037,1.0595802472143296,3.659017439719095,6992.999999999998,1.1730154559537855,0.3065886155402507,
H3,L32-exit,Xe3,c1=1/160_c2=1/32_lt=0.2L,facility,success,3.6925343795881633,7.400656215822092,-0.5010531131423481,52.58315260504664,95.17124528500324,-0.4474890766892959,-8.691447485705428,1.0484363849093068,3.732169502133287,6992.999999999998,1.0591740094370339,0.272987578330671,
H3,L32-exit,Xe3,c1=1/160_c2=1/4_lt=0.05L,facility,success,4.224299185943682,7.400656215822092,-0.42919937600770836,60.29705453284111,95.17124528500324,-0.36643621345635047,-7.1171817861555375,1.3676843510030383,5.276064473130269,9989.999999999998,0.9117401605374563,0.31377021713500525,
H3,L32-exit,Xe3,c1=1/160_c2=1/4_lt=0.1L,facility,success,4.21039482693623,7.400656215822092,-0.4310781768331981,66.13840862648424,95.17124528500324,-0.305058913241875,-5.925068705820205,1.3685883065529532,5.355525893044124,9989.999999999998,0.9877058336097794,0.3787554153940563,
H3,L32-exit,Xe3,c1=1/160_c2=1/4_lt=0.2L,facility,success,4.253823047445005,7.400656215822092,-0.4252100187614951,69.38907917607897,95.17124528500324,-0.27090289752662244,-5.26166655284169,1.3947657376802687,5.346970900974041,9989.999999999998,0.997460424286389,0.41264541216154643,
H3,L32-exit,Xe3,c1=1/160_c2=1/64_lt=0.05L,facility,success,3.591901505205382,7.400656215822092,-0.5146509443951546,49.69392596490223,95.17124528500324,-0.47784726556758816,-9.281085575530819,0.9638243244694451,3.3049416594368544,5993.999999999999,1.1741574078446022,0.25064346768663254,
H3,L32-exit,Xe3,c1=1/160_c2=1/64_lt=0.1L,facility,success,3.4269037551549,7.400656215822092,-0.5369459605719266,44.794210682379095,95.17124528500324,-0.529330413317208,-10.281027469923295,0.9996949843864997,3.503803725654441,5993.999999999999,1.1447194111421846,0.21345978201632815,
H3,L32-exit,Xe3,c1=1/160_c2=1/64_lt=0.2L,facility,success,3.6313362712237995,7.400656215822092,-0.50932239448439,47.935918616123026,95.17124528500324,-0.49631930870955404,-9.639862585485757,0.9749758998510302,3.359448720265067,5993.999999999999,1.1436172327616776,0.2306905654389159,
H3,L32-exit,Xe3,c1=1/160_c2=1/8_lt=0.05L,facility,success,4.097367417716014,7.400656215822092,-0.4463507967096046,54.70102901583519,95.17124528500324,-0.4252357542236049,-8.259227810034295,1.2868653543622568,5.23233504706414,8990.999999999998,0.9011600002090452,0.26623201256116735,
H3,L32-exit,Xe3,c1=1/160_c2=1/8_lt=0.1L,facility,success,4.1977728901798965,7.400656215822092,-0.43278369272101197,65.17922815101088,95.17124528500324,-0.3151373825589567,-6.120819823263748,1.272754306487262,5.194173182081135,8990.999999999998,1.0371316922582217,0.36895523809332986,
H3,L32-exit,Xe3,c1=1/160_c2=1/8_lt=0.2L,facility,success,4.037508762733985,7.400656215822092,-0.4544390868877181,57.90404381353441,95.17124528500324,-0.3915804753827391,-7.605551320707924,1.2689153451791992,4.697369951385358,8990.999999999998,0.9323443339723847,0.30274606236430185,
H3,L32-exit,Xe3,c1=1/250_c2=1/16_lt=0.05L,facility,success,3.289594789748499,7.400656215822092,-0.5554995808728999,44.235108784616,95.17124528500324,-0.5352051068350745,-10.395129898038212,1.2081948842259902,4.531431715793769,8990.999999999998,1.1062869931505674,0.21685327557264153,
H3,L32-exit,Xe3,c1=1/250_c2=1/16_lt=0.1L,facility,success,3.3378930076395217,7.400656215822092,-0.5489733734012212,40.95708528581457,95.17124528500324,-0.5696485302555093,-11.064114285548708,1.1553417372542707,4.087275962712227,8990.999999999998,1.0066194987405848,0.18321451006637834,
H3,L32-exit,Xe3,c1=1/250_c2=1/16_lt=0.2L,facility,success,3.419494660239178,7.400656215822092,-0.5379471008356618,44.41470166682159,95.17124528500324,-0.5333180570053936,-10.358478289424825,1.1651396095670732,4.437724325362443,8990.999999999998,1.0803376075218163,0.21031282697684003,
H3,L32-exit,Xe3,c1=1/250_c2=1/32_lt=0.05L,facility,success,3.420012173100709,7.400656215822092,-0.537877172866244,46.872168775352996,95.17124528500324,-0.507496527601505,-9.856954389724539,0.9678229090720789,3.396123470815857,6992.999999999998,1.2473880628621694,0.23419447117499062,
H3,L32-exit,Xe3,c1=1/250_c2=1/32_lt=0.1L,facility,success,3.474344729616998,7.400656215822092,-0.5305355865350037,50.768605038932286,95.17124528500324,-0.4665552091191117,-9.061763315524685,1.0022865615367087,3.34917720674633,6992.999999999998,1.3182042755932761,0.2704529642814512,
H3,L32-exit,Xe3,c1=1/250_c2=1/32_lt=0.2L,facility,success,3.465958275906107,7.400656215822092,-0.5316687906004703,49.650648697208815,95.17124528500324,-0.4783019960648493,-9.289917670978454,1.0097729299336586,3.4363076257282836,6992.999999999998,1.2462572153914366,0.25929892494596796,
H3,L32-exit,Xe3,c1=1/250_c2=1/4_lt=0.05L,facility,success,3.6869012237976557,7.400656215822092,-0.5018142829124645,51.3451121096326,95.17124528500324,-0.4604976329155653,-8.944108811300131,1.3787954088649472,5.066804660820537,9989.999999999998,1.0948594260817408,0.2606819150398878,
H3,L32-exit,Xe3,c1=1/250_c2=1/4_lt=0.1L,facility,success,3.671032979426635,7.400656215822092,-0.5039584501198394,55.79430347554117,95.17124528500324,-0.4137483090774158,-8.036110573359606,1.3821966338352432,5.260046618068318,9989.999999999998,1.1854462977254145,0.30914742035237097,
H3,L32-exit,Xe3,c1=1/250_c2=1/4_lt=0.2L,facility,success,3.7306560175484034,7.400656215822092,-0.49590199723471573,52.062665156534386,95.17124528500324,-0.4529580336936262,-8.797669413973235,1.3916582996211493,5.398058925309954,9989.999999999998,1.072232051164585,0.264875493102137,
H3,L32-exit,Xe3,c1=1/250_c2=1/64_lt=0.05L,facility,success,2.9575216496149745,7.400656215822092,-0.6003703504978386,38.428878189393416,95.17124528500324,-0.5962133512668357,-11.580074917471391,1.036183238621106,3.9088464302276194,5993.999999999999,1.314585277157287,0.18203783994206796,
H3,L32-exit,Xe3,c1=1/250_c2=1/64_lt=0.1L,facility,success,2.922340922425337,7.400656215822092,-0.6051240812703104,36.81757482191499,95.17124528500324,-0.6131439206069045,-11.908912339405765,1.0767009787397044,3.9696779599876115,5993.999999999999,1.2977881674840799,0.16910391758235857,
H3,L32-exit,Xe3,c1=1/250_c2=1/64_lt=0.2L,facility,success,2.9408898635655127,7.400656215822092,-0.6026176898640294,35.633097245053264,95.17124528500324,-0.6255896711412664,-12.150642457132648,1.0854619751594254,4.06030575795306,6992.999999999998,1.1891743968854485,0.157399220797617,
H3,L32-exit,Xe3,c1=1/250_c2=1/8_lt=0.05L,facility,success,3.501543030393489,7.400656215822092,-0.5268604663857468,48.810703705573445,95.17124528500324,-0.48712761339411764,-9.461335016210162,1.3020695103918196,4.629208401022665,8990.999999999998,1.1371570859622224,0.2480532162872794,
H3,L32-exit,Xe3,c1=1/250_c2=1/8_lt=0.1L,facility,success,3.4852631085736987,7.400656215822092,-0.5290602607478987,51.723769644444694,95.17124528500324,-0.4565189360552042,-8.866831763379295,1.3124844199567742,4.90144662561671,8990.999999999998,1.2008287479961852,0.27984590796470127,
H3,L32-exit,Xe3,c1=1/250_c2=1/8_lt=0.2L,facility,success,3.4918544828310982,7.400656215822092,-0.5281696134775515,50.08911689871441,95.17124528500324,-0.4736948460775549,-9.200434364548741,1.3373218523517392,5.07389322697781,9989.999999999998,1.116460419834385,0.2619417986075864,
H3,L32-exit,Xe3,c1=1/500_c2=1/16_lt=0.05L,facility,success,3.1038167826868843,7.400656215822092,-0.5806024908911269,29.139426108552865,95.17124528500324,-0.693821111394614,-13.475881464581708,1.2349133567211803,4.515935627159442,8990.999999999998,1.3318431354088012,0.09973328035571541,
H3,L32-exit,Xe3,c1=1/500_c2=1/16_lt=0.1L,facility,success,3.092700803356364,7.400656215822092,-0.5821045170637189,32.5544555767961,95.17124528500324,-0.6579381148233654,-12.778936675144312,1.2456347970007646,4.5048989512664965,8990.999999999998,1.3350816178665696,0.12492724392302912,
H3,L32-exit,Xe3,c1=1/500_c2=1/16_lt=0.2L,facility,success,3.0553033723539955,7.400656215822092,-0.5871577758439898,35.26494842815241,95.17124528500324,-0.6294579489577264,-12.225774868745066,1.2723170701780977,4.6673987776061265,8990.999999999998,1.320364255556039,0.14839058915114095,
H3,L32-exit,Xe3,c1=1/500_c2=1/32_lt=0.05L,facility,success,2.9882601781209583,7.400656215822092,-0.5962168636164636,30.003167967800646,95.17124528500324,-0.6847454514443719,-13.299607615755631,1.0477657049658933,3.7002763030168646,7991.999999999998,1.3963212003939012,0.10982216769288272,
H3,L32-exit,Xe3,c1=1/500_c2=1/32_lt=0.1L,facility,success,3.0062779856406427,7.400656215822092,-0.5937822406594935,32.442121367868,95.17124528500324,-0.6591184525250705,-12.801862023905151,1.0390889415695679,3.9058802294553425,7991.999999999998,1.3767287862342643,0.12763316685291953,
H3,L32-exit,Xe3,c1=1/500_c2=1/32_lt=0.2L,facility,success,3.017579840934406,7.400656215822092,-0.5922550983407352,34.199985978070124,95.17124528500324,-0.6406479091909156,-12.443114144272062,1.0126895871871537,3.584365956416542,7991.999999999998,1.3326189152869867,0.14130817211787125,
H3,L32-exit,Xe3,c1=1/500_c2=1/4_lt=0.05L,facility,success,3.276613601112405,7.400656215822092,-0.5572536400073237,33.07449493718784,95.17124528500324,-0.6524738660491226,-12.672806193431713,1.47721050334275,5.587808007565651,9989.999999999998,1.2916269040234505,0.12171256215522692,
H3,L32-exit,Xe3,c1=1/500_c2=1/4_lt=0.1L,facility,success,3.241290685242772,7.400656215822092,-0.562026583762516,32.75187869536265,95.17124528500324,-0.6558637160070493,-12.738646242783794,1.4945740147420543,5.488625031341498,9989.999999999998,1.2404918688719686,0.12065036631932761,
H3,L32-exit,Xe3,c1=1/500_c2=1/4_lt=0.2L,facility,success,3.1736565639484486,7.400656215822092,-0.5711655194625324,35.72079562695389,95.17124528500324,-0.6246681913220417,-12.132744828173337,1.5443752586579738,6.157157500928634,9989.999999999998,1.2387283339913604,0.14657385545326612,
H3,L32-exit,Xe3,c1=1/500_c2=1/64_lt=0.05L,facility,success,2.7896328066616958,7.400656215822092,-0.6230560202624122,27.130425145721844,95.17124528500324,-0.7149304386584824,-13.885881661077834,0.9516688582188351,3.5333426396485987,5993.999999999999,1.4607229079876058,0.09619230894290066,
H3,L32-exit,Xe3,c1=1/500_c2=1/64_lt=0.1L,facility,success,2.6445960465562823,7.400656215822092,-0.6426538445466068,25.974897671660486,95.17124528500324,-0.7270719995953071,-14.121703594559744,1.0334917592717647,3.9274774132230017,5993.999999999999,1.4210031542845856,0.09300847823220461,
H3,L32-exit,Xe3,c1=1/500_c2=1/64_lt=0.2L,facility,success,2.8371429073253815,7.400656215822092,-0.616636305675196,30.419838836117453,95.17124528500324,-0.6803673342192685,-13.214572744670567,0.9434294028313662,3.427665833679752,5993.999999999999,1.4253981492984213,0.11890682919580868,
H3,L32-exit,Xe3,c1=1/500_c2=1/8_lt=0.05L,facility,success,3.061845231081444,7.400656215822092,-0.5862738192681576,30.53101429840255,95.17124528500324,-0.679199171903517,-13.191883874816467,1.4432149348597694,5.474280214394326,8990.999999999998,1.3479561266088207,0.11098733498099735,
H3,L32-exit,Xe3,c1=1/500_c2=1/8_lt=0.1L,facility,success,3.016994441782897,7.400656215822092,-0.5923341993196805,32.43089897091329,95.17124528500324,-0.6592363704625851,-12.804152308997947,1.4476345037573701,5.5050408370523085,8990.999999999998,1.3368838783535029,0.12709183695210868,
H3,L32-exit,Xe3,c1=1/500_c2=1/8_lt=0.2L,facility,success,2.9837730813108836,7.400656215822092,-0.596823174283953,34.70836782051171,95.17124528500324,-0.6353061503338242,-12.339362747855413,1.459305285854331,5.57185116597529,8990.999999999998,1.305278071435956,0.147189484161831,
H3,L32-exit,Xe3,c1=1/50_c2=1/16_lt=0.05L,facility,success,6.25985968166463,7.400656215822092,-0.15414802429526694,80.09150324759072,95.17124528500324,-0.15844851028537227,-3.0774983749821474,0.678956472407781,2.5153126991128287,8990.999999999998,0.5949665443211504,0.3735790248825591,
H3,L32-exit,Xe3,c1=1/50_c2=1/16_lt=0.1L,facility,success,6.380088325650258,7.400656215822092,-0.13790235087395777,81.17878803928677,95.17124528500324,-0.14702400082939082,-2.855603519533974,0.6821458722699903,2.5885145638278337,8990.999999999998,0.6107199773431443,0.37655864948510304,
H3,L32-exit,Xe3,c1=1/50_c2=1/16_lt=0.2L,facility,success,6.554062409661872,7.400656215822092,-0.1143944241525855,89.85367235788883,95.17124528500324,-0.0558737348785363,-1.0852189647172283,0.696910569144665,2.3914869544389386,8990.999999999998,0.6593722101022652,0.4490919631238917,
H3,L32-exit,Xe3,c1=1/50_c2=1/32_lt=0.05L,facility,success,5.71653308541715,7.400656215822092,-0.22756402693107178,78.03221358882273,95.17124528500324,-0.18008623975503685,-3.497761570649084,1.1479112515122738,4.180187326015015,5993.999999999999,0.7820940680645927,0.38831961195058734,
H3,L32-exit,Xe3,c1=1/50_c2=1/32_lt=0.1L,facility,success,5.682247449229444,7.400656215822092,-0.2321968101854007,75.7195847255596,95.17124528500324,-0.20438589934588955,-3.9697266447844157,1.167560159336912,4.219802267059511,5993.999999999999,0.7542527774753546,0.36784977689102444,
H3,L32-exit,Xe3,c1=1/50_c2=1/32_lt=0.2L,facility,success,5.628720049069677,7.400656215822092,-0.23942960125132395,73.18913557420589,95.17124528500324,-0.23097427847002455,-4.486144838938234,1.2363856446498076,5.250585544202352,5993.999999999999,0.7609063275348189,0.34694271995883824,
H3,L32-exit,Xe3,c1=1/50_c2=1/4_lt=0.05L,facility,success,7.462650769863141,7.400656215822092,0.0083768995928373,97.00025201712019,95.17124528500324,0.0192180603147488,0.3732666800238662,1.4705600472160305,5.6804070820300065,10988.999999999998,0.5684571874226971,0.45964950761522533,
H3,L32-exit,Xe3,c1=1/50_c2=1/4_lt=0.1L,facility,success,7.539231041638238,7.400656215822092,0.01872466735042793,93.76944349657809,95.17124528500324,-0.01472925760535408,-0.28608199763778625,1.4883990667613594,6.249893708154333,10988.999999999998,0.545490371722142,0.42517705253791377,
H3,L32-exit,Xe3,c1=1/50_c2=1/4_lt=0.2L,facility,success,7.7973536970033175,7.400656215822092,0.053603014329069,93.77561233832395,95.17124528500324,-0.0146644392694441,-0.2848230503427139,1.3724893202098778,6.580645694032231,10988.999999999998,0.5172561506761901,0.4111561351192742,
H3,L32-exit,Xe3,c1=1/50_c2=1/8_lt=0.05L,facility,success,7.035508276214303,7.400656215822092,-0.04933994080513133,85.87562001218517,95.17124528500324,-0.09767262417320548,-1.8970663822077702,1.151403854193962,4.585183389356077,9989.999999999998,0.5591585210090358,0.3821364681814885,
H3,L32-exit,Xe3,c1=1/50_c2=1/8_lt=0.1L,facility,success,7.058652678187716,7.400656215822092,-0.04621259624291103,93.9309041593142,95.17124528500324,-0.013032729812189366,-0.2531308419773568,1.2231082258985104,4.951934388345219,9989.999999999998,0.6163559811213787,0.4556898812728929,
H3,L32-exit,Xe3,c1=1/50_c2=1/8_lt=0.2L,facility,success,6.953038761152876,7.400656215822092,-0.06048348168264336,96.7862885820253,95.17124528500324,0.016969866183694345,0.3296006728616441,1.4138324184919482,5.326217949680328,9989.999999999998,0.6078905982302828,0.4911647773658581,
