hypothesis,registration,coil,point,combo,mode,retcode,Id_A,Id_target_A,Id_err_rel,T_mN,T_target_mN,T_err_rel,T_err_sigma,Id_rms_rel,Id_pp_rel,Id_f_dominant_Hz,current_eff,anode_eff,error
H1a,L38-hist,1p6kW,Xe1,c_up=1/160_c_exit=1/100_c_plume=1/16,facility,success,3.9837700802281852,7.582322357019064,-0.4745976374190484,61.441310998141745,82.32639228613156,-0.2536863417432669,-4.26226148734486,1.6457279455444411,6.153480582407638,5993.999999999999,1.0705855913160442,0.4105734647824296,
H1a,L38-hist,1p6kW,Xe1,c_up=1/160_c_exit=1/100_c_plume=1/32,facility,success,3.8872910399422156,7.582322357019064,-0.4873218445607638,62.621089055384935,82.32639228613156,-0.23935584547734537,-4.021490455254412,1.3866122554854747,4.694249845436999,5993.999999999999,1.1853071948227578,0.43707741986201265,
H1a,L38-hist,1p6kW,Xe1,c_up=1/160_c_exit=1/100_c_plume=1/8,facility,success,4.039938001309711,7.582322357019064,-0.4671898910272678,62.15363486240547,82.32639228613156,-0.24503390545299447,-4.1168892701481825,1.7990686651894092,6.914885388415151,5993.999999999999,1.012188019159201,0.41430727506892545,
H1a,L38-hist,1p6kW,Xe1,c_up=1/160_c_exit=1/300_c_plume=1/16,facility,success,3.7435464019652187,7.582322357019064,-0.5062797088151014,47.0616001014451,82.32639228613156,-0.42835342598423387,-7.1968963642217245,0.8651097599416946,3.307509857049628,5993.999999999999,1.1779619366272662,0.2563388037029129,
H1a,L38-hist,1p6kW,Xe1,c_up=1/160_c_exit=1/300_c_plume=1/32,facility,success,3.7005700486282294,7.582322357019064,-0.5119476758723455,35.91051028013546,82.32639228613156,-0.5638031828805787,-9.472628980815529,0.7948891002728773,3.5650225976856738,5993.999999999999,1.10631454695578,0.15098670892771116,
H1a,L38-hist,1p6kW,Xe1,c_up=1/160_c_exit=1/300_c_plume=1/8,facility,success,3.6681592146147897,7.582322357019064,-0.5162222018668037,44.04210298644934,82.32639228613156,-0.4650305720506043,-7.813120265241268,0.9854872645380283,4.616373096076646,6992.999999999998,1.0732751481857155,0.22911425664001225,
H1a,L38-hist,1p6kW,Xe1,c_up=1/160_c_exit=1/800_c_plume=1/16,facility,success,3.5408785086877548,7.582322357019064,-0.5330087086827806,28.20846603416046,82.32639228613156,-0.6573581660651445,-11.044474745300223,1.0495340272898,4.492302792970364,6992.999999999998,1.1791279803195525,0.09736707187909135,
H1a,L38-hist,1p6kW,Xe1,c_up=1/160_c_exit=1/800_c_plume=1/32,facility,success,3.4970876957941144,7.582322357019064,-0.5387840913204105,19.976852553358654,82.32639228613156,-0.7573457065393124,-12.724395863831203,0.9636482456653059,3.715441376223048,5993.999999999999,1.1803931283646365,0.04944379540235462,
H1a,L38-hist,1p6kW,Xe1,c_up=1/160_c_exit=1/800_c_plume=1/8,facility,success,3.8374857735184063,7.582322357019064,-0.4938904476982582,32.70022860726329,82.32639228613156,-0.6027977456656768,-10.127788505891482,1.0515958305701265,4.4777039019680505,5993.999999999999,1.1663810653061872,0.12073105472398507,
H1a,L38-hist,1p6kW,Xe1,c_up=1/25_c_exit=1/100_c_plume=1/16,facility,success,5.570265731713785,7.582322357019064,-0.26536152521169054,74.95776940052662,82.32639228613156,-0.08950498960278423,-1.5038005888989674,1.088617057268104,3.7930307760918915,5993.999999999999,0.7217206170647271,0.4370404053015194,
H1a,L38-hist,1p6kW,Xe1,c_up=1/25_c_exit=1/100_c_plume=1/32,facility,success,4.142430489679025,7.582322357019064,-0.4536725959897605,55.550092268644484,82.32639228613156,-0.32524563841476295,-5.464551023976954,3.446054451485685,21.804769643720633,6992.999999999998,0.8503963194296023,0.3227591292488654,
H1a,L38-hist,1p6kW,Xe1,c_up=1/25_c_exit=1/100_c_plume=1/8,facility,success,6.523512064447738,7.582322357019064,-0.13964195172883542,102.5018463655666,82.32639228613156,0.2450666611177828,4.117439608047969,1.1533641999164457,4.206275965208466,5993.999999999999,0.795712349803188,0.6978243222250903,
H1a,L38-hist,1p6kW,Xe1,c_up=1/25_c_exit=1/300_c_plume=1/16,facility,success,3.647327978272104,7.582322357019064,-0.5189695443513134,58.49502778043021,82.32639228613156,-0.2894741752179988,-4.863543776673744,3.832349948856145,25.701325519240402,6992.999999999998,0.9377567359483925,0.40646886103459595,
H1a,L38-hist,1p6kW,Xe1,c_up=1/25_c_exit=1/300_c_plume=1/32,facility,success,3.6078709049804867,7.582322357019064,-0.5241733686460021,57.970762121878714,82.32639228613156,-0.2958423111704328,-4.970536768214867,3.5423117899914875,22.400183621337437,2996.9999999999995,0.9634620581483301,0.4035814774960126,
H1a,L38-hist,1p6kW,Xe1,c_up=1/25_c_exit=1/300_c_plume=1/8,facility,success,5.02035767918742,7.582322357019064,-0.33788654151059627,76.68582924776335,82.32639228613156,-0.06851463888717499,-1.1511353139526963,0.836974195257651,3.3007844853671733,5993.999999999999,0.8881840668076018,0.5075277254344925,
H1a,L38-hist,1p6kW,Xe1,c_up=1/25_c_exit=1/800_c_plume=1/16,facility,success,4.259302958570991,7.582322357019064,-0.4382587869496086,50.966831245781464,82.32639228613156,-0.3809174697144215,-6.3999104163979785,0.31201596339211346,1.5870354959365431,5993.999999999999,1.014463334520048,0.26424144142106887,
H1a,L38-hist,1p6kW,Xe1,c_up=1/25_c_exit=1/800_c_plume=1/32,facility,success,4.1728015675638765,7.582322357019064,-0.44966708468928984,42.26038870791308,82.32639228613156,-0.48667265096429924,-8.17673542412622,0.23056394617764173,1.5507200450847163,5993.999999999999,0.9956319106146839,0.1854400079928337,
H1a,L38-hist,1p6kW,Xe1,c_up=1/25_c_exit=1/800_c_plume=1/8,facility,success,4.396057746743659,7.582322357019064,-0.42022278402946484,55.406803331190474,82.32639228613156,-0.32698613661315357,-5.49379366427369,0.3296679816360637,1.4774168166848551,5993.999999999999,0.9519502114377151,0.30257078761757006,
H1a,L38-hist,1p6kW,Xe1,c_up=1/64_c_exit=1/100_c_plume=1/16,facility,success,5.324145151653102,7.582322357019064,-0.297821313713408,80.10160590614777,82.32639228613156,-0.027023975157946613,-0.45403803673138504,1.243347454453903,3.976282722853014,4994.999999999999,0.8751993832191802,0.5221517700390197,
H1a,L38-hist,1p6kW,Xe1,c_up=1/64_c_exit=1/100_c_plume=1/32,facility,success,4.5730691379714346,7.582322357019064,-0.39687751026068163,69.93700978306869,82.32639228613156,-0.15049101702407466,-2.528445408788341,1.5885428843182354,5.698003500023968,4994.999999999999,0.9896801309999005,0.4634154914616445,
H1a,L38-hist,1p6kW,Xe1,c_up=1/64_c_exit=1/100_c_plume=1/8,facility,success,5.212785894382651,7.582322357019064,-0.31250800890084807,75.10981061680475,82.32639228613156,-0.087658179460179,-1.4727717692503703,0.8403538941570333,3.4405472874605323,6992.999999999998,0.8118044642094409,0.46890799967182195,
H1a,L38-hist,1p6kW,Xe1,c_up=1/64_c_exit=1/300_c_plume=1/16,facility,success,2.841408625438841,7.582322357019064,-0.6252587938564089,45.77549714656139,82.32639228613156,-0.4439754266473233,-7.4593663550143186,3.8674194209392025,26.412138076936827,6992.999999999998,1.112172948474397,0.31951896473199665,
H1a,L38-hist,1p6kW,Xe1,c_up=1/64_c_exit=1/300_c_plume=1/32,facility,success,3.6272785708963022,7.582322357019064,-0.5216137747640762,54.94481212082931,82.32639228613156,-0.33259783897896933,-5.58807758475556,2.3731623466891834,11.787524444552648,6992.999999999998,1.1366128573742507,0.3606090906394302,
H1a,L38-hist,1p6kW,Xe1,c_up=1/64_c_exit=1/300_c_plume=1/8,facility,success,3.846771808720968,7.582322357019064,-0.49266575231268606,56.44673071297521,82.32639228613156,-0.31435437475760686,-5.2815635863584385,3.6340176633265813,22.876873465903262,10988.999999999998,0.9742759357728981,0.3588767785687192,
H1a,L38-hist,1p6kW,Xe1,c_up=1/64_c_exit=1/800_c_plume=1/16,facility,success,3.2240070318226923,7.582322357019064,-0.5747995297458987,57.66761398468718,82.32639228613156,-0.29952458278192184,-5.032403734988649,2.8655642621589514,15.814720758480666,6992.999999999998,1.1287615223515823,0.4469224599868688,
H1a,L38-hist,1p6kW,Xe1,c_up=1/64_c_exit=1/800_c_plume=1/32,facility,success,3.7161241507561655,7.582322357019064,-0.5098963120031297,27.225086693528894,82.32639228613156,-0.6693030517005281,-11.245164406653604,1.0294947514365047,4.568566358232516,5993.999999999999,1.0813149814785792,0.08641965405898785,
H1a,L38-hist,1p6kW,Xe1,c_up=1/64_c_exit=1/800_c_plume=1/8,facility,success,2.732810725244636,7.582322357019064,-0.6395813054934503,45.790896732689895,82.32639228613156,-0.44378837137014104,-7.456223582335033,3.712213412117768,24.19023381312557,9989.999999999998,1.0472882547397688,0.33243974387774006,
H1a,L38-hist,1p6kW,Xe2,c_up=1/160_c_exit=1/100_c_plume=1/16,facility,success,4.086608912983737,8.589692369157012,-0.5242426925954282,64.8184569016239,93.01516772729975,-0.3031409985556601,-5.754430780750175,1.6950780161515795,6.389633608900782,5993.999999999999,1.0430839159758571,0.4107460996094062,
H1a,L38-hist,1p6kW,Xe2,c_up=1/160_c_exit=1/100_c_plume=1/32,facility,success,4.006494041227139,8.589692369157012,-0.5335695541771382,67.77929350293896,93.01516772729975,-0.27130923741756713,-5.1501784131348565,1.3925472749249055,5.154938589133471,5993.999999999999,1.1809884770926233,0.4581088950954072,
H1a,L38-hist,1p6kW,Xe2,c_up=1/160_c_exit=1/100_c_plume=1/8,facility,success,3.898556629906729,8.589692369157012,-0.546135476992719,62.32220740749576,93.01516772729975,-0.329978014013683,-6.263869453021222,1.8163780495872364,7.0910279492804555,5993.999999999999,0.990660811862966,0.3980347212277489,
H1a,L38-hist,1p6kW,Xe2,c_up=1/160_c_exit=1/300_c_plume=1/16,facility,success,3.741208291779874,8.589692369157012,-0.5644537509616269,51.00582056096599,93.01516772729975,-0.45163975072856977,-8.573336156394646,0.8597917790869327,3.646788728890493,6992.999999999998,1.161111085995674,0.2778220679275497,
H1a,L38-hist,1p6kW,Xe2,c_up=1/160_c_exit=1/300_c_plume=1/32,facility,success,3.7064040833809586,8.589692369157012,-0.5685056083394169,42.14001967886425,93.01516772729975,-0.5469553976141868,-10.382683275190919,0.8468983137043041,4.755505656692491,5993.999999999999,1.107826243592033,0.1914149493885782,
H1a,L38-hist,1p6kW,Xe2,c_up=1/160_c_exit=1/300_c_plume=1/8,facility,success,3.9818423206164284,8.589692369157012,-0.5364394730928875,54.906013545241926,93.01516772729975,-0.4097090304001341,-7.777378404501597,0.9209964206594333,4.289269172983786,6992.999999999998,1.078808845032967,0.30247878369007747,
H1a,L38-hist,1p6kW,Xe2,c_up=1/160_c_exit=1/800_c_plume=1/16,facility,success,3.7594966048154657,8.589692369157012,-0.5623246510765996,29.609391793809824,93.01516772729975,-0.6816713605181242,-12.9399542721408,1.0958663331461316,3.9499796127689626,6992.999999999998,1.0689916802264567,0.09316835482035968,
H1a,L38-hist,1p6kW,Xe2,c_up=1/160_c_exit=1/800_c_plume=1/32,facility,success,3.5366002289950975,8.589692369157012,-0.588273936131408,21.254187607396837,93.01516772729975,-0.7714976156393171,-14.645097983653656,1.030413178343343,4.062511298819462,5993.999999999999,1.2211777683185105,0.051031954167603616,
H1a,L38-hist,1p6kW,Xe2,c_up=1/160_c_exit=1/800_c_plume=1/8,facility,success,3.9129971456520263,8.589692369157012,-0.5444543322992083,34.7422552869718,93.01516772729975,-0.6264882799671067,-11.89243111027101,1.1105023675664165,4.599249833225407,6992.999999999998,1.0919115228721707,0.12323828149310655,
H1a,L38-hist,1p6kW,Xe2,c_up=1/25_c_exit=1/100_c_plume=1/16,facility,success,5.694642519985273,8.589692369157012,-0.33703766383613315,76.527197464911,93.01516772729975,-0.1772610926287624,-3.3648918902834186,1.0821564562310473,4.129179732176194,5993.999999999999,0.6585135916136091,0.4108698770880437,
H1a,L38-hist,1p6kW,Xe2,c_up=1/25_c_exit=1/100_c_plume=1/32,facility,success,5.450569703635664,8.589692369157012,-0.3654522805488341,77.06980594554022,93.01516772729975,-0.17142754425286713,-3.254155465665211,2.9814573371862707,16.967587031915652,10988.999999999998,0.8109742003994764,0.4353773016817248,
H1a,L38-hist,1p6kW,Xe2,c_up=1/25_c_exit=1/100_c_plume=1/8,facility,success,6.544862893513059,8.589692369157012,-0.23805619430403782,90.12192013155911,93.01516772729975,-0.031105116148615948,-0.5904586930082965,1.1255814346491009,4.521418331978343,5993.999999999999,0.6171605933286485,0.49579194853776914,
H1a,L38-hist,1p6kW,Xe2,c_up=1/25_c_exit=1/300_c_plume=1/16,facility,success,4.0341254439137275,8.589692369157012,-0.5303527448318112,61.78850888193576,93.01516772729975,-0.3357157720439076,-6.372787519462039,3.669560944358235,24.855584304765713,3995.999999999999,0.856270138887683,0.37809869724121037,
H1a,L38-hist,1p6kW,Xe2,c_up=1/25_c_exit=1/300_c_plume=1/32,facility,success,4.799256696204031,8.589692369157012,-0.44127723206517727,78.64605626272112,93.01516772729975,-0.15448137992618316,-2.9324717274650287,3.1692555898664154,18.437557302389443,9989.999999999998,0.9580037240865521,0.5148954690406534,
H1a,L38-hist,1p6kW,Xe2,c_up=1/25_c_exit=1/300_c_plume=1/8,facility,success,4.928912414079642,8.589692369157012,-0.4261828943050538,75.73828586937253,93.01516772729975,-0.18574262972442607,-3.525894256719841,0.9949203779266194,3.3253960559526603,5993.999999999999,0.8108844090727175,0.46496364065086576,
H1a,L38-hist,1p6kW,Xe2,c_up=1/25_c_exit=1/800_c_plume=1/16,facility,success,4.267242927143421,8.589692369157012,-0.5032135327144194,57.572738705286326,93.01516772729975,-0.3810392421795435,-7.23314878000274,0.11205017897553093,0.5775139007574159,94904.99999999999,1.019715928540297,0.3103312861811039,
H1a,L38-hist,1p6kW,Xe2,c_up=1/25_c_exit=1/800_c_plume=1/32,facility,success,4.205337850357047,8.589692369157012,-0.5104204353747122,53.03290195678749,93.01516772729975,-0.4298467308872847,-8.159646075614747,0.10750119359318966,0.7800136788812286,5993.999999999999,1.1429514282646702,0.2671954405205602,
H1a,L38-hist,1p6kW,Xe2,c_up=1/25_c_exit=1/800_c_plume=1/8,facility,success,4.366605381928274,8.589692369157012,-0.49164589437365264,61.27564822293436,93.01516772729975,-0.34122950353020665,-6.47745296007457,0.35523468954333637,1.6223985313951588,6992.999999999998,0.9837527524531268,0.34353503386207024,
H1a,L38-hist,1p6kW,Xe2,c_up=1/64_c_exit=1/100_c_plume=1/16,facility,success,5.113261930769402,8.589692369157012,-0.4047211808039157,76.47377563936111,93.01516772729975,-0.1778354271900515,-3.3757943036609475,0.5985418908011769,2.273975320891684,5993.999999999999,0.7494789097357472,0.45694736275693576,
H1a,L38-hist,1p6kW,Xe2,c_up=1/64_c_exit=1/100_c_plume=1/32,facility,success,4.623022709353216,8.589692369157012,-0.46179414690646053,71.19597985123298,93.01516772729975,-0.23457666538898142,-4.452895484911587,1.5661844292752667,6.588233621355903,4994.999999999999,0.9131927952601594,0.4380503851818519,
H1a,L38-hist,1p6kW,Xe2,c_up=1/64_c_exit=1/100_c_plume=1/8,facility,success,5.280849120538307,8.589692369157012,-0.38521091401361013,81.88695457737846,93.01516772729975,-0.11963869357895258,-2.271063908147203,0.8101594502521515,3.290986239199255,6992.999999999998,0.8278436365392317,0.507299962820177,
H1a,L38-hist,1p6kW,Xe2,c_up=1/64_c_exit=1/300_c_plume=1/16,facility,success,3.799442361620137,8.589692369157012,-0.5576742218076649,58.637638040413805,93.01516772729975,-0.36959057890078095,-7.015822385078765,3.5631486748889842,22.443623257955565,3995.999999999999,1.0311458907895046,0.36155321400400126,
H1a,L38-hist,1p6kW,Xe2,c_up=1/64_c_exit=1/300_c_plume=1/32,facility,success,2.7434507244707076,8.589692369157012,-0.6806112947278986,42.14543979522925,93.01516772729975,-0.5468971262967507,-10.38157712899398,3.1813065233219766,20.240786286830446,3995.999999999999,1.1385455524411328,0.25866827476963383,
H1a,L38-hist,1p6kW,Xe2,c_up=1/64_c_exit=1/300_c_plume=1/8,facility,success,3.8580910461303866,8.589692369157012,-0.5508464237923555,56.88729055222834,93.01516772729975,-0.3884084505549728,-7.373036158177838,3.852651589925843,25.920844812112474,3995.999999999999,0.956808567991234,0.33511755379795505,
H1a,L38-hist,1p6kW,Xe2,c_up=1/64_c_exit=1/800_c_plume=1/16,facility,success,3.554364020664598,8.589692369157012,-0.5862059002919308,61.598576473688844,93.01516772729975,-0.33775772297392964,-6.4115492354307975,3.025527458846321,17.272959495050074,6992.999999999998,1.1605098808433243,0.42649957037242153,
H1a,L38-hist,1p6kW,Xe2,c_up=1/64_c_exit=1/800_c_plume=1/32,facility,success,2.6606387732618972,8.589692369157012,-0.6902521465360684,48.69376923997963,93.01516772729975,-0.476496463644089,-9.045183364759207,2.3436999884718968,11.607161987067524,3995.999999999999,1.3086149358394035,0.3560410074555203,
H1a,L38-hist,1p6kW,Xe2,c_up=1/64_c_exit=1/800_c_plume=1/8,facility,success,2.758225245790996,8.589692369157012,-0.6788912655714018,44.93386110120201,93.01516772729975,-0.5169189907506448,-9.812511556346477,4.1452487612146,29.55637080132974,6992.999999999998,1.0205679657459898,0.2924535504475226,
H1a,L38-hist,1p6kW,Xe3,c_up=1/160_c_exit=1/100_c_plume=1/16,facility,success,3.8424543909598476,7.400656215822092,-0.4807954485515831,69.59869671484297,95.17124528500324,-0.26870036735969766,-5.218887463298013,1.7749795657116851,7.1003610112734075,5993.999999999999,1.115091373414547,0.4595869470598151,
H1a,L38-hist,1p6kW,Xe3,c_up=1/160_c_exit=1/100_c_plume=1/32,facility,success,3.942823239741716,7.400656215822092,-0.4672332932703681,61.48100011857103,95.17124528500324,-0.35399605275251145,-6.87556023804739,1.54809811481883,6.122773331126042,5993.999999999999,1.0208853412412646,0.34950124883347294,
H1a,L38-hist,1p6kW,Xe3,c_up=1/160_c_exit=1/100_c_plume=1/8,facility,success,4.406826102576045,7.400656215822092,-0.404535763578025,74.43202257191813,95.17124528500324,-0.21791479822480725,-4.232494431241861,1.849884576186182,7.52761159175645,6992.999999999998,0.9742651836208605,0.45831906160537245,
H1a,L38-hist,1p6kW,Xe3,c_up=1/160_c_exit=1/300_c_plume=1/16,facility,success,3.986370826211933,7.400656215822092,-0.46134900609362894,54.959464040851394,95.17124528500324,-0.4225202804033109,-8.206485968194254,0.9228405557776618,4.2153222935133225,6992.999999999998,1.087283641162951,0.27623676178423107,
H1a,L38-hist,1p6kW,Xe3,c_up=1/160_c_exit=1/300_c_plume=1/32,facility,success,3.8031829571552245,7.400656215822092,-0.4861019284986807,49.56603641914811,95.17124528500324,-0.47919104903255316,-9.307185482827576,0.685532829065303,3.2630392277189064,6992.999999999998,1.043494523301554,0.2355024108959035,
H1a,L38-hist,1p6kW,Xe3,c_up=1/160_c_exit=1/300_c_plume=1/8,facility,success,4.027709868388235,7.400656215822092,-0.4557631443847818,58.898176542432864,95.17124528500324,-0.381134749618393,-7.4026670903204845,0.8854748044818083,4.027320191258482,6992.999999999998,1.0404835651052413,0.3139928163486376,
H1a,L38-hist,1p6kW,Xe3,c_up=1/160_c_exit=1/800_c_plume=1/16,facility,success,3.824133938770395,7.400656215822092,-0.48327096581048307,30.970230915821052,95.17124528500324,-0.674584158029282,-13.102247830445343,1.1807161242263,5.187966109410055,6992.999999999998,1.101268409235055,0.09143868768940736,
H1a,L38-hist,1p6kW,Xe3,c_up=1/160_c_exit=1/800_c_plume=1/32,facility,success,3.567814315433463,7.400656215822092,-0.5179056814170448,30.576741703424396,95.17124528500324,-0.6787186968936029,-13.18255175134262,1.0436648186268234,3.988257882788854,5993.999999999999,1.1453119260494204,0.09553320717212785,
H1a,L38-hist,1p6kW,Xe3,c_up=1/160_c_exit=1/800_c_plume=1/8,facility,success,3.623234263878768,7.400656215822092,-0.5104171632601251,40.86147884481037,95.17124528500324,-0.5706531030202966,-11.083625804120992,1.2110112246481997,4.673986324969941,6992.999999999998,1.188544362242699,0.16799870674730238,
H1a,L38-hist,1p6kW,Xe3,c_up=1/25_c_exit=1/100_c_plume=1/16,facility,success,6.2041714762067945,7.400656215822092,-0.16167279018545624,97.64639892281953,95.17124528500324,0.026007368406330035,0.5051333954727101,1.1418229805628317,4.222747649603824,5993.999999999999,0.7427559818308235,0.5602770883585277,
H1a,L38-hist,1p6kW,Xe3,c_up=1/25_c_exit=1/100_c_plume=1/32,facility,success,5.793013314492184,7.400656215822092,-0.2172297772585192,82.5481777478927,95.17124528500324,-0.13263530911368301,-2.576136232063378,0.9962646124198851,4.048300896237853,5993.999999999999,0.704425861963878,0.4288294934466291,
H1a,L38-hist,1p6kW,Xe3,c_up=1/25_c_exit=1/100_c_plume=1/8,facility,success,7.073014950553188,7.400656215822092,-0.04427192072081798,105.05308365552716,95.17124528500324,0.10383218524598907,2.0167017082701877,0.6947916196649502,2.6612753972971204,5993.999999999999,0.5910741893192999,0.5688361994779043,
H1a,L38-hist,1p6kW,Xe3,c_up=1/25_c_exit=1/300_c_plume=1/16,facility,success,5.2327166760845545,7.400656215822092,-0.29293882549261413,92.55546977765462,95.17124528500324,-0.027484935176747206,-0.5338317361935963,1.4687465327214178,7.283931769760607,4994.999999999999,0.944497238335604,0.5968306948836872,
H1a,L38-hist,1p6kW,Xe3,c_up=1/25_c_exit=1/300_c_plume=1/32,facility,success,4.198819138410392,7.400656215822092,-0.4326423203615909,77.46037849897664,95.17124528500324,-0.18609472570195976,-3.6144626093931853,3.5486839170379287,22.63408367746896,6992.999999999998,1.0463233968741896,0.5209622491681135,
H1a,L38-hist,1p6kW,Xe3,c_up=1/25_c_exit=1/300_c_plume=1/8,facility,success,4.995506371211752,7.400656215822092,-0.3249914297421756,83.0739023112311,95.17124528500324,-0.12711132377794368,-2.4688455048514575,0.8621192931750726,2.875100557124967,5993.999999999999,0.8356248959694557,0.5036442709784719,
H1a,L38-hist,1p6kW,Xe3,c_up=1/25_c_exit=1/800_c_plume=1/16,facility,success,4.259514394227159,7.400656215822092,-0.42444098604112823,59.974284868663986,95.17124528500324,-0.3698276754805212,-7.183053146191685,0.2575020738797052,1.222447176607562,6992.999999999998,0.9859392841941392,0.3078536155750034,
H1a,L38-hist,1p6kW,Xe3,c_up=1/25_c_exit=1/800_c_plume=1/32,facility,success,4.143664446851482,7.400656215822092,-0.440094996171743,52.527177132699,95.17124528500324,-0.44807723198956556,-8.70287105149066,0.0718792838092451,0.34052073391748205,90908.99999999999,0.9902327834399042,0.2427491608393473,
H1a,L38-hist,1p6kW,Xe3,c_up=1/25_c_exit=1/800_c_plume=1/8,facility,success,4.380610510971729,7.400656215822092,-0.40807809696574127,66.14222161386944,95.17124528500324,-0.30501884875208307,-5.924290545129346,0.425445255880092,1.8544325763949994,6992.999999999998,0.9447971795939774,0.364080239093163,
H1a,L38-hist,1p6kW,Xe3,c_up=1/64_c_exit=1/100_c_plume=1/16,facility,success,5.28012453640434,7.400656215822092,-0.2865329259429997,80.20552114331068,95.17124528500324,-0.15725048145451576,-3.0542294166719532,0.6755323806795452,3.1862656325721694,6992.999999999998,0.7735344768762686,0.44415909198850123,
H1a,L38-hist,1p6kW,Xe3,c_up=1/64_c_exit=1/100_c_plume=1/32,facility,success,4.815631514976142,7.400656215822092,-0.34929668740987396,78.58085106714145,95.17124528500324,-0.174321499820451,-3.3857947383391407,0.946028800773716,3.010383959853822,4994.999999999999,0.8864959281578341,0.4674707055984227,
H1a,L38-hist,1p6kW,Xe3,c_up=1/64_c_exit=1/100_c_plume=1/8,facility,success,5.203227425935672,7.400656215822092,-0.2969235059437661,79.95443253312051,95.17124528500324,-0.15988876373650376,-3.105471990180149,0.8601431367681636,3.5228616634458643,6992.999999999998,0.7453808791759625,0.4479055813413567,
H1a,L38-hist,1p6kW,Xe3,c_up=1/64_c_exit=1/300_c_plume=1/16,facility,success,3.767627594615882,7.400656215822092,-0.49090628118072094,60.07826273042193,95.17124528500324,-0.36873514105537447,-7.161833174404348,3.6828733935186095,24.275316206131123,3995.999999999999,1.0319073700812722,0.34925365107063183,
H1a,L38-hist,1p6kW,Xe3,c_up=1/64_c_exit=1/300_c_plume=1/32,facility,success,3.633072241804984,7.400656215822092,-0.5090878246664496,58.74490828213747,95.17124528500324,-0.382745196763814,-7.433946327115462,2.997081380710772,17.976889020976028,3995.999999999999,1.127184760772588,0.3462905330373406,
H1a,L38-hist,1p6kW,Xe3,c_up=1/64_c_exit=1/300_c_plume=1/8,facility,success,3.638560135123705,7.400656215822092,-0.5083462832194915,58.1642585823069,95.17124528500324,-0.3888463011267099,-7.552446265856395,3.30287558260825,26.316239558006803,8990.999999999998,0.9447852994437869,0.3389666946553198,
H1a,L38-hist,1p6kW,Xe3,c_up=1/64_c_exit=1/800_c_plume=1/16,facility,success,2.7293089163760134,7.400656215822092,-0.6312071745015072,45.236731122402084,95.17124528500324,-0.5246806849386646,-10.190717176041051,4.190356599527626,30.62495279087703,6992.999999999998,1.0747600040694931,0.27334046415967833,
H1a,L38-hist,1p6kW,Xe3,c_up=1/64_c_exit=1/800_c_plume=1/32,facility,success,2.6074986912291447,7.400656215822092,-0.647666556155589,38.01677162049477,95.17124528500324,-0.6005435096845861,-11.664178298879278,3.0638294353500632,19.027597155958507,6992.999999999998,0.984167851123371,0.20206940422434974,
H1a,L38-hist,1p6kW,Xe3,c_up=1/64_c_exit=1/800_c_plume=1/8,facility,success,3.167755454291604,7.400656215822092,-0.5719628960038488,48.09220698673194,95.17124528500324,-0.494677128131367,-9.607966999647203,4.145055199999365,30.205066953271896,6992.999999999998,0.9312880087656192,0.2661778790934739,
H1b,L38-hist,3p0kW,Xe1,c_up=1/160_c_exit=1/100_c_plume=1/16,facility,success,3.046930990092288,7.582322357019064,-0.5981533299924,47.25665203987894,82.32639228613156,-0.42598417436251923,-7.157089846174004,2.7892772471116927,15.4990707764077,3995.999999999999,1.208355496658526,0.31756123185364044,
H1b,L38-hist,3p0kW,Xe1,c_up=1/160_c_exit=1/100_c_plume=1/32,facility,success,3.038813193861779,7.582322357019064,-0.5992239513466866,45.248217489519966,82.32639228613156,-0.4503801729552731,-7.56697444828808,2.1606105202572645,9.963686302718736,3995.999999999999,1.146092679297169,0.29191952432694684,
H1b,L38-hist,3p0kW,Xe1,c_up=1/160_c_exit=1/100_c_plume=1/8,facility,success,3.1090013676459725,7.582322357019064,-0.5899671339127482,44.79430313856496,82.32639228613156,-0.4558937675432321,-7.659610030115631,3.511894962387024,22.265793824333198,3995.999999999999,1.0824941162043202,0.27963327676172567,
H1b,L38-hist,3p0kW,Xe1,c_up=1/160_c_exit=1/300_c_plume=1/16,facility,success,2.304559419765365,7.582322357019064,-0.6960615348103736,33.449491550849054,82.32639228613156,-0.5936966187636058,-9.974877701078062,2.6849291157803594,15.145692164911877,3995.999999999999,1.1173966833109807,0.2103562047031485,
H1b,L38-hist,3p0kW,Xe1,c_up=1/160_c_exit=1/300_c_plume=1/32,facility,success,2.933975357969444,7.582322357019064,-0.6130505642175157,41.54674495255408,82.32639228613156,-0.49534111967210653,-8.322377006852546,1.956988217065564,8.179619903009382,3995.999999999999,1.1256423368428081,0.2549069880648824,
H1b,L38-hist,3p0kW,Xe1,c_up=1/160_c_exit=1/300_c_plume=1/8,facility,success,2.7182846432054744,7.582322357019064,-0.641497088198958,38.758508469024996,82.32639228613156,-0.5292091953414296,-8.891404860633992,3.0738233610584644,18.044746407214586,10988.999999999998,1.0592377139325202,0.23944367842635045,
H1b,L38-hist,3p0kW,Xe1,c_up=1/160_c_exit=1/800_c_plume=1/16,facility,success,3.662333374024927,7.582322357019064,-0.5169905470143125,31.953209398215186,82.32639228613156,-0.6118716184336196,-10.280241405697218,1.0142461732404677,4.039100843392263,5993.999999999999,1.1768816561897981,0.12079119889859637,
H1b,L38-hist,3p0kW,Xe1,c_up=1/160_c_exit=1/800_c_plume=1/32,facility,success,3.507387976132802,7.582322357019064,-0.5374256314905996,29.875045614583662,82.32639228613156,-0.637114602195239,-10.704356463581203,0.9402703175304784,3.2668637499220123,5993.999999999999,1.260475745990172,0.11025480889230606,
H1b,L38-hist,3p0kW,Xe1,c_up=1/160_c_exit=1/800_c_plume=1/8,facility,success,3.6565649411279684,7.582322357019064,-0.5177513209072371,33.904940461312826,82.32639228613156,-0.5881643842296204,-9.881928943840558,1.0826542172810543,4.097284884374274,5993.999999999999,1.1261386646005924,0.1362124726482569,
H1b,L38-hist,3p0kW,Xe1,c_up=1/25_c_exit=1/100_c_plume=1/16,facility,success,6.41866997930614,7.582322357019064,-0.15346912501493878,90.70328802598391,82.32639228613156,0.10175225109753153,1.7095705591535388,1.0385747602618385,3.5492789199018704,4994.999999999999,0.76674975257521,0.5553479974621482,
H1b,L38-hist,3p0kW,Xe1,c_up=1/25_c_exit=1/100_c_plume=1/32,facility,success,5.800151173631784,7.582322357019064,-0.2350429195004481,77.55058046641966,82.32639228613156,-0.058010702122269706,-0.9746554734105918,2.9496186905243307,16.61486547266161,9989.999999999998,0.8212823254052548,0.44925714015231544,
H1b,L38-hist,3p0kW,Xe1,c_up=1/25_c_exit=1/100_c_plume=1/8,facility,success,6.174109072076867,7.582322357019064,-0.18572321495123376,81.36752901431508,82.32639228613156,-0.011647094512339069,-0.1956863820033625,1.1966583165178515,4.974280429465028,5993.999999999999,0.619731481818752,0.46461385117339077,
H1b,L38-hist,3p0kW,Xe1,c_up=1/25_c_exit=1/300_c_plume=1/16,facility,success,3.7178430155153404,7.582322357019064,-0.5096696182966054,59.4512424203093,82.32639228613156,-0.27785925303659564,-4.668397931800461,3.5992699719237673,23.27458981608587,3995.999999999999,0.9346407112731318,0.41190305932557997,
H1b,L38-hist,3p0kW,Xe1,c_up=1/25_c_exit=1/300_c_plume=1/32,facility,failure,,,,,,,,,,,,,
H1b,L38-hist,3p0kW,Xe1,c_up=1/25_c_exit=1/300_c_plume=1/8,facility,success,4.6253350484104025,7.582322357019064,-0.38998438332964513,70.81307210603138,82.32639228613156,-0.1398496868426442,-2.349657179612281,0.9659557390962121,3.6240276345953704,5993.999999999999,0.879298637081763,0.46972953703940246,
H1b,L38-hist,3p0kW,Xe1,c_up=1/25_c_exit=1/800_c_plume=1/16,facility,success,4.274893764224974,7.582322357019064,-0.43620258240964344,54.54807882745616,82.32639228613156,-0.3374168682398931,-5.669043562994979,0.27340846481451064,1.2824284400360346,5993.999999999999,1.082014292670041,0.3015767022420912,
H1b,L38-hist,3p0kW,Xe1,c_up=1/25_c_exit=1/800_c_plume=1/32,facility,success,4.342947802521174,7.582322357019064,-0.42722722695892174,47.76274824001646,82.32639228613156,-0.41983673869719157,-7.053804907370428,0.7075987496415094,3.635586899709728,4994.999999999999,1.1323388676440367,0.22759263376963082,
H1b,L38-hist,3p0kW,Xe1,c_up=1/25_c_exit=1/800_c_plume=1/8,facility,success,3.781930770511289,7.582322357019064,-0.5012173589519968,44.57311185582617,82.32639228613156,-0.4585805278469027,-7.704751108225588,1.2151694339937182,5.220241450770392,5993.999999999999,0.9067763154860593,0.22761272139790606,
H1b,L38-hist,3p0kW,Xe1,c_up=1/64_c_exit=1/100_c_plume=1/16,facility,success,4.437713006879007,7.582322357019064,-0.4147290502927572,61.13397380237967,82.32639228613156,-0.25741949689834637,-4.324983364030998,2.8582201872782935,15.89454330427127,3995.999999999999,0.9421376482798606,0.3648969524031808,
H1b,L38-hist,3p0kW,Xe1,c_up=1/64_c_exit=1/100_c_plume=1/32,facility,success,4.110659499391246,7.582322357019064,-0.4578627357374288,53.00587578096813,82.32639228613156,-0.35614965858406344,-5.983778878604781,2.433509899696284,12.274662093310043,3995.999999999999,0.9545989304543009,0.2961424877336864,
H1b,L38-hist,3p0kW,Xe1,c_up=1/64_c_exit=1/100_c_plume=1/8,facility,success,5.233810642611707,7.582322357019064,-0.30973514496298166,75.17284421930624,82.32639228613156,-0.086892524598462,-1.4599077687398607,0.6633829522123038,2.398448522016072,5993.999999999999,0.7720412595989824,0.46780854928645177,
H1b,L38-hist,3p0kW,Xe1,c_up=1/64_c_exit=1/300_c_plume=1/16,facility,success,3.088727388378579,7.582322357019064,-0.5926409821498423,46.914622385081664,82.32639228613156,-0.4301387309427289,-7.226891816540794,3.900637142883511,26.79726156847416,2996.9999999999995,1.038063473706613,0.3087458057654981,
H1b,L38-hist,3p0kW,Xe1,c_up=1/64_c_exit=1/300_c_plume=1/32,facility,success,2.95560144174877,7.582322357019064,-0.6101983927110766,38.819953211570194,82.32639228613156,-0.5284628400009497,-8.878865117257421,2.818406125070151,19.04566575477989,2996.9999999999995,0.9756767101352368,0.2209165951043851,
H1b,L38-hist,3p0kW,Xe1,c_up=1/64_c_exit=1/300_c_plume=1/8,facility,success,3.138404082704238,7.582322357019064,-0.5860893358353495,47.658135495968224,82.32639228613156,-0.4211074459533124,-7.075154446972109,4.2509162275953125,30.92643126279861,6992.999999999998,1.0080016403542038,0.3135663355950731,
H1b,L38-hist,3p0kW,Xe1,c_up=1/64_c_exit=1/800_c_plume=1/16,facility,success,2.8870147886757294,7.582322357019064,-0.619243992442081,49.70697925540109,82.32639228613156,-0.3962206058703417,-6.657023067496014,3.2594132772824853,19.216636389868132,2996.9999999999995,1.0323702826184917,0.3708087125391717,
H1b,L38-hist,3p0kW,Xe1,c_up=1/64_c_exit=1/800_c_plume=1/32,facility,success,2.84001724574606,7.582322357019064,-0.6254422969610338,48.65343032228105,82.32639228613156,-0.4090178256180303,-6.872033053847042,2.3779967489635307,13.293998420125368,2996.9999999999995,1.1362056711140431,0.361135473030752,
H1b,L38-hist,3p0kW,Xe1,c_up=1/64_c_exit=1/800_c_plume=1/8,facility,success,2.9243909469043747,7.582322357019064,-0.61431461111684,49.663096844625095,82.32639228613156,-0.3967536355532589,-6.6659786615319305,3.6197724132044624,22.892033353008625,2996.9999999999995,1.0175639313251321,0.3654234045660455,
H1b,L38-hist,3p0kW,Xe2,c_up=1/160_c_exit=1/100_c_plume=1/16,facility,success,3.7720793008358875,8.589692369157012,-0.5608597911631523,53.83749408325732,93.01516772729975,-0.4211966134265635,-7.995443600824987,2.7472159283100064,14.92123289349728,8990.999999999998,1.0513463995454446,0.30699267286377413,
H1b,L38-hist,3p0kW,Xe2,c_up=1/160_c_exit=1/100_c_plume=1/32,facility,success,3.066914544997938,8.589692369157012,-0.6429540880869843,45.01790412954386,93.01516772729975,-0.5160154496358426,-9.795359917909366,2.3158040327814984,12.530623677870823,4994.999999999999,1.1470230027879849,0.2640024876220412,
H1b,L38-hist,3p0kW,Xe2,c_up=1/160_c_exit=1/100_c_plume=1/8,facility,success,3.0597294891481774,8.589692369157012,-0.6437905622633541,48.12615235484302,93.01516772729975,-0.4825988757453146,-9.161023545399333,3.4216525027013827,22.103831388112283,4994.999999999999,1.1367566769677215,0.3024254958567289,
H1b,L38-hist,3p0kW,Xe2,c_up=1/160_c_exit=1/300_c_plume=1/16,facility,success,2.9785968053602856,8.589692369157012,-0.6532359161015444,48.48011995747695,93.01516772729975,-0.4787933931419645,-9.08878525914751,2.6062659925753975,13.850274937421972,3995.999999999999,1.227183463687605,0.31524978752904176,
H1b,L38-hist,3p0kW,Xe2,c_up=1/160_c_exit=1/300_c_plume=1/32,facility,success,3.0260825946868546,8.589692369157012,-0.6477076867673861,43.93234240735231,93.01516772729975,-0.5276862528899331,-10.016903126519885,1.6115405567782006,6.325173463398204,3995.999999999999,1.2207164637845533,0.25481623375014945,
H1b,L38-hist,3p0kW,Xe2,c_up=1/160_c_exit=1/300_c_plume=1/8,facility,success,3.015664541385508,8.589692369157012,-0.6489205419959104,46.195896707415514,93.01516772729975,-0.5033509282824513,-9.55495326936413,3.1458317438355277,19.48332657995581,3995.999999999999,1.1130645902153449,0.2827241610819496,
H1b,L38-hist,3p0kW,Xe2,c_up=1/160_c_exit=1/800_c_plume=1/16,facility,success,3.66377207428352,8.589692369157012,-0.5734687673520164,33.99532948771077,93.01516772729975,-0.6345184305061118,-12.044864946854894,1.061812629974481,4.7747360050435015,5993.999999999999,1.150780043500364,0.12602282531229184,
H1b,L38-hist,3p0kW,Xe2,c_up=1/160_c_exit=1/800_c_plume=1/32,facility,success,3.6483923801210665,8.589692369157012,-0.5752592498863708,27.365186107253525,93.01516772729975,-0.7057986694440814,-13.397955432662494,0.9533082028513045,3.45912980560114,5993.999999999999,1.1371509961164872,0.08200388398173594,
H1b,L38-hist,3p0kW,Xe2,c_up=1/160_c_exit=1/800_c_plume=1/8,facility,success,3.613789134254375,8.589692369157012,-0.5792877114865721,37.73129788435937,93.01516772729975,-0.5943532780053751,-11.282422416926607,1.1763465084812308,5.601714829919193,5993.999999999999,1.1370458562140897,0.1573909770386968,
H1b,L38-hist,3p0kW,Xe2,c_up=1/25_c_exit=1/100_c_plume=1/16,facility,success,6.571114633967749,8.589692369157012,-0.23500000331063836,93.8448577138268,93.01516772729975,0.008919942916831649,0.16932448704633368,1.10434547297371,3.9719714460666595,4994.999999999999,0.7144633361944644,0.5354526437112772,
H1b,L38-hist,3p0kW,Xe2,c_up=1/25_c_exit=1/100_c_plume=1/32,facility,success,4.349211120822313,8.589692369157012,-0.4936709099805465,63.447242649061515,93.01516772729975,-0.31788283352802166,-6.034270424130253,3.533380636323978,23.376891419914145,6992.999999999998,0.8367527449023657,0.36978915162314646,
H1b,L38-hist,3p0kW,Xe2,c_up=1/25_c_exit=1/100_c_plume=1/8,facility,success,6.856556211599863,8.589692369157012,-0.20176929313328107,95.70527964021814,93.01516772729975,0.028921217675005412,0.5490024312078315,0.7355237269904611,3.03609568675486,5993.999999999999,0.5942551619813883,0.533709462411809,
H1b,L38-hist,3p0kW,Xe2,c_up=1/25_c_exit=1/300_c_plume=1/16,facility,success,4.916526760750416,8.589692369157012,-0.42762481478333536,83.87919307333097,93.01516772729975,-0.09822026748103575,-1.8644846232589358,3.1595818604879002,18.574631171374282,3995.999999999999,0.9215239164192469,0.5717276955096685,
H1b,L38-hist,3p0kW,Xe2,c_up=1/25_c_exit=1/300_c_plume=1/32,facility,success,4.887088386569735,8.589692369157012,-0.43105198922864907,80.2341735253475,93.01516772729975,-0.13740763484320478,-2.608366163663724,3.001030412333797,16.845092887655607,6992.999999999998,0.986906152646779,0.5262689212469075,
H1b,L38-hist,3p0kW,Xe2,c_up=1/25_c_exit=1/300_c_plume=1/8,facility,success,5.1577329298892405,8.589692369157012,-0.399543929138941,83.30578732342026,93.01516772729975,-0.10438491528978687,-1.9815062048733676,0.8036046261331629,3.1838571819109847,5993.999999999999,0.8470374563251875,0.537564581351384,
H1b,L38-hist,3p0kW,Xe2,c_up=1/25_c_exit=1/800_c_plume=1/16,facility,failure,,,,,,,,,,,,,
H1b,L38-hist,3p0kW,Xe2,c_up=1/25_c_exit=1/800_c_plume=1/32,facility,success,4.026831124198469,8.589692369157012,-0.5312019393549411,48.14019886499986,93.01516772729975,-0.48244786263100176,-9.158156910673448,0.3732828822384811,1.713440466043414,4994.999999999999,1.052907883069604,0.22992780516922687,
H1b,L38-hist,3p0kW,Xe2,c_up=1/25_c_exit=1/800_c_plume=1/8,facility,success,4.219796854910281,8.589692369157012,-0.5087371382399799,56.76152776829541,93.01516772729975,-0.389760518040371,-7.398702032449867,0.7235451883600359,3.1357128514653794,5993.999999999999,0.932612861251106,0.30503927406253784,
H1b,L38-hist,3p0kW,Xe2,c_up=1/64_c_exit=1/100_c_plume=1/16,facility,success,4.9687634796435365,8.589692369157012,-0.4215434888582432,67.4751221323583,93.01516772729975,-0.2745793639787795,-5.2122542030492784,2.2384710976443807,10.65854578308402,4994.999999999999,0.8375232056814678,0.36608183932968674,
H1b,L38-hist,3p0kW,Xe2,c_up=1/64_c_exit=1/100_c_plume=1/32,facility,success,4.214595271290215,8.589692369157012,-0.5093426993470043,64.11868270385132,93.01516772729975,-0.3106642253031962,-5.8972418415200885,2.139389364599583,9.860625237690375,3995.999999999999,1.0197977381870291,0.38971978791162304,
H1b,L38-hist,3p0kW,Xe2,c_up=1/64_c_exit=1/100_c_plume=1/8,facility,success,5.457317868014718,8.589692369157012,-0.364666668667868,81.92336455144303,93.01516772729975,-0.11924725232314244,-2.2636333011952505,1.3905091921999324,6.021499225661812,5993.999999999999,0.7926119211878997,0.491332463986575,
H1b,L38-hist,3p0kW,Xe2,c_up=1/64_c_exit=1/300_c_plume=1/16,facility,success,4.0618771803537115,8.589692369157012,-0.5271219263988214,70.30443354295882,93.01516772729975,-0.2441616215854588,-4.634843711089988,3.708001479026026,23.82547326211908,9989.999999999998,1.1792836311689616,0.48615839519716314,
H1b,L38-hist,3p0kW,Xe2,c_up=1/64_c_exit=1/300_c_plume=1/32,facility,success,3.0449462989607303,8.589692369157012,-0.6455116006372694,45.59257089339763,93.01516772729975,-0.5098372447484573,-9.678080986510638,3.7447648419408153,25.726427222434257,2996.9999999999995,1.0687307258943675,0.2727392718969764,
H1b,L38-hist,3p0kW,Xe2,c_up=1/64_c_exit=1/300_c_plume=1/8,facility,success,3.154620990212694,8.589692369157012,-0.6327434261161687,46.68272986295222,93.01516772729975,-0.4981170167878874,-9.455599564152557,4.567370465405833,35.257375736756146,6992.999999999998,0.9500585470892456,0.27599705649427664,
H1b,L38-hist,3p0kW,Xe2,c_up=1/64_c_exit=1/800_c_plume=1/16,facility,success,2.920415873609933,8.589692369157012,-0.660009258993225,50.34153267531019,93.01516772729975,-0.45878146644963735,-8.70890511265093,3.762287054129559,24.901848918949067,2996.9999999999995,1.055387789054116,0.34669479180040824,
H1b,L38-hist,3p0kW,Xe2,c_up=1/64_c_exit=1/800_c_plume=1/32,facility,success,2.854047739170685,8.589692369157012,-0.667735744597943,45.22568200129114,93.01516772729975,-0.5137816432919521,-9.752956270614003,3.0456504060102896,19.889742742888746,2996.9999999999995,1.043179996920973,0.28631768017897685,
H1b,L38-hist,3p0kW,Xe2,c_up=1/64_c_exit=1/800_c_plume=1/8,facility,success,3.6978356109374206,8.589692369157012,-0.5695031379452854,58.56951999764696,93.01516772729975,-0.3703229115345999,-7.029724026459754,3.6542647912201005,22.952570443840756,2996.9999999999995,0.9498904894795689,0.37062514407642516,
H1b,L38-hist,3p0kW,Xe3,c_up=1/160_c_exit=1/100_c_plume=1/16,facility,success,3.6350226806126402,7.400656215822092,-0.5088242752255925,51.1646327807638,95.17124528500324,-0.4623939969730947,-8.980941327395803,2.6364399721434064,13.163842615658043,4994.999999999999,0.9695047709618084,0.262546836868731,
H1b,L38-hist,3p0kW,Xe3,c_up=1/160_c_exit=1/100_c_plume=1/32,facility,success,3.638985218308214,7.400656215822092,-0.5082888446394369,58.13124798281608,95.17124528500324,-0.38919315588722053,-7.559183122895339,2.2356065913645486,11.156728231214256,4994.999999999999,1.1675146268769203,0.3385424978583379,
H1b,L38-hist,3p0kW,Xe3,c_up=1/160_c_exit=1/100_c_plume=1/8,facility,success,4.3411247294601525,7.400656215822092,-0.41341354025077837,63.52327818342701,95.17124528500324,-0.3325370704859655,-6.458768796240046,2.5329545409973866,12.025582554679364,10988.999999999998,0.943248919984011,0.33887359706422315,
H1b,L38-hist,3p0kW,Xe3,c_up=1/160_c_exit=1/300_c_plume=1/16,facility,success,3.546705039180435,7.400656215822092,-0.5207580333757668,53.61144917680512,95.17124528500324,-0.4366843786034496,-8.481591042489413,1.3494782844101145,5.857577174173694,4994.999999999999,1.0963866051327555,0.2954365438504261,
H1b,L38-hist,3p0kW,Xe3,c_up=1/160_c_exit=1/300_c_plume=1/32,facility,success,3.7420364529546832,7.400656215822092,-0.49436423692341397,50.06525665588639,95.17124528500324,-0.47394555460570925,-9.205303801860582,1.1865419253751959,4.999498662340731,4994.999999999999,1.074087817993782,0.24419629604973772,
H1b,L38-hist,3p0kW,Xe3,c_up=1/160_c_exit=1/300_c_plume=1/8,facility,success,3.5683524811974845,7.400656215822092,-0.51783296276233,53.50983987118068,95.17124528500324,-0.4377520257201828,-8.502327635473991,1.5045813494911549,5.307200806960901,4994.999999999999,1.0164745645600384,0.2925322474434303,
H1b,L38-hist,3p0kW,Xe3,c_up=1/160_c_exit=1/800_c_plume=1/16,facility,success,3.6393181904136185,7.400656215822092,-0.5082438523987903,36.25697316702978,95.17124528500324,-0.6190343726358383,-12.023320840402747,1.0353920942419133,6.041646453778487,5993.999999999999,1.1009323850195634,0.13168528697874915,
H1b,L38-hist,3p0kW,Xe3,c_up=1/160_c_exit=1/800_c_plume=1/32,facility,success,3.6455177813017734,7.400656215822092,-0.5074061441324746,30.844517430709264,95.17124528500324,-0.6759050768082192,-13.127903643733465,0.9710732877107486,4.60478668529865,5993.999999999999,1.1715777412314448,0.09514170533423023,
H1b,L38-hist,3p0kW,Xe3,c_up=1/160_c_exit=1/800_c_plume=1/8,facility,success,4.125729334504477,7.400656215822092,-0.4425184450962669,48.79215831634043,95.17124528500324,-0.48732247676043666,-9.46511978952302,1.0643369731441927,4.658931518521581,5993.999999999999,1.1678011234956296,0.21036501635002122,
H1b,L38-hist,3p0kW,Xe3,c_up=1/25_c_exit=1/100_c_plume=1/16,facility,success,6.339230087017865,7.400656215822092,-0.14342324489211805,90.58556168879456,95.17124528500324,-0.04818349893895192,-0.9358537951446299,1.1942922014681623,4.6156507174866865,4994.999999999999,0.6485997821738405,0.4719061535207505,
H1b,L38-hist,3p0kW,Xe3,c_up=1/25_c_exit=1/100_c_plume=1/32,facility,success,5.752510825620163,7.400656215822092,-0.22270260124748234,99.8591309458938,95.17124528500324,0.04925737439761392,0.956711359365419,3.1529616415760886,19.319430742814724,6992.999999999998,0.9941909783747175,0.6319639604016923,
H1b,L38-hist,3p0kW,Xe3,c_up=1/25_c_exit=1/100_c_plume=1/8,facility,success,6.8728414646620655,7.400656215822092,-0.07131999322324895,103.13222750481762,95.17124528500324,0.08364902861125896,1.62469024894171,0.8658083378582998,3.3763840653107224,5993.999999999999,0.5811014794268742,0.5641916601629557,
H1b,L38-hist,3p0kW,Xe3,c_up=1/25_c_exit=1/300_c_plume=1/16,facility,success,4.830114372009676,7.400656215822092,-0.3473397181072639,79.21994638505676,95.17124528500324,-0.1676062854087718,-3.2553671224380567,0.9463837783784542,3.446880693283121,5993.999999999999,0.8566591937947416,0.4736808922945759,
H1b,L38-hist,3p0kW,Xe3,c_up=1/25_c_exit=1/300_c_plume=1/32,facility,success,3.889251119024561,7.400656215822092,-0.4744721271189965,69.50884915941577,95.17124528500324,-0.2696444293519323,-5.237223699099484,3.376983867144126,22.29286154814467,6992.999999999998,0.9533886859593446,0.4528854864973976,
H1b,L38-hist,3p0kW,Xe3,c_up=1/25_c_exit=1/300_c_plume=1/8,facility,success,5.149978753389256,7.400656215822092,-0.30411863445582615,87.61593450759608,95.17124528500324,-0.07938648648319938,-1.5419001586545227,0.5614279304052612,2.2094545826647516,5993.999999999999,0.8121349728285053,0.5434191640370469,
H1b,L38-hist,3p0kW,Xe3,c_up=1/25_c_exit=1/800_c_plume=1/16,facility,success,4.2065779857874155,7.400656215822092,-0.4315939204426167,59.88875454585186,95.17124528500324,-0.3707263746890478,-7.200508314112526,0.3283094602406971,1.3688261728919149,5993.999999999999,0.9803499091415931,0.31083922017956445,
H1b,L38-hist,3p0kW,Xe3,c_up=1/25_c_exit=1/800_c_plume=1/32,facility,success,4.131355341762666,7.400656215822092,-0.44175824125837465,52.9762786699308,95.17124528500324,-0.4433583535522087,-8.611217676545396,0.1898779118933739,0.8086414442236404,5993.999999999999,1.0351824876722624,0.24765353848503227,
H1b,L38-hist,3p0kW,Xe3,c_up=1/25_c_exit=1/800_c_plume=1/8,facility,success,4.257585479112679,7.400656215822092,-0.4247016271327055,68.18984207392701,95.17124528500324,-0.2835037319337027,-5.506408818586984,0.5435651549530275,2.1622171791708347,5993.999999999999,1.0103969740409993,0.3981531771714437,
H1b,L38-hist,3p0kW,Xe3,c_up=1/64_c_exit=1/100_c_plume=1/16,facility,success,5.0821139139513445,7.400656215822092,-0.3132887455187912,77.2840726619735,95.17124528500324,-0.1879472373137934,-3.6504433924550495,0.6726538677561228,2.3394414948283484,5993.999999999999,0.7223459934091032,0.42845952038785434,
H1b,L38-hist,3p0kW,Xe3,c_up=1/64_c_exit=1/100_c_plume=1/32,facility,success,3.9512994146919698,7.400656215822092,-0.46608796578817374,58.745689106968754,95.17124528500324,-0.38273699234420233,-7.433786975109078,2.022364152394227,8.591385960719105,4994.999999999999,0.8836689810290846,0.3184096764416781,
H1b,L38-hist,3p0kW,Xe3,c_up=1/64_c_exit=1/100_c_plume=1/8,facility,success,5.51978153389024,7.400656215822092,-0.2541497168738459,91.90554612688035,95.17124528500324,-0.0343139269465615,-0.6664692159434462,0.8660446674749792,2.909629666934369,6992.999999999998,0.8214920955804881,0.5578735144002994,
H1b,L38-hist,3p0kW,Xe3,c_up=1/64_c_exit=1/300_c_plume=1/16,facility,success,3.1144429550096895,7.400656215822092,-0.5791666489856365,48.14943014706795,95.17124528500324,-0.49407586290504096,-9.596288803660261,4.567114751657547,34.856680740486645,6992.999999999998,1.0134159502484061,0.2713789232111656,
H1b,L38-hist,3p0kW,Xe3,c_up=1/64_c_exit=1/300_c_plume=1/32,facility,success,4.067780447485544,7.400656215822092,-0.4503486814062637,64.04604728339446,95.17124528500324,-0.3270441393132994,-6.35208122481812,3.532242541511954,22.755041854825528,9989.999999999998,1.1237671644169407,0.3676218796041252,
H1b,L38-hist,3p0kW,Xe3,c_up=1/64_c_exit=1/300_c_plume=1/8,facility,success,4.205199387022393,7.400656215822092,-0.4317802010540677,66.86835851953926,95.17124528500324,-0.2973890557038225,-5.776099339890608,4.163262032190091,29.44998187972663,10988.999999999998,0.9896766185046963,0.38764030316536247,
H1b,L38-hist,3p0kW,Xe3,c_up=1/64_c_exit=1/800_c_plume=1/16,facility,success,3.915276444963897,7.400656215822092,-0.47095550302778477,68.1175320890127,95.17124528500324,-0.28426352008922995,-5.521165958365418,3.598866467184978,22.64794617672326,2996.9999999999995,1.0586136854645827,0.4320455842955259,
H1b,L38-hist,3p0kW,Xe3,c_up=1/64_c_exit=1/800_c_plume=1/32,facility,success,2.8555415233084376,7.400656215822092,-0.6141502266780767,58.59437398517483,95.17124528500324,-0.38432691713021083,-7.464667612209879,3.4347960980539916,24.364505849499377,2996.9999999999995,1.4540157760185248,0.4383263206498313,
H1b,L38-hist,3p0kW,Xe3,c_up=1/64_c_exit=1/800_c_plume=1/8,facility,success,3.000184867011026,7.400656215822092,-0.5946055620585594,57.815158950460074,95.17124528500324,-0.39251442200504244,-7.623691088682278,4.456181886613467,33.7121687932893,9989.999999999998,1.1194049441461142,0.4061716659121515,
H2a,L32-anode,1p6kW,Xe1,c_up=1/160_c_exit=1/100_c_plume=1/16,facility,success,4.3462621615848285,7.582322357019064,-0.4267901103464123,73.50775546440646,82.32639228613156,-0.10711797974913409,-1.799721800352063,2.063523336021952,8.82317028573339,5993.999999999999,1.0996104165023297,0.5386598432985813,
H2a,L32-anode,1p6kW,Xe1,c_up=1/160_c_exit=1/100_c_plume=1/32,facility,success,4.310917504398255,7.582322357019064,-0.4314515657056473,62.055478687934254,82.32639228613156,-0.2462261862240267,-4.136921142489245,1.9856858210970727,8.685164608991009,10988.999999999998,0.9998560281161779,0.3870390130280397,
H2a,L32-anode,1p6kW,Xe1,c_up=1/160_c_exit=1/100_c_plume=1/8,facility,success,5.209122758559844,7.582322357019064,-0.3129911241853645,75.87424034439532,82.32639228613156,-0.07837282507547894,-1.3167657023951524,0.7413425708214549,2.433572535030604,7991.999999999998,0.7988076900937434,0.47883767698365487,
H2a,L32-anode,1p6kW,Xe1,c_up=1/160_c_exit=1/300_c_plume=1/16,facility,success,2.946323420101154,7.582322357019064,-0.6114220312232306,44.87362918869418,82.32639228613156,-0.4549302120183706,-7.643421040293341,3.431696829569671,20.818391295527253,8990.999999999998,1.0825898119087434,0.2961189271601648,
H2a,L32-anode,1p6kW,Xe1,c_up=1/160_c_exit=1/300_c_plume=1/32,facility,success,3.4911756891261714,7.582322357019064,-0.539563800542674,56.03019670606017,82.32639228613156,-0.31941391879140035,-5.366570526545182,2.1337775095855553,10.270081740013119,4994.999999999999,1.145842334963139,0.3896160015989681,
H2a,L32-anode,1p6kW,Xe1,c_up=1/160_c_exit=1/300_c_plume=1/8,facility,success,3.7393913679988446,7.582322357019064,-0.5068276984376381,55.755564355743076,82.32639228613156,-0.3227498156124658,-5.422617944977241,3.3893409830701873,20.23914912949204,13985.999999999996,1.0464308054743123,0.3601966808156848,
H2a,L32-anode,1p6kW,Xe1,c_up=1/160_c_exit=1/800_c_plume=1/16,facility,success,2.8612377233799418,7.582322357019064,-0.6226436191108053,45.780563458169205,82.32639228613156,-0.4439138873102149,-7.458332413869867,2.9054324050338676,16.751757070859956,3995.999999999999,1.1122957337234936,0.3173748586126337,
H2a,L32-anode,1p6kW,Xe1,c_up=1/160_c_exit=1/800_c_plume=1/32,facility,success,3.457784024125049,7.582322357019064,-0.5439676841325364,54.62398025136367,82.32639228613156,-0.33649491087239775,-5.653553476483243,1.8214424034414807,7.614085396402786,8990.999999999998,1.0608181340338654,0.37388067401390557,
H2a,L32-anode,1p6kW,Xe1,c_up=1/160_c_exit=1/800_c_plume=1/8,facility,success,3.6093032658929918,7.582322357019064,-0.5239844607039414,58.16889737803322,82.32639228613156,-0.2934356071882411,-4.930101001652722,3.1088305119922097,17.224936186823665,3995.999999999999,1.0672085310144566,0.4061836933402788,
H2a,L32-anode,1p6kW,Xe1,c_up=1/25_c_exit=1/100_c_plume=1/16,facility,success,7.046756250783748,7.582322357019064,-0.07063351846806337,96.89471503241508,82.32639228613156,0.1769581095652803,2.973127091078268,0.6088708735864361,2.9789254298959613,6992.999999999998,0.5957276269965815,0.5772648657694582,
H2a,L32-anode,1p6kW,Xe1,c_up=1/25_c_exit=1/100_c_plume=1/32,facility,success,5.206455073707451,7.582322357019064,-0.31334295370761156,67.19983466673254,82.32639228613156,-0.1837388618564206,-3.087052575387554,2.638147502750613,13.854597237305397,3995.999999999999,0.7735032437777726,0.3758014741644229,
H2a,L32-anode,1p6kW,Xe1,c_up=1/25_c_exit=1/100_c_plume=1/8,facility,success,7.613578659972126,7.582322357019064,0.00412225984089534,103.40418356632742,82.32639228613156,0.25602714627574596,4.3015900571828265,0.43549364122124035,1.806843324420102,6992.999999999998,0.5550118352693144,0.6084873814192402,
H2a,L32-anode,1p6kW,Xe1,c_up=1/25_c_exit=1/300_c_plume=1/16,facility,success,5.171551582126294,7.582322357019064,-0.3179462256258579,83.11901910109285,82.32639228613156,0.00962785800459286,0.1617605744818946,0.2671248475338527,1.2354526712801774,6992.999999999998,0.8175926686169903,0.5788208325167724,
H2a,L32-anode,1p6kW,Xe1,c_up=1/25_c_exit=1/300_c_plume=1/32,facility,success,4.415276398148187,7.582322357019064,-0.4176881184613705,61.27270336237543,82.32639228613156,-0.2557343804230173,-4.296671208929822,1.4409367366051968,6.164101373692206,4994.999999999999,0.9116217225432627,0.3684176122658468,
H2a,L32-anode,1p6kW,Xe1,c_up=1/25_c_exit=1/300_c_plume=1/8,facility,success,5.520708480229463,7.582322357019064,-0.271897418721737,89.45016459168036,82.32639228613156,0.08653084518497531,1.45383108276506,0.16010401718494385,0.8512956668117768,7991.999999999998,0.7658791805612686,0.6279595486536683,
H2a,L32-anode,1p6kW,Xe1,c_up=1/25_c_exit=1/800_c_plume=1/16,facility,success,3.9508730417829065,7.582322357019064,-0.4789362868322886,61.81774445913845,82.32639228613156,-0.2491138899384023,-4.18543833203941,1.1233199496099082,5.378954711127689,5993.999999999999,1.1950278898056805,0.4190804785830604,
H2a,L32-anode,1p6kW,Xe1,c_up=1/25_c_exit=1/800_c_plume=1/32,facility,success,3.9574984969653193,7.582322357019064,-0.47806248394308815,60.533958560665006,82.32639228613156,-0.26470774584322015,-4.447435454176848,1.4081855950130948,5.047959495612374,4994.999999999999,1.350167389128122,0.4011821367548796,
H2a,L32-anode,1p6kW,Xe1,c_up=1/25_c_exit=1/800_c_plume=1/8,facility,success,4.331372133331866,7.582322357019064,-0.42875389235828865,67.67929229206958,82.32639228613156,-0.17791499891255877,-2.989204080420812,0.16225416734981205,0.92303562530388,8990.999999999998,0.9484781801279842,0.45819496749609556,
H2a,L32-anode,1p6kW,Xe1,c_up=1/64_c_exit=1/100_c_plume=1/16,facility,success,5.675278795405961,7.582322357019064,-0.2515118022973166,84.95740783380974,82.32639228613156,0.03195834864880133,0.5369419485057512,0.7881181771493986,2.9225080227680693,6992.999999999998,0.8180744810689592,0.5510354008438858,
H2a,L32-anode,1p6kW,Xe1,c_up=1/64_c_exit=1/100_c_plume=1/32,facility,success,4.381224477177767,7.582322357019064,-0.42217908038135504,63.859121773118645,82.32639228613156,-0.22431774307355207,-3.768830716941411,2.297591630926959,11.117405385580424,4994.999999999999,0.9559959665710733,0.4032873256030773,
H2a,L32-anode,1p6kW,Xe1,c_up=1/64_c_exit=1/100_c_plume=1/8,facility,success,5.717160644418346,7.582322357019064,-0.2459881847247118,80.94055979601156,82.32639228613156,-0.0168333926902012,-0.2828229571673476,1.1600467987400231,4.278817180580222,6992.999999999998,0.7344973179169519,0.4964965184417153,
H2a,L32-anode,1p6kW,Xe1,c_up=1/64_c_exit=1/300_c_plume=1/16,facility,success,3.855606383196018,7.582322357019064,-0.49150059814763375,59.21463050703935,82.32639228613156,-0.2807333242390307,-4.716686077365757,3.6168321989818453,23.128216591366158,3995.999999999999,0.992187476791501,0.3940302391492806,
H2a,L32-anode,1p6kW,Xe1,c_up=1/64_c_exit=1/300_c_plume=1/32,facility,success,3.716217788520503,7.582322357019064,-0.5098839625196959,50.19682471020659,82.32639228613156,-0.3902705643198386,-6.557054607331626,2.883792212906586,17.052896992538606,3995.999999999999,1.0362082477590882,0.29377546986524616,
H2a,L32-anode,1p6kW,Xe1,c_up=1/64_c_exit=1/300_c_plume=1/8,facility,success,3.8906039535677635,7.582322357019064,-0.4868849185808915,60.428203763733165,82.32639228613156,-0.26599232535648587,-4.4690180657955905,3.8709091881177597,25.838113773479165,8990.999999999998,0.9726924296187022,0.4066553981293144,
H2a,L32-anode,1p6kW,Xe1,c_up=1/64_c_exit=1/800_c_plume=1/16,facility,success,3.5016155523979258,7.582322357019064,-0.5381869317180336,59.25235384896553,82.32639228613156,-0.28027510736739786,-4.708987436156334,3.328433360496464,19.56500907924574,3995.999999999999,1.0282982871525483,0.43441713637870544,
H2a,L32-anode,1p6kW,Xe1,c_up=1/64_c_exit=1/800_c_plume=1/32,facility,success,3.4000992479537797,7.582322357019064,-0.5515754820412957,58.56596989863317,82.32639228613156,-0.28861245741119396,-4.849065793367018,2.808757470464702,15.061159914985355,6992.999999999998,1.157012349499989,0.43708236188860344,
H2a,L32-anode,1p6kW,Xe1,c_up=1/64_c_exit=1/800_c_plume=1/8,facility,success,3.544776724118031,7.582322357019064,-0.532494589756319,58.95015988137112,82.32639228613156,-0.28394578889737554,-4.770659674440905,3.6135744825343505,22.587766895643007,3995.999999999999,0.995368735441474,0.42476163592604743,
H2a,L32-anode,1p6kW,Xe2,c_up=1/160_c_exit=1/100_c_plume=1/16,facility,success,4.958476793858791,8.589692369157012,-0.4227410504637882,77.51290159765641,93.01516772729975,-0.16666385180417698,-3.1637277815598672,0.15133403187326325,0.9611150277570866,4994.999999999999,0.8428301061595374,0.48410420418896266,
H2a,L32-anode,1p6kW,Xe2,c_up=1/160_c_exit=1/100_c_plume=1/32,facility,success,4.286665822189457,8.589692369157012,-0.500952346374874,79.06412828491969,93.01516772729975,-0.14998671489021528,-2.8471509066081753,1.8155328647856366,7.565381883031789,5993.999999999999,1.2125246148562645,0.5826107532175077,
H2a,L32-anode,1p6kW,Xe2,c_up=1/160_c_exit=1/100_c_plume=1/8,facility,success,4.993236219391109,8.589692369157012,-0.4186944066448397,75.35637818563853,93.01516772729975,-0.18984849431689416,-3.6038346003390247,0.940262865542951,3.126728140348819,8990.999999999998,0.7739342823545864,0.4543568420104465,
H2a,L32-anode,1p6kW,Xe2,c_up=1/160_c_exit=1/300_c_plume=1/16,facility,success,3.6896772653604675,8.589692369157012,-0.5704529211536163,56.396617867246114,93.01516772729975,-0.39368364058011773,-7.473173440827273,3.253127895392278,18.995989260564343,13985.999999999996,1.0870738539550833,0.3443950414876392,
H2a,L32-anode,1p6kW,Xe2,c_up=1/160_c_exit=1/300_c_plume=1/32,facility,success,2.8775561113825407,8.589692369157012,-0.6649989327074186,43.510193602055914,93.01516772729975,-0.5322247471550196,-10.103055943927313,3.0103816481646613,17.07389707154572,4994.999999999999,1.082589015632331,0.2628435842931932,
H2a,L32-anode,1p6kW,Xe2,c_up=1/160_c_exit=1/300_c_plume=1/8,facility,success,3.6357782549145403,8.589692369157012,-0.5767277687418095,57.75958867341564,93.01516772729975,-0.3790304303621298,-7.195016133445737,3.4531616744531752,22.827399751921277,4994.999999999999,1.0657979546127174,0.3665978774634537,
H2a,L32-anode,1p6kW,Xe2,c_up=1/160_c_exit=1/800_c_plume=1/16,facility,success,3.569605552486821,8.589692369157012,-0.5844315024244413,57.11234224051126,93.01516772729975,-0.3859889345364379,-7.327107242201733,3.044560279834618,16.96057607857515,12986.999999999998,1.096336767218574,0.36507228556441296,
H2a,L32-anode,1p6kW,Xe2,c_up=1/160_c_exit=1/800_c_plume=1/32,facility,success,3.4609185953678887,8.589692369157012,-0.5970846863160081,56.439932312999865,93.01516772729975,-0.3932179697996194,-7.464333758020385,2.3615895851464987,11.082134434499267,8990.999999999998,1.1042302199369696,0.36772294918187776,
H2a,L32-anode,1p6kW,Xe2,c_up=1/160_c_exit=1/800_c_plume=1/8,facility,success,3.01062252473638,8.589692369157012,-0.6495075265388298,57.28210333497978,93.01516772729975,-0.3841638440848868,-7.292462120881627,3.730621468672911,24.54345453564611,12986.999999999998,1.2908974092371228,0.43543241540754696,
H2a,L32-anode,1p6kW,Xe2,c_up=1/25_c_exit=1/100_c_plume=1/16,facility,success,7.269642829156458,8.589692369157012,-0.15367832551727376,106.05660923395575,93.01516772729975,0.14020768682469795,2.6615186748277537,0.6197229389581128,2.862278425987331,6992.999999999998,0.5840494404883241,0.6181609302522488,
H2a,L32-anode,1p6kW,Xe2,c_up=1/25_c_exit=1/100_c_plume=1/32,facility,success,6.2133509745093995,8.589692369157012,-0.2766503493396732,88.15433622025168,93.01516772729975,-0.052258482415459176,-0.9920064300098121,1.0397876399495587,4.347357200744714,5993.999999999999,0.7296226224785448,0.499689959828769,
H2a,L32-anode,1p6kW,Xe2,c_up=1/25_c_exit=1/100_c_plume=1/8,facility,success,7.646497301950241,8.589692369157012,-0.109805453638072,105.6760172056427,93.01516772729975,0.13611596675782808,2.5838468323148844,0.48036882987608653,1.8627502818665562,6992.999999999998,0.5403966668447132,0.5834847161551485,
H2a,L32-anode,1p6kW,Xe2,c_up=1/25_c_exit=1/300_c_plume=1/16,facility,success,5.240002009770288,8.589692369157012,-0.38996627765325437,87.95722162908754,93.01516772729975,-0.05437764852546423,-1.0322338975943284,0.2269008792798509,1.1214735807544374,7991.999999999998,0.7903578342867267,0.5898623841796125,
H2a,L32-anode,1p6kW,Xe2,c_up=1/25_c_exit=1/300_c_plume=1/32,facility,success,4.587930124546039,8.589692369157012,-0.4658795766633146,67.94185557843048,93.01516772729975,-0.2695615431493794,-5.117002479361076,1.4339705802598348,6.2280952627426815,5993.999999999999,0.9084914509580233,0.401973259278441,
H2a,L32-anode,1p6kW,Xe2,c_up=1/25_c_exit=1/300_c_plume=1/8,facility,success,5.62198081361185,8.589692369157012,-0.3454968383036996,96.03692428500774,93.01516772729975,0.03248670761490346,0.616685011777141,0.14631880585447016,0.7322912888944916,33965.99999999999,0.75291804828353,0.6554299410030939,
H2a,L32-anode,1p6kW,Xe2,c_up=1/25_c_exit=1/800_c_plume=1/16,facility,success,4.316994191427818,8.589692369157012,-0.4974215599467987,67.27735209952152,93.01516772729975,-0.27670557669944656,-5.252615434240454,0.5112638899748538,3.800519480410111,7991.999999999998,1.0000611035161486,0.4188856342637602,
H2a,L32-anode,1p6kW,Xe2,c_up=1/25_c_exit=1/800_c_plume=1/32,facility,success,3.656057977660746,8.589692369157012,-0.5743668317169839,55.11697725284021,93.01516772729975,-0.40744097334285095,-7.734324586624398,1.6712326054804696,9.296244872920832,4994.999999999999,1.1671672814770424,0.3319684875806535,
H2a,L32-anode,1p6kW,Xe2,c_up=1/25_c_exit=1/800_c_plume=1/8,facility,success,4.430490673803973,8.589692369157012,-0.4842084578357514,80.56321622485929,93.01516772729975,-0.13387011824723985,-2.541214592334789,0.21207027532961703,1.0092555570087023,8990.999999999998,1.013809207228827,0.5852762687142352,
H2a,L32-anode,1p6kW,Xe2,c_up=1/64_c_exit=1/100_c_plume=1/16,facility,success,5.773239547368272,8.589692369157012,-0.3278875075784752,75.85895373640385,93.01516772729975,-0.18444533735824892,-3.501268161407328,0.8604941267289723,3.010735030294186,6992.999999999998,0.6538604441060106,0.39822935420942324,
H2a,L32-anode,1p6kW,Xe2,c_up=1/64_c_exit=1/100_c_plume=1/32,facility,success,4.784732006119902,8.589692369157012,-0.44296817621776213,69.2532724184968,93.01516772729975,-0.25546258625762686,-4.849366389551621,1.9125818030730695,7.520199954807297,4994.999999999999,0.8478277527050715,0.40046275642103485,
H2a,L32-anode,1p6kW,Xe2,c_up=1/64_c_exit=1/100_c_plume=1/8,facility,success,5.923593097811196,8.589692369157012,-0.31038355703156173,82.20638002015173,93.01516772729975,-0.11620457148276128,-2.205875042275109,1.2094020911419907,4.3269181817383915,7991.999999999998,0.6698194206171267,0.4557901974400551,
H2a,L32-anode,1p6kW,Xe2,c_up=1/64_c_exit=1/300_c_plume=1/16,facility,success,4.74063008373013,8.589692369157012,-0.4481024604848133,73.44196742498247,93.01516772729975,-0.21043019951005906,-3.9945306739423048,3.350089923242293,19.687251641692548,12986.999999999998,0.9689818714363508,0.4545604929857332,
H2a,L32-anode,1p6kW,Xe2,c_up=1/64_c_exit=1/300_c_plume=1/32,facility,success,3.714231581541768,8.589692369157012,-0.5675943419256259,52.97274857135975,93.01516772729975,-0.4304934360096589,-8.17192227672245,3.110376330947088,20.19345532389991,3995.999999999999,1.0205380457057256,0.30183888442302226,
H2a,L32-anode,1p6kW,Xe2,c_up=1/64_c_exit=1/300_c_plume=1/8,facility,success,4.337655209355066,8.589692369157012,-0.49501623306903575,73.87551173445542,93.01516772729975,-0.20576919292300422,-3.9060522434376197,2.5425606907648572,18.798034859841376,4994.999999999999,0.9345391957824333,0.5026725003225201,
H2a,L32-anode,1p6kW,Xe2,c_up=1/64_c_exit=1/800_c_plume=1/16,facility,success,3.5194471298206835,8.589692369157012,-0.5902708760027363,61.77850221086765,93.01516772729975,-0.33582335311173356,-6.374829697231042,3.5899489248857983,22.341343312880866,3995.999999999999,1.0603919031581939,0.4332508810726474,
H2a,L32-anode,1p6kW,Xe2,c_up=1/64_c_exit=1/800_c_plume=1/32,facility,success,3.3363150966564876,8.589692369157012,-0.6115908517706423,52.724622152601206,93.01516772729975,-0.43316102695016007,-8.22256032136705,2.7521527231600036,16.241727693981286,3995.999999999999,1.192432068983876,0.33288869138498195,
H2a,L32-anode,1p6kW,Xe2,c_up=1/64_c_exit=1/800_c_plume=1/8,facility,success,4.201695799613388,8.589692369157012,-0.5108444378403577,61.817861598385505,93.01516772729975,-0.3354002029043045,-6.3667971691661736,3.540707674054504,20.833222199032626,3995.999999999999,0.8801446179183606,0.3633645036009338,
H2a,L32-anode,1p6kW,Xe3,c_up=1/160_c_exit=1/100_c_plume=1/16,facility,success,5.033925471107024,7.400656215822092,-0.3198001198400706,84.63254085301443,95.17124528500324,-0.11073412353100173,-2.1507560065283293,0.29512148124420196,1.6343698320739835,7991.999999999998,0.8110099474118807,0.5187309609881245,
H2a,L32-anode,1p6kW,Xe3,c_up=1/160_c_exit=1/100_c_plume=1/32,facility,success,4.746059178267751,7.400656215822092,-0.358697520887269,73.43132049779864,95.17124528500324,-0.2284295505654196,-4.436719344327469,1.4097119894519683,4.967840136769795,5993.999999999999,0.8858346636140207,0.41419391993418514,
H2a,L32-anode,1p6kW,Xe3,c_up=1/160_c_exit=1/100_c_plume=1/8,facility,success,4.9329180532399795,7.400656215822092,-0.33344856058929734,79.44630246341407,95.17124528500324,-0.16522787712295553,-3.209172004405954,1.3324105808193143,4.435168378577659,7991.999999999998,0.778206715125456,0.46646350389845115,
H2a,L32-anode,1p6kW,Xe3,c_up=1/160_c_exit=1/300_c_plume=1/16,facility,success,4.21126844614531,7.400656215822092,-0.43096013065139976,68.30538025471635,95.17124528500324,-0.282289728896931,-5.482829598017731,2.6111536222286342,13.822439783919917,4994.999999999999,1.074382924166253,0.40389743290468155,
H2a,L32-anode,1p6kW,Xe3,c_up=1/160_c_exit=1/300_c_plume=1/32,facility,success,3.4826655917061684,7.400656215822092,-0.5294112454162552,57.858829738807664,95.17124528500324,-0.3920555566385464,-7.6147786828970565,2.4214819434496127,12.386585556710706,4994.999999999999,1.1293208825782621,0.3504303463000926,
H2a,L32-anode,1p6kW,Xe3,c_up=1/160_c_exit=1/300_c_plume=1/8,facility,success,4.0980309619102115,7.400656215822092,-0.44626113652612265,61.8060360815827,95.17124528500324,-0.35058077787575326,-6.809226368045009,1.93463143176948,9.107074432064577,5993.999999999999,0.8535160331724801,0.33982923611438853,
H2a,L32-anode,1p6kW,Xe3,c_up=1/160_c_exit=1/800_c_plume=1/16,facility,success,2.8762939238727974,7.400656215822092,-0.6113460968875328,48.348924879952946,95.17124528500324,-0.49197969685942944,-9.555575592867406,3.7458742121826583,24.591941673768044,8990.999999999998,1.1638565649666133,0.29628834701635354,
H2a,L32-anode,1p6kW,Xe3,c_up=1/160_c_exit=1/800_c_plume=1/32,facility,success,3.000968387658269,7.400656215822092,-0.5944996902784911,49.78783781789444,95.17124528500324,-0.4768604984751646,-9.261919891246693,2.3343427620980117,12.040550628158721,4994.999999999999,1.1105264724668418,0.3011336610824379,
H2a,L32-anode,1p6kW,Xe3,c_up=1/160_c_exit=1/800_c_plume=1/8,facility,success,2.9341994842885697,7.400656215822092,-0.6035217150047514,48.004003959350264,95.17124528500324,-0.49560391045009716,-9.6259676174802,4.114279665670924,29.34214528003272,8990.999999999998,1.0634443932299205,0.28631195455531744,
H2a,L32-anode,1p6kW,Xe3,c_up=1/25_c_exit=1/100_c_plume=1/16,facility,success,7.382417798654688,7.400656215822092,-0.0024644324280881274,111.12310659678619,95.17124528500324,0.16761219488105808,3.2554819003638658,0.786423759719557,3.1127323902625648,6992.999999999998,0.5721907252145451,0.6097956484326081,
H2a,L32-anode,1p6kW,Xe3,c_up=1/25_c_exit=1/100_c_plume=1/32,facility,success,6.04527134909143,7.400656215822092,-0.1831438763272023,84.56924014990788,95.17124528500324,-0.1113992477806318,-2.1636745173664003,1.1652139111721411,4.111791035538842,5993.999999999999,0.6273004455559104,0.4313037656624045,
H2a,L32-anode,1p6kW,Xe3,c_up=1/25_c_exit=1/100_c_plume=1/8,facility,success,7.733588706231238,7.400656215822092,0.044986887743462406,108.99488965135531,95.17124528500324,0.14525022053620593,2.8211519115004218,0.41422264090781374,1.550597796192795,6992.999999999998,0.5236414417682872,0.5600223931083512,
H2a,L32-anode,1p6kW,Xe3,c_up=1/25_c_exit=1/300_c_plume=1/16,facility,success,5.310157090266317,7.400656215822092,-0.2824748325812557,91.61270624099522,95.17124528500324,-0.03739090555504963,-0.72623245796082,0.21605980372311342,1.1363054451387924,7991.999999999998,0.7381061873037277,0.5762066261574622,
H2a,L32-anode,1p6kW,Xe3,c_up=1/25_c_exit=1/300_c_plume=1/32,facility,success,4.804078772770081,7.400656215822092,-0.3508577303591954,73.96635737630415,95.17124528500324,-0.22280771723852275,-4.327528144632468,0.8369735337029781,4.326538103818112,5993.999999999999,0.7871881454511201,0.4151762821023992,
H2a,L32-anode,1p6kW,Xe3,c_up=1/25_c_exit=1/300_c_plume=1/8,facility,success,5.656190910217977,7.400656215822092,-0.23571765188532456,99.4656908139918,95.17124528500324,0.045123351240474514,0.8764174548956234,0.14417560993187678,0.5545341415240779,62936.999999999985,0.7191754223716833,0.637671106880945,
H2a,L32-anode,1p6kW,Xe3,c_up=1/25_c_exit=1/800_c_plume=1/16,facility,success,4.303291469811061,7.400656215822092,-0.41852568957183545,76.11000520917133,95.17124528500324,-0.2002836047668646,-3.8900489950677377,0.2961290533160107,1.390961421874548,8990.999999999998,0.96791101920255,0.49074618607778514,
H2a,L32-anode,1p6kW,Xe3,c_up=1/25_c_exit=1/800_c_plume=1/32,facility,success,3.9275318605504204,7.400656215822092,-0.46929951263597025,57.50656021588499,95.17124528500324,-0.39575698475234017,-7.686670422269031,0.6922211360409337,3.754593396925828,5993.999999999999,1.0464109214674828,0.3069652806271605,
H2a,L32-anode,1p6kW,Xe3,c_up=1/25_c_exit=1/800_c_plume=1/8,facility,success,4.465973365879507,7.400656215822092,-0.3965435988863306,83.64175440472866,95.17124528500324,-0.12114468866880919,-2.3529573225050187,0.30299082435541935,1.3213589913909798,8990.999999999998,0.9237629248653783,0.5710897047245662,
H2a,L32-anode,1p6kW,Xe3,c_up=1/64_c_exit=1/100_c_plume=1/16,facility,success,5.813443401841872,7.400656215822092,-0.21446919944570167,95.34362708711332,95.17124528500324,0.0018112803041911586,0.03517995961430041,0.9977067604247704,3.3213696128664205,6992.999999999998,0.8103122703356915,0.570064612763577,
H2a,L32-anode,1p6kW,Xe3,c_up=1/64_c_exit=1/100_c_plume=1/32,facility,success,5.242710586278861,7.400656215822092,-0.29158841683926523,86.60909049514026,95.17124528500324,-0.08996577447549883,-1.7473785285434658,1.6939920352378173,6.1830348639938375,10988.999999999998,0.8958239714059331,0.5216092259640293,
H2a,L32-anode,1p6kW,Xe3,c_up=1/64_c_exit=1/100_c_plume=1/8,facility,success,6.293964852429494,7.400656215822092,-0.14953962609782745,94.56722276143772,95.17124528500324,-0.006346691395669904,-0.12326990276847345,1.0924364464111933,4.068446591163688,7991.999999999998,0.6610769949802637,0.5180016568876201,
H2a,L32-anode,1p6kW,Xe3,c_up=1/64_c_exit=1/300_c_plume=1/16,facility,success,3.7908461923513053,7.400656215822092,-0.4877689110532202,63.227958190970824,95.17124528500324,-0.3356401085051887,-6.519038182455596,3.8404714708772967,25.486746778251845,8990.999999999998,0.972248959610482,0.3844645871511142,
H2a,L32-anode,1p6kW,Xe3,c_up=1/64_c_exit=1/300_c_plume=1/32,facility,success,3.749680572660015,7.400656215822092,-0.4933313393691418,58.620927652670886,95.17124528500324,-0.3840479077780002,-7.459248496394358,3.504290070401799,22.498776885309805,3995.999999999999,0.9640940627198369,0.3341067832896044,
H2a,L32-anode,1p6kW,Xe3,c_up=1/64_c_exit=1/300_c_plume=1/8,facility,success,4.736177079749345,7.400656215822092,-0.36003282119446034,77.35656455694159,95.17124528500324,-0.18718553776104502,-3.6356491281758467,1.3230506084734495,5.116925520190249,6992.999999999998,0.845783469203315,0.4606176859538113,
H2a,L32-anode,1p6kW,Xe3,c_up=1/64_c_exit=1/800_c_plume=1/16,facility,success,3.5141466106844583,7.400656215822092,-0.5251574308814054,60.69827750240842,95.17124528500324,-0.36222041310230657,-7.03529954746833,3.806225981092491,25.020901509627276,3995.999999999999,1.0056313758562572,0.3822144039901118,
H2a,L32-anode,1p6kW,Xe3,c_up=1/64_c_exit=1/800_c_plume=1/32,facility,success,3.4611629162596635,7.400656215822092,-0.532316754714273,62.91911905809879,95.17124528500324,-0.33888519720763427,-6.582066576919276,3.436524347628808,21.439185913062207,3995.999999999999,1.113648424343126,0.4169821047861792,
H2a,L32-anode,1p6kW,Xe3,c_up=1/64_c_exit=1/800_c_plume=1/8,facility,success,4.420582341529838,7.400656215822092,-0.40267697720116524,78.34402928309358,95.17124528500324,-0.1768098752046197,-3.434125714675443,3.5705732613183074,22.01871094375967,12986.999999999998,0.9999031103606615,0.506181787977278,
H2b,L32-anode,3p0kW,Xe1,c_up=1/160_c_exit=1/100_c_plume=1/16,facility,success,4.111804826947619,7.582322357019064,-0.4577116833945654,54.461496812510966,82.32639228613156,-0.3384685603223576,-5.686713361963386,2.870451234813839,15.22247805565339,4994.999999999999,0.9726020279915781,0.31254377256372423,
H2b,L32-anode,3p0kW,Xe1,c_up=1/160_c_exit=1/100_c_plume=1/32,facility,success,3.2174149749130985,7.582322357019064,-0.5756689278800324,41.81778841724804,82.32639228613156,-0.4920488162300715,-8.267062014057862,2.623826292537546,13.319299746388774,4994.999999999999,1.0043815881092089,0.2354936703245204,
H2b,L32-anode,3p0kW,Xe1,c_up=1/160_c_exit=1/100_c_plume=1/8,facility,success,4.512508655687783,7.582322357019064,-0.4048645727241484,64.6780849215958,82.32639228613156,-0.2143699836037725,-3.6016953805175023,3.1780007481744676,18.459565906428566,4994.999999999999,0.977492302506028,0.4016617277250577,
H2b,L32-anode,3p0kW,Xe1,c_up=1/160_c_exit=1/300_c_plume=1/16,facility,success,3.210614972674669,7.582322357019064,-0.5765657510323923,48.253298065649496,82.32639228613156,-0.4138781413141301,-6.953692698057564,3.3565294137725696,21.584203015016655,3995.999999999999,1.1585744872701824,0.31421721383990653,
H2b,L32-anode,3p0kW,Xe1,c_up=1/160_c_exit=1/300_c_plume=1/32,facility,success,2.460052344946826,7.582322357019064,-0.6755542393064414,28.353374692711224,82.32639228613156,-0.6555979934822488,-11.014901549677619,2.6184361528163542,14.92259468319588,3995.999999999999,1.018609014562937,0.14158895020529308,
H2b,L32-anode,3p0kW,Xe1,c_up=1/160_c_exit=1/300_c_plume=1/8,facility,success,3.3052900566442847,7.582322357019064,-0.5640794599579995,52.79058437023168,82.32639228613156,-0.3587647544817215,-6.027715901204057,3.894247393155092,26.10362754471421,3995.999999999999,1.1527128557312194,0.3653150441306232,
H2b,L32-anode,3p0kW,Xe1,c_up=1/160_c_exit=1/800_c_plume=1/16,facility,success,2.275020303201946,7.582322357019064,-0.699957322297709,30.0817443768137,82.32639228613156,-0.6346038792485605,-10.66217304271793,2.7296969921230816,17.695072353319524,3995.999999999999,1.0237544129137999,0.1723395488138497,
H2b,L32-anode,3p0kW,Xe1,c_up=1/160_c_exit=1/800_c_plume=1/32,facility,success,2.34114084160354,7.582322357019064,-0.6912369678616588,38.57924283681399,82.32639228613156,-0.531386694284757,-8.927989683534197,2.6425678086018616,14.844127313856674,2996.9999999999995,1.2235718985728024,0.27545081001888216,
H2b,L32-anode,3p0kW,Xe1,c_up=1/160_c_exit=1/800_c_plume=1/8,facility,success,2.54569703350728,7.582322357019064,-0.6642589283808684,37.82227894755941,82.32639228613156,-0.5405813628258452,-9.082472109912683,3.835734152629798,26.555786622097433,10988.999999999998,0.9817518422213836,0.24347415412175544,
H2b,L32-anode,3p0kW,Xe1,c_up=1/25_c_exit=1/100_c_plume=1/16,facility,success,6.78488077363819,7.582322357019064,-0.10517115282531748,95.25193740060575,82.32639228613156,0.15700366256243184,2.6378663498926915,0.74554452408597,3.271861113640309,5993.999999999999,0.6029553181251694,0.5793881530507609,
H2b,L32-anode,3p0kW,Xe1,c_up=1/25_c_exit=1/100_c_plume=1/32,facility,success,5.378536379998768,7.582322357019064,-0.29064788771216243,74.26690792810346,82.32639228613156,-0.09789672709107373,-1.6447927261281832,2.620162456546337,14.669193661364964,3995.999999999999,0.8413501116721493,0.44431479032826127,
H2b,L32-anode,3p0kW,Xe1,c_up=1/25_c_exit=1/100_c_plume=1/8,facility,success,7.962130815798119,7.582322357019064,0.05009130987783199,105.61158181796074,82.32639228613156,0.28283991178551526,4.7520794962916675,0.5978441444220579,2.028338792704847,5993.999999999999,0.5568517842393899,0.6069570799182326,
H2b,L32-anode,3p0kW,Xe1,c_up=1/25_c_exit=1/300_c_plume=1/16,facility,success,5.221380629447039,7.582322357019064,-0.31137448612778473,85.14511295517306,82.32639228613156,0.03423836015119944,0.5752491161309182,0.2224771792045876,0.9262575114257452,7991.999999999998,0.8325652440814806,0.6015867935769528,
H2b,L32-anode,3p0kW,Xe1,c_up=1/25_c_exit=1/300_c_plume=1/32,facility,success,4.682392445794757,7.582322357019064,-0.38245932772032576,64.93901314799606,82.32639228613156,-0.21120054766525362,-3.5484447220684685,1.5006227135656225,6.381023971072211,4994.999999999999,0.9919439365107668,0.39021840924194773,
H2b,L32-anode,3p0kW,Xe1,c_up=1/25_c_exit=1/300_c_plume=1/8,facility,success,5.493233742145513,7.582322357019064,-0.2755209441787517,89.45850498770459,82.32639228613156,0.08663215408231224,1.4555332044026594,0.14635512753665608,0.6192759354290357,32966.99999999999,0.7825556844020924,0.6312180199655639,
H2b,L32-anode,3p0kW,Xe1,c_up=1/25_c_exit=1/800_c_plume=1/16,facility,success,4.203192274319258,7.582322357019064,-0.44565898462120873,66.43560174710308,82.32639228613156,-0.1930218256594901,-3.24301847735275,0.24695895001404747,1.7905016119809183,7991.999999999998,1.118732427638548,0.4549741102681797,
H2b,L32-anode,3p0kW,Xe1,c_up=1/25_c_exit=1/800_c_plume=1/32,facility,success,4.141397811190395,7.582322357019064,-0.453808791529861,56.7761922212325,82.32639228613156,-0.31035248060060033,-5.21432654385695,1.5280103468388997,7.198113204009993,4994.999999999999,1.1262584991980216,0.33724830144806345,
H2b,L32-anode,3p0kW,Xe1,c_up=1/25_c_exit=1/800_c_plume=1/8,facility,success,4.40235074850766,7.582322357019064,-0.41939282699681835,73.72169631494619,82.32639228613156,-0.10451928879962467,-1.75606040228273,0.34646810210617757,1.51747219366586,8990.999999999998,0.9871850374911015,0.53489703884999,
H2b,L32-anode,3p0kW,Xe1,c_up=1/64_c_exit=1/100_c_plume=1/16,facility,success,5.4559466979289875,7.582322357019064,-0.2804385726388512,66.57201627962037,82.32639228613156,-0.1913648292974588,-3.2151787768390188,2.9031377521302617,16.216131530897158,8990.999999999998,0.7558406998967733,0.35194718679737413,
H2b,L32-anode,3p0kW,Xe1,c_up=1/64_c_exit=1/100_c_plume=1/32,facility,success,4.286701292394984,7.582322357019064,-0.434645338122993,58.83788598709876,82.32639228613156,-0.28530955440628003,-4.793572714088326,2.7080518011573296,14.419817549597587,3995.999999999999,0.9475449328876336,0.34990898491295497,
H2b,L32-anode,3p0kW,Xe1,c_up=1/64_c_exit=1/100_c_plume=1/8,facility,success,6.1787016336712055,7.582322357019064,-0.18511752168496323,86.10568913365753,82.32639228613156,0.045906260952025414,0.7712850709236667,1.2158647773160491,4.423446538987365,6992.999999999998,0.7158809327523464,0.5199129864722627,
H2b,L32-anode,3p0kW,Xe1,c_up=1/64_c_exit=1/300_c_plume=1/16,facility,success,4.091037785953665,7.582322357019064,-0.4604505594296538,63.43124458549965,82.32639228613156,-0.2295150701485911,-3.8561525919656963,3.5545560959344615,22.031906599749178,3995.999999999999,1.0011653803738474,0.42612515312377225,
H2b,L32-anode,3p0kW,Xe1,c_up=1/64_c_exit=1/300_c_plume=1/32,facility,success,3.970695533425723,7.582322357019064,-0.4763219833630532,61.39787338628618,82.32639228613156,-0.2542139685546616,-4.271126306090895,3.1319127428475295,18.282508534776444,6992.999999999998,1.07163051068511,0.4113431466989019,
H2b,L32-anode,3p0kW,Xe1,c_up=1/64_c_exit=1/300_c_plume=1/8,facility,success,5.164926082828145,7.582322357019064,-0.3188200343332938,79.86150543001477,82.32639228613156,-0.029940421141617487,-0.5030381339013852,3.3811132470307728,19.846959548832857,3995.999999999999,0.9573970249131081,0.5350262251646931,
H2b,L32-anode,3p0kW,Xe1,c_up=1/64_c_exit=1/800_c_plume=1/16,facility,success,2.755453311410459,7.582322357019064,-0.6365950718436949,46.84945432052232,82.32639228613156,-0.43093031263056536,-7.240191421552905,3.7231074752294346,24.092313151873025,10988.999999999998,1.0144784739374864,0.3451280140493331,
H2b,L32-anode,3p0kW,Xe1,c_up=1/64_c_exit=1/800_c_plume=1/32,facility,success,2.7676006265458515,7.582322357019064,-0.63499301451041,44.87402318696893,82.32639228613156,-0.45492542621076015,-7.643340632482169,3.1061732130957638,18.172291937689028,2996.9999999999995,0.9961874946539143,0.31524687581896854,
H2b,L32-anode,3p0kW,Xe1,c_up=1/64_c_exit=1/800_c_plume=1/8,facility,success,3.716337929840315,7.582322357019064,-0.5098681175959172,61.34036263384225,82.32639228613156,-0.2549125386103498,-4.282863194344758,3.468525047513477,20.937549794132178,3995.999999999999,0.9716112266549031,0.4386737789365855,
H2b,L32-anode,3p0kW,Xe2,c_up=1/160_c_exit=1/100_c_plume=1/16,facility,success,4.14281714953408,8.589692369157012,-0.5176990081263347,53.569240325943895,93.01516772729975,-0.4240805920707765,-8.050189265582828,2.6938494095188092,14.037392150994581,10988.999999999998,0.8784189133872974,0.27674154439307375,
H2b,L32-anode,3p0kW,Xe2,c_up=1/160_c_exit=1/100_c_plume=1/32,facility,success,3.950034466606846,8.589692369157012,-0.5401424990736309,68.39272074733093,93.01516772729975,-0.2647143211326189,-5.024989179585476,2.43373060721879,11.985019383481022,4994.999999999999,1.2544186585458166,0.4731055327477788,
H2b,L32-anode,3p0kW,Xe2,c_up=1/160_c_exit=1/100_c_plume=1/8,facility,success,4.772925977199473,8.589692369157012,-0.44434261763114974,69.80927289244497,93.01516772729975,-0.24948506143524274,-4.735896905072405,2.750259604560479,15.897117713215405,5993.999999999999,0.9114157583630532,0.40792533659367647,
H2b,L32-anode,3p0kW,Xe2,c_up=1/160_c_exit=1/300_c_plume=1/16,facility,success,3.2654024570310054,8.589692369157012,-0.6198464023279718,50.5728959170434,93.01516772729975,-0.4562940953317191,-8.661688124542113,3.8050437812660562,25.215680836781452,3995.999999999999,1.1464146728915172,0.3129234294693854,
H2b,L32-anode,3p0kW,Xe2,c_up=1/160_c_exit=1/300_c_plume=1/32,facility,success,3.108290905758214,8.589692369157012,-0.6381371099017299,46.93855355097686,93.01516772729975,-0.4953666730076702,-9.403390648229161,2.75617066328145,15.673957336505222,3995.999999999999,1.2813752677394643,0.2831893373757703,
H2b,L32-anode,3p0kW,Xe2,c_up=1/160_c_exit=1/300_c_plume=1/8,facility,success,3.3243674634840876,8.589692369157012,-0.6129817785534573,53.31086350389397,93.01516772729975,-0.4268583844283351,-8.102919229266487,4.146330012307492,29.313021861746442,3995.999999999999,1.1217549074633248,0.3415557189215105,
H2b,L32-anode,3p0kW,Xe2,c_up=1/160_c_exit=1/800_c_plume=1/16,facility,success,2.367729736948976,8.589692369157012,-0.7243522078333355,38.9027638408453,93.01516772729975,-0.5817589239327101,-11.04334773192948,3.987831009625527,28.214964241673652,6992.999999999998,1.2046310458482328,0.25536885862371433,
H2b,L32-anode,3p0kW,Xe2,c_up=1/160_c_exit=1/800_c_plume=1/32,facility,success,3.0370546716149813,8.589692369157012,-0.6464303328812884,46.52984911637536,93.01516772729975,-0.4997606277205159,-9.486799716515183,2.762493460124512,14.983781486097891,6992.999999999998,1.2492044844977053,0.2848064555010736,
H2b,L32-anode,3p0kW,Xe2,c_up=1/160_c_exit=1/800_c_plume=1/8,facility,success,3.1940744761116147,8.589692369157012,-0.628150306339192,51.656070708816046,93.01516772729975,-0.44464895381084074,-8.440632044588511,3.8618792137826774,25.60352813072529,3995.999999999999,1.078951778071675,0.3337619682015058,
H2b,L32-anode,3p0kW,Xe2,c_up=1/25_c_exit=1/100_c_plume=1/16,facility,success,7.113592453089252,8.589692369157012,-0.17184549255430712,103.2833165865476,93.01516772729975,0.11039219849983847,2.095540583519968,0.5307512003990116,2.431467276442957,6992.999999999998,0.5841085671297199,0.5991154520534951,
H2b,L32-anode,3p0kW,Xe2,c_up=1/25_c_exit=1/100_c_plume=1/32,facility,success,5.3340610879702215,8.589692369157012,-0.3790160510144435,69.789841070921,93.01516772729975,-0.24969397168073026,-4.739862582934441,2.6991835403508397,13.797096116021205,3995.999999999999,0.7084449406921879,0.3648090335271944,
H2b,L32-anode,3p0kW,Xe2,c_up=1/25_c_exit=1/100_c_plume=1/8,facility,success,8.080696859873344,8.589692369157012,-0.05925654696451263,110.32697133834249,93.01516772729975,0.18611807121390325,3.533021145110761,0.8645330397510654,2.7957926609695845,5993.999999999999,0.5480272213108234,0.6018021402617875,
H2b,L32-anode,3p0kW,Xe2,c_up=1/25_c_exit=1/300_c_plume=1/16,facility,success,5.28430088533942,8.589692369157012,-0.3848090643718805,86.36548396459372,93.01516772729975,-0.07149031631272727,-1.3570783189195998,0.31489182069390775,1.5481413119711926,7991.999999999998,0.7709371018230277,0.5639388758505306,
H2b,L32-anode,3p0kW,Xe2,c_up=1/25_c_exit=1/300_c_plume=1/32,facility,success,4.680310999908182,8.589692369157012,-0.455124724057201,69.39505371196742,93.01516772729975,-0.2539383048212242,-4.820431431700477,1.695347930025978,7.829385071583195,4994.999999999999,0.8883615911460919,0.4110753834831813,
H2b,L32-anode,3p0kW,Xe2,c_up=1/25_c_exit=1/300_c_plume=1/8,facility,success,5.598101095202446,8.589692369157012,-0.3482768818003851,95.31208864659733,93.01516772729975,0.0246940469540586,0.4687593712852196,0.1515818153748877,0.6095429054473698,29969.999999999993,0.7576378195354156,0.648327415359531,
H2b,L32-anode,3p0kW,Xe2,c_up=1/25_c_exit=1/800_c_plume=1/16,facility,success,4.397557811354704,8.589692369157012,-0.48804245572926397,70.7676150628468,93.01516772729975,-0.23918198728274018,-4.540316870296521,0.6198746302412861,2.1735511505382754,7991.999999999998,0.9629299607342894,0.45498461580778743,
H2b,L32-anode,3p0kW,Xe2,c_up=1/25_c_exit=1/800_c_plume=1/32,facility,success,3.7128430300149233,8.589692369157012,-0.5677559951568674,51.20884276047868,93.01516772729975,-0.44945707230661697,-8.531903054453279,1.0417534952250758,5.882348039312291,5993.999999999999,1.0924143197101488,0.28217756717997416,
H2b,L32-anode,3p0kW,Xe2,c_up=1/25_c_exit=1/800_c_plume=1/8,facility,success,4.63339758089948,8.589692369157012,-0.46058631883760937,84.80362374551181,93.01516772729975,-0.08828177363354765,-1.6758253024057026,0.7810950753598326,2.477694641602489,8990.999999999998,0.915725452077965,0.6201095272317029,
H2b,L32-anode,3p0kW,Xe2,c_up=1/64_c_exit=1/100_c_plume=1/16,facility,success,5.454323847830108,8.589692369157012,-0.36501522832005767,75.48521955409457,93.01516772729975,-0.18846332917013262,-3.5775404435112628,0.9267434189738989,3.268812434459543,6992.999999999998,0.7099777261591645,0.4173708128211498,
H2b,L32-anode,3p0kW,Xe2,c_up=1/64_c_exit=1/100_c_plume=1/32,facility,success,5.205450029093178,8.589692369157012,-0.39398877103161745,73.39634424369338,93.01516772729975,-0.2109206913556777,-4.003841527266609,2.4083404073101593,11.549385356369788,8990.999999999998,0.9079043678260472,0.4134564072858127,
H2b,L32-anode,3p0kW,Xe2,c_up=1/64_c_exit=1/100_c_plume=1/8,facility,success,6.147100495237905,8.589692369157012,-0.2843631376939314,87.74318825267835,93.01516772729975,-0.05667870739187081,-1.0759141784941646,1.3180593192238057,4.870212247127184,6992.999999999998,0.6869728559068088,0.5003750645222896,
H2b,L32-anode,3p0kW,Xe2,c_up=1/64_c_exit=1/300_c_plume=1/16,facility,success,4.088654854984376,8.589692369157012,-0.5240045068825167,66.28483942031502,93.01516772729975,-0.28737601576285116,-5.455169042241783,3.72495652211773,24.129291842636928,3995.999999999999,1.0038124081901127,0.4293259270851586,
H2b,L32-anode,3p0kW,Xe2,c_up=1/64_c_exit=1/300_c_plume=1/32,facility,success,3.0200961316181942,8.589692369157012,-0.6484046224446354,48.89270908631847,93.01516772729975,-0.4743576743347789,-9.00458339611863,3.922911299684979,27.071355608372677,10988.999999999998,1.0740060681613746,0.31623256208175715,
H2b,L32-anode,3p0kW,Xe2,c_up=1/64_c_exit=1/300_c_plume=1/8,facility,success,4.117193581944917,8.589692369157012,-0.52068206811125,63.656210206499104,93.01516772729975,-0.3156362369508889,-5.991623983836868,3.9258707103980512,26.351044636734184,12986.999999999998,0.9055097015302636,0.3932053530768304,
H2b,L32-anode,3p0kW,Xe2,c_up=1/64_c_exit=1/800_c_plume=1/16,facility,success,3.6910971679355784,8.589692369157012,-0.5702876180770813,64.92717968221486,93.01516772729975,-0.3019721270345152,-5.7322424581805915,3.4487643362677742,20.884134495935342,3995.999999999999,1.0359484223511342,0.45628558519337986,
H2b,L32-anode,3p0kW,Xe2,c_up=1/64_c_exit=1/800_c_plume=1/32,facility,success,3.629821568381795,8.589692369157012,-0.5774212378762962,62.52836292504513,93.01516772729975,-0.3277616494939332,-6.221796898419312,3.060371481820679,17.16991207651671,6992.999999999998,1.0601774701019926,0.43033630876588125,
H2b,L32-anode,3p0kW,Xe2,c_up=1/64_c_exit=1/800_c_plume=1/8,facility,success,3.725298152033765,8.589692369157012,-0.5663059872306737,66.13906872224523,93.01516772729975,-0.28894318702783406,-5.484918164296841,3.690999267958549,23.464419097882914,3995.999999999999,1.029598053207323,0.4691311431187386,
H2b,L32-anode,3p0kW,Xe3,c_up=1/160_c_exit=1/100_c_plume=1/16,facility,success,4.571430776745116,7.400656215822092,-0.3822938610536033,73.84373264628142,95.17124528500324,-0.2240961813082689,-4.352553599739146,2.348039504128039,11.721019822727728,5993.999999999999,0.945007382732578,0.43485986538597377,
H2b,L32-anode,3p0kW,Xe3,c_up=1/160_c_exit=1/100_c_plume=1/32,facility,success,4.3094721426843305,7.400656215822092,-0.41769053756733404,58.16414014117433,95.17124528500324,-0.38884754563215085,-7.552470437516105,2.2567540342688894,10.166820502451959,10988.999999999998,0.8910897006637216,0.2861941412961934,
H2b,L32-anode,3p0kW,Xe3,c_up=1/160_c_exit=1/100_c_plume=1/8,facility,success,4.6292769726018115,7.400656215822092,-0.3744775006972035,63.68030859956965,95.17124528500324,-0.3308870929568033,-6.4267217725374675,2.689559744671271,14.017475980322876,5993.999999999999,0.7852220213191387,0.3193532538113451,
H2b,L32-anode,3p0kW,Xe3,c_up=1/160_c_exit=1/300_c_plume=1/16,facility,success,3.9527268540239837,7.400656215822092,-0.46589508568533067,64.1321757430467,95.17124528500324,-0.32613915525646237,-6.3345039881543945,3.7188794664252205,23.586219644925333,16982.999999999996,1.168189505845787,0.3793406081862296,
H2b,L32-anode,3p0kW,Xe3,c_up=1/160_c_exit=1/300_c_plume=1/32,facility,success,3.0853842956168984,7.400656215822092,-0.5830931466562979,44.00041503049828,95.17124528500324,-0.537671122209938,-10.443026582552033,2.9628143799381568,18.31964139938251,3995.999999999999,1.1654472253138093,0.22875914972049322,
H2b,L32-anode,3p0kW,Xe3,c_up=1/160_c_exit=1/300_c_plume=1/8,facility,success,3.357545453731508,7.400656215822092,-0.5463178729268214,43.478502310460904,95.17124528500324,-0.5431550550772073,-10.54953938255966,4.324583466265259,31.249162587150256,8990.999999999998,0.8627731751809733,0.20525863808194442,
H2b,L32-anode,3p0kW,Xe3,c_up=1/160_c_exit=1/800_c_plume=1/16,facility,success,3.1561756663033167,7.400656215822092,-0.5735275934645321,51.33974019829665,95.17124528500324,-0.4605540776045032,-8.945205119736038,3.871476173723597,26.013041926693045,3995.999999999999,1.1299227296092877,0.3044530705540201,
H2b,L32-anode,3p0kW,Xe3,c_up=1/160_c_exit=1/800_c_plume=1/32,facility,success,2.995053828550247,7.400656215822092,-0.5952988841520528,50.07523324468798,95.17124528500324,-0.4738407268421162,-9.203267763329643,2.8967059923305065,18.68803691732037,3995.999999999999,1.2586888751970353,0.30522178086226043,
H2b,L32-anode,3p0kW,Xe3,c_up=1/160_c_exit=1/800_c_plume=1/8,facility,success,3.212017745671975,7.400656215822092,-0.5659820356463927,53.62669969387586,95.17124528500324,-0.4365241356957828,-8.478478692066812,4.197464640476946,29.898339291299028,3995.999999999999,1.0991746266331286,0.3264061982051431,
H2b,L32-anode,3p0kW,Xe3,c_up=1/25_c_exit=1/100_c_plume=1/16,facility,success,6.947281858100568,7.400656215822092,-0.0612613725729134,103.98120237381809,95.17124528500324,0.0925695262516765,1.797950426288745,1.3591669421942543,4.8522328731672095,5993.999999999999,0.5766451415838445,0.5673733640008355,
H2b,L32-anode,3p0kW,Xe3,c_up=1/25_c_exit=1/100_c_plume=1/32,facility,success,5.1388939102062645,7.400656215822092,-0.3056164534140008,79.98282328908334,95.17124528500324,-0.15959045140615843,-3.099677958350999,2.521022291861476,14.583541557838034,3995.999999999999,0.8105129645566128,0.4538350153899229,
H2b,L32-anode,3p0kW,Xe3,c_up=1/25_c_exit=1/100_c_plume=1/8,facility,success,7.880192202314649,7.400656215822092,0.0647964143324671,111.23433180091156,95.17124528500324,0.16878087985299783,3.2781809216139424,0.38038862813128915,1.576066616754533,6992.999999999998,0.5243177742696322,0.5724203734520784,
H2b,L32-anode,3p0kW,Xe3,c_up=1/25_c_exit=1/300_c_plume=1/16,facility,success,5.286845044465439,7.400656215822092,-0.2856248297059754,90.30450453726078,95.17124528500324,-0.05113667193455693,-0.993212397498461,0.21538341266127786,1.224137601952401,7991.999999999998,0.7328546500468731,0.562336714513426,
H2b,L32-anode,3p0kW,Xe3,c_up=1/25_c_exit=1/300_c_plume=1/32,facility,success,4.968645407260365,7.400656215822092,-0.32862096787609935,88.71727318218721,95.17124528500324,-0.06781430760403248,-1.3171371638400071,0.3462228512421008,2.6173227396855987,6992.999999999998,0.8947530750035563,0.5775007573953035,
H2b,L32-anode,3p0kW,Xe3,c_up=1/25_c_exit=1/300_c_plume=1/8,facility,success,5.650360937822913,7.400656215822092,-0.23650541613555418,100.17064278645869,95.17124528500324,0.052530546243080664,1.02028520437866,0.15403918840695763,0.6902851311000938,25973.999999999996,0.7321371513068468,0.6474092836217716,
H2b,L32-anode,3p0kW,Xe3,c_up=1/25_c_exit=1/800_c_plume=1/16,facility,success,4.419767353401948,7.400656215822092,-0.40278710096642645,82.81118652627795,95.17124528500324,-0.12987177714982526,-2.5224609711684276,1.023594828692713,3.53867544014414,7991.999999999998,0.9094130460093482,0.5656565199596825,
H2b,L32-anode,3p0kW,Xe3,c_up=1/25_c_exit=1/800_c_plume=1/32,facility,success,3.8707230618059247,7.400656215822092,-0.47697569662395806,58.36551907477465,95.17124528500324,-0.38673158158232385,-7.511372695965017,0.5976415966350521,3.7962043775290257,5993.999999999999,1.0635631770785778,0.32084464631141385,
H2b,L32-anode,3p0kW,Xe3,c_up=1/25_c_exit=1/800_c_plume=1/8,facility,success,4.514314832923308,7.400656215822092,-0.39001154745277666,87.60568438359275,95.17124528500324,-0.07949418838383798,-1.5439920206960203,0.7029674893893428,2.2753146256574857,8990.999999999998,0.8840048919650866,0.6197933638149111,
H2b,L32-anode,3p0kW,Xe3,c_up=1/64_c_exit=1/100_c_plume=1/16,facility,success,5.91245550732589,7.400656215822092,-0.2010903715963095,83.8988437508122,95.17124528500324,-0.1184433544022073,-2.3004901090185794,1.0483993322384662,3.4529780242366814,6992.999999999998,0.6691880995996158,0.4340285101983515,
H2b,L32-anode,3p0kW,Xe3,c_up=1/64_c_exit=1/100_c_plume=1/32,facility,success,4.189925587146431,7.400656215822092,-0.4338440450471596,60.62139084334859,95.17124528500324,-0.3630282900910923,-7.0509907023785,2.63652466804383,13.832333633165936,4994.999999999999,0.83995762922415,0.3197567159235076,
H2b,L32-anode,3p0kW,Xe3,c_up=1/64_c_exit=1/100_c_plume=1/8,facility,success,6.133730044555938,7.400656215822092,-0.1711910585114808,94.214768094882,95.17124528500324,-0.010050064883116053,-0.19519942655535413,1.4192889961516475,5.487801536573524,6992.999999999998,0.6655117739189806,0.5275790011042313,
H2b,L32-anode,3p0kW,Xe3,c_up=1/64_c_exit=1/300_c_plume=1/16,facility,success,5.050632275624656,7.400656215822092,-0.3175426437419492,81.96496875735933,95.17124528500324,-0.13876330490471073,-2.6951584750293707,3.382362943992076,20.245718460944385,3995.999999999999,0.9446702313149238,0.4849366388788363,
H2b,L32-anode,3p0kW,Xe3,c_up=1/64_c_exit=1/300_c_plume=1/32,facility,success,4.015753833192743,7.400656215822092,-0.4573786815543007,68.98134938015232,95.17124528500324,-0.27518706754778416,-5.3448767152756975,3.575663817154912,22.480618364815587,3995.999999999999,1.0742383628618988,0.4319868044369299,
H2b,L32-anode,3p0kW,Xe3,c_up=1/64_c_exit=1/300_c_plume=1/8,facility,success,5.050779539442479,7.400656215822092,-0.31752274499060495,84.85252602001368,95.17124528500324,-0.10842265680236454,-2.1058610744876654,1.282697034752462,4.635115054660158,6992.999999999998,0.8803686440862575,0.5196911619119927,
H2b,L32-anode,3p0kW,Xe3,c_up=1/64_c_exit=1/800_c_plume=1/16,facility,success,3.6865535129457108,7.400656215822092,-0.5018612666990105,68.86349618191952,95.17124528500324,-0.27642539534185556,-5.368928388384433,3.6787018305487256,23.463177378045373,3995.999999999999,1.0744133862686658,0.4689556643441155,
H2b,L32-anode,3p0kW,Xe3,c_up=1/64_c_exit=1/800_c_plume=1/32,facility,success,2.72005484408133,7.400656215822092,-0.632457613925365,52.44271174336494,95.17124528500324,-0.4489647415422789,-8.720108886048633,3.8204999872866368,26.543583457044573,10988.999999999998,1.1836651442988246,0.3686097449037829,
H2b,L32-anode,3p0kW,Xe3,c_up=1/64_c_exit=1/800_c_plume=1/8,facility,success,3.8363443146361784,7.400656215822092,-0.48162106132773214,67.23003851489607,95.17124528500324,-0.2935887482236198,-5.702287095940241,3.761609161056203,24.913268483113058,3995.999999999999,0.9881578742473364,0.4295199436879037,
H3a,L32-exit,1p6kW,Xe1,c_up=1/160_c_exit=1/100_c_plume=1/16,facility,success,3.33654509225614,7.582322357019064,-0.5599573672613044,51.653246749864365,82.32639228613156,-0.37257973639437975,-6.2598256196463655,1.1839277622703814,4.406662378821483,6992.999999999998,1.1830297628426913,0.3464674558199273,
H3a,L32-exit,1p6kW,Xe1,c_up=1/160_c_exit=1/100_c_plume=1/32,facility,success,3.0841363339320633,7.582322357019064,-0.5932464766448455,39.390952379629596,82.32639228613156,-0.5215270427164671,-8.762334674796318,1.043393160469467,3.7726145643362177,5993.999999999999,1.0611871452206356,0.21798348424517308,
H3a,L32-exit,1p6kW,Xe1,c_up=1/160_c_exit=1/100_c_plume=1/8,facility,success,3.6853907323381603,7.582322357019064,-0.51394961084363,51.37747920906385,82.32639228613156,-0.3759294221165727,-6.3161047096056535,1.2371041934902773,4.411837986083809,6992.999999999998,0.9930256653399451,0.3103317714456231,
H3a,L32-exit,1p6kW,Xe1,c_up=1/160_c_exit=1/300_c_plume=1/16,facility,success,3.569804143355609,7.582322357019064,-0.5291938306934432,41.10402470984819,82.32639228613156,-0.5007187419680913,-8.412728076792524,0.9063484997893659,3.131572070317648,6992.999999999998,1.1598068544226312,0.20506356452214222,
H3a,L32-exit,1p6kW,Xe1,c_up=1/160_c_exit=1/300_c_plume=1/32,facility,success,3.320757104365098,7.582322357019064,-0.5620395773214488,32.46730709541512,82.32639228613156,-0.6056269903997182,-10.175323508309477,0.8139417608016479,3.0538374859922004,5993.999999999999,1.1947607392019632,0.13753702395311607,
H3a,L32-exit,1p6kW,Xe1,c_up=1/160_c_exit=1/300_c_plume=1/8,facility,success,3.6161572075018644,7.582322357019064,-0.5230805237191827,41.89982612102358,82.32639228613156,-0.4910523228638808,-8.25031962553224,0.9548684111919871,3.25940793889789,6992.999999999998,1.0916250114864072,0.2103494274981775,
H3a,L32-exit,1p6kW,Xe1,c_up=1/160_c_exit=1/800_c_plume=1/16,facility,success,3.168499278010927,7.582322357019064,-0.5821202095057588,27.24530833279227,82.32639228613156,-0.6690574240384645,-11.241037541497812,1.0793358682689829,4.417413527058674,5993.999999999999,1.184699351099851,0.10150654300038466,
H3a,L32-exit,1p6kW,Xe1,c_up=1/160_c_exit=1/800_c_plume=1/32,facility,success,3.2326216578991906,7.582322357019064,-0.5736633836324954,29.34409504624238,82.32639228613156,-0.6435639382294954,-10.812713722426363,0.9835894074682168,3.772064552529539,5993.999999999999,1.2830361605710456,0.11541194459633328,
H3a,L32-exit,1p6kW,Xe1,c_up=1/160_c_exit=1/800_c_plume=1/8,facility,success,3.348277588397704,7.582322357019064,-0.5584100186273199,30.54537691957332,82.32639228613156,-0.6289722399906634,-10.567554156440456,1.115278024604211,4.282249267443886,6992.999999999998,1.2099882765364895,0.120735147407688,
H3a,L32-exit,1p6kW,Xe1,c_up=1/25_c_exit=1/100_c_plume=1/16,facility,success,5.249640493817707,7.582322357019064,-0.30764741372964177,66.83053291683235,82.32639228613156,-0.1882246863854082,-3.1624202794488165,1.7536159826707935,7.583974033785791,4994.999999999999,0.7092779867119788,0.36862474149871133,
H3a,L32-exit,1p6kW,Xe1,c_up=1/25_c_exit=1/100_c_plume=1/32,facility,success,4.600602955332458,7.582322357019064,-0.39324619309101067,57.184962986107095,82.32639228613156,-0.3053872349057097,-5.130903938780502,2.714660242360437,15.651725731667263,3995.999999999999,0.8157795186065138,0.307973345035848,
H3a,L32-exit,1p6kW,Xe1,c_up=1/25_c_exit=1/100_c_plume=1/8,facility,success,5.9629460309240105,7.582322357019064,-0.21357260346442186,72.14827370799271,82.32639228613156,-0.12363129605830445,-2.0771670567630287,1.5199364752712727,5.912683301926048,6992.999999999998,0.6057130156038644,0.3782293315659063,
H3a,L32-exit,1p6kW,Xe1,c_up=1/25_c_exit=1/300_c_plume=1/16,facility,success,4.252153459687309,7.582322357019064,-0.43920170371666795,62.60281759670777,82.32639228613156,-0.2395777847384958,-4.025219324372201,3.528544155490394,21.366346448589297,3995.999999999999,0.9575253246352463,0.3993401953730626,
H3a,L32-exit,1p6kW,Xe1,c_up=1/25_c_exit=1/300_c_plume=1/32,facility,success,4.191750182862325,7.582322357019064,-0.4471680330259287,63.58245600777317,82.32639228613156,-0.22767833932540657,-3.825293118032325,3.106013700934881,18.126458230783058,9989.999999999998,1.0498870535641074,0.41787212581152766,
H3a,L32-exit,1p6kW,Xe1,c_up=1/25_c_exit=1/300_c_plume=1/8,facility,success,5.116534389918671,7.582322357019064,-0.32520220731815463,72.3267890211702,82.32639228613156,-0.121462911069964,-2.040735360196197,3.4444843941945473,19.532041884998876,3995.999999999999,0.8666683935012004,0.44298259985390165,
H3a,L32-exit,1p6kW,Xe1,c_up=1/25_c_exit=1/800_c_plume=1/16,facility,success,2.7905927709244955,7.582322357019064,-0.6319606791260722,45.8369370703481,82.32639228613156,-0.44322912983920904,-7.446827595057849,3.5838583111856854,22.189937055572337,6992.999999999998,0.9938453737428505,0.32621123121954365,
H3a,L32-exit,1p6kW,Xe1,c_up=1/25_c_exit=1/800_c_plume=1/32,facility,success,2.7497629380796824,7.582322357019064,-0.6373455507949767,47.22102733151296,82.32639228613156,-0.426416899608661,-7.164360194820123,3.118578657410858,17.72153293967405,2996.9999999999995,1.0498812806774254,0.351349875442273,
H3a,L32-exit,1p6kW,Xe1,c_up=1/25_c_exit=1/800_c_plume=1/8,facility,success,3.7356120833732382,7.582322357019064,-0.5073261320899751,56.844436480577656,82.32639228613156,-0.30952353307295977,-5.200399143990592,3.311665821125269,18.835688427615935,3995.999999999999,1.035072197901151,0.37478168120794214,
H3a,L32-exit,1p6kW,Xe1,c_up=1/64_c_exit=1/100_c_plume=1/16,facility,success,4.546923129325282,7.582322357019064,-0.4003257952867,59.31240092790867,82.32639228613156,-0.2795457291294393,-4.69673293024957,1.3641791112437975,5.511946566556769,5993.999999999999,0.883770893292118,0.3352259206446839,
H3a,L32-exit,1p6kW,Xe1,c_up=1/64_c_exit=1/100_c_plume=1/32,facility,success,4.012114765662254,7.582322357019064,-0.4708593783343724,55.03134621419396,82.32639228613156,-0.3315467289890661,-5.570417565701551,1.4114438360886987,5.76233810686618,4994.999999999999,1.0831751322826213,0.3270477171200496,
H3a,L32-exit,1p6kW,Xe1,c_up=1/64_c_exit=1/100_c_plume=1/8,facility,success,4.955153998928144,7.582322357019064,-0.3464859754556482,68.80034565757357,82.32639228613156,-0.16429781814739547,-2.760417679297547,1.325324303879802,5.095378742654823,6992.999999999998,0.8777435020006629,0.4138931888505746,
H3a,L32-exit,1p6kW,Xe1,c_up=1/64_c_exit=1/300_c_plume=1/16,facility,success,3.315303010492959,7.582322357019064,-0.5627588943875572,46.58656655992986,82.32639228613156,-0.43412355058612623,-7.293841984939123,1.8224794321915458,8.189250629727935,4994.999999999999,1.1575012130663156,0.28363666844998514,
H3a,L32-exit,1p6kW,Xe1,c_up=1/64_c_exit=1/300_c_plume=1/32,facility,success,3.7618705945816266,7.582322357019064,-0.5038630095831774,48.27849994936375,82.32639228613156,-0.41357201975317714,-6.948549456483226,1.4758273453426327,5.784244389680028,3995.999999999999,1.1525266245400723,0.2684527634655921,
H3a,L32-exit,1p6kW,Xe1,c_up=1/64_c_exit=1/300_c_plume=1/8,facility,success,3.8107587202477347,7.582322357019064,-0.497415364209613,55.24467853090915,82.32639228613156,-0.32895542976179354,-5.526880358208655,1.5635009702929585,6.426620749969293,4994.999999999999,1.1028939697123148,0.34700333193590344,
H3a,L32-exit,1p6kW,Xe1,c_up=1/64_c_exit=1/800_c_plume=1/16,facility,success,3.5876103685326615,7.582322357019064,-0.5268454439672352,56.12681559423118,82.32639228613156,-0.3182403110881111,-5.3468523861021175,1.3567375622813005,5.799683911315075,4994.999999999999,1.3110451102498768,0.3804518766446839,
H3a,L32-exit,1p6kW,Xe1,c_up=1/64_c_exit=1/800_c_plume=1/32,facility,success,3.0441250031400426,7.582322357019064,-0.5985233995858732,31.33991566980749,82.32639228613156,-0.619321158142297,-10.405403391086544,1.1744762210863628,5.359127797348822,4994.999999999999,1.2973213702325146,0.13979684184084548,
H3a,L32-exit,1p6kW,Xe1,c_up=1/64_c_exit=1/800_c_plume=1/8,facility,success,3.6258759750033267,7.582322357019064,-0.5217987571252755,45.19315826665599,82.32639228613156,-0.45104896483762125,-7.578211024382768,1.0080155958695733,3.573117182340427,4994.999999999999,1.021156067279068,0.24406001621970144,
H3a,L32-exit,1p6kW,Xe2,c_up=1/160_c_exit=1/100_c_plume=1/16,facility,success,3.7261380541741214,8.589692369157012,-0.5662082069954499,56.71530289513884,93.01516772729975,-0.39025747863600296,-7.4081356800328395,1.1685288538568464,4.502425375266918,6992.999999999998,1.1029547253083407,0.34489009386847574,
H3a,L32-exit,1p6kW,Xe2,c_up=1/160_c_exit=1/100_c_plume=1/32,facility,success,3.7126797005999523,8.589692369157012,-0.5677750097394567,53.826524192822475,93.01516772729975,-0.4213145500029615,-7.997682353974954,1.0640195447737497,3.7552495485576625,6992.999999999998,1.1404637107127387,0.3117771909781186,
H3a,L32-exit,1p6kW,Xe2,c_up=1/160_c_exit=1/100_c_plume=1/8,facility,success,4.144605108779792,8.589692369157012,-0.5174908564057759,55.85325552130818,93.01516772729975,-0.3995252937127655,-7.584063715508485,1.2045327137917727,4.2920273249598795,7991.999999999998,0.9585277931014359,0.30071353520895083,
H3a,L32-exit,1p6kW,Xe2,c_up=1/160_c_exit=1/300_c_plume=1/16,facility,success,3.5405282312379733,8.589692369157012,-0.5878166435912258,41.83281931013038,93.01516772729975,-0.5502580887369347,-10.445377227993749,0.9748738113706695,3.3838158185508416,6992.999999999998,1.1111196160075167,0.1974719242450277,
H3a,L32-exit,1p6kW,Xe2,c_up=1/160_c_exit=1/300_c_plume=1/32,facility,success,3.265837048826393,8.589692369157012,-0.6197958077575599,39.90275155431494,93.01516772729975,-0.571008121263608,-10.839268606731594,0.9342662431357898,3.2833748574499673,5993.999999999999,1.2346121851594802,0.1947826756073424,
H3a,L32-exit,1p6kW,Xe2,c_up=1/160_c_exit=1/300_c_plume=1/8,facility,success,3.467461873982903,8.589692369157012,-0.5963229269498044,42.86810086531351,93.01516772729975,-0.5391278442781132,-10.234095277956376,1.052464889121106,3.6935105967056474,6992.999999999998,1.100746945116293,0.21173660420187254,
H3a,L32-exit,1p6kW,Xe2,c_up=1/160_c_exit=1/800_c_plume=1/16,facility,success,3.394833650330219,8.589692369157012,-0.6047782034057424,30.579776076271965,93.01516772729975,-0.6712388224044791,-12.741916663475058,1.0912605575163985,4.214293880729382,6992.999999999998,1.2041741092555378,0.11004979905286062,
H3a,L32-exit,1p6kW,Xe2,c_up=1/160_c_exit=1/800_c_plume=1/32,facility,success,3.306488576917718,8.589692369157012,-0.6150632135802303,32.37410610823346,93.01516772729975,-0.6519480972915375,-12.375726861033936,0.9490669951176803,3.420976018767537,5993.999999999999,1.3708668259613956,0.12663906498871647,
H3a,L32-exit,1p6kW,Xe2,c_up=1/160_c_exit=1/800_c_plume=1/8,facility,success,3.285839647253256,8.589692369157012,-0.6174671331593069,29.475958033424178,93.01516772729975,-0.6831058981709168,-12.967185651811342,1.2399810668628861,4.447151413789056,6992.999999999998,1.1341672491648476,0.1056400611405243,
H3a,L32-exit,1p6kW,Xe2,c_up=1/25_c_exit=1/100_c_plume=1/16,facility,success,5.961916002796913,8.589692369157012,-0.30592205790694543,77.31024798317564,93.01516772729975,-0.16884256759249772,-3.2050856620661468,1.3358051204627883,4.79939103832653,5993.999999999999,0.6610310169205024,0.4005229719755337,
H3a,L32-exit,1p6kW,Xe2,c_up=1/25_c_exit=1/100_c_plume=1/32,facility,success,5.447196340124942,8.589692369157012,-0.3658450028217335,70.50906821623374,93.01516772729975,-0.24196160756328472,-4.593081532870614,2.407596402911588,11.718261240827886,8990.999999999998,0.8043717300828824,0.36463308510649833,
H3a,L32-exit,1p6kW,Xe2,c_up=1/25_c_exit=1/100_c_plume=1/8,facility,success,6.276486942174139,8.589692369157012,-0.2693001480808433,86.37561821685946,93.01516772729975,-0.07138136362776887,-1.3550101041714888,2.303007482432222,10.182817288122417,5993.999999999999,0.6450577283028305,0.47490294011230144,
H3a,L32-exit,1p6kW,Xe2,c_up=1/25_c_exit=1/300_c_plume=1/16,facility,success,4.232560357047956,8.589692369157012,-0.5072512291306496,63.58775332216278,93.01516772729975,-0.3163722124483155,-6.005594776558566,3.677140584400286,22.778930605578378,3995.999999999999,0.9287041168363891,0.3816655418518995,
H3a,L32-exit,1p6kW,Xe2,c_up=1/25_c_exit=1/300_c_plume=1/32,facility,success,3.1421271253439587,8.589692369157012,-0.6341979444308871,51.58058443570445,93.01516772729975,-0.4454605018083985,-8.45603740644802,3.8705981118162947,26.22197957053077,6992.999999999998,1.1036083239257835,0.33828903074935524,
H3a,L32-exit,1p6kW,Xe2,c_up=1/25_c_exit=1/300_c_plume=1/8,facility,success,4.851600158560139,8.589692369157012,-0.4351834792150685,71.01998938749236,93.01516772729975,-0.2364687273831777,-4.488811906083141,1.4322370824113553,5.441065911031244,5993.999999999999,0.8392691800295565,0.41535109042013274,
H3a,L32-exit,1p6kW,Xe2,c_up=1/25_c_exit=1/800_c_plume=1/16,facility,success,3.6739996285327683,8.589692369157012,-0.5722780897573247,51.49569014705227,93.01516772729975,-0.44637319476726167,-8.473362771479078,3.1323327612581946,19.12891024863818,3995.999999999999,1.048460905488767,0.28836450933213126,
H3a,L32-exit,1p6kW,Xe2,c_up=1/25_c_exit=1/800_c_plume=1/32,facility,success,4.583983598619264,8.589692369157012,-0.4663390257049294,23.358603820627106,93.01516772729975,-0.7488731742213329,-14.215625287076051,1.3430608288572636,12.16066807813574,4994.999999999999,1.0331975957954187,0.047554306967731184,
H3a,L32-exit,1p6kW,Xe2,c_up=1/25_c_exit=1/800_c_plume=1/8,facility,failure,,,,,,,,,,,,,
H3a,L32-exit,1p6kW,Xe2,c_up=1/64_c_exit=1/100_c_plume=1/16,facility,success,4.423927947367341,8.589692369157012,-0.4849724812902114,60.25225753770839,93.01516772729975,-0.3522319100218697,-6.686308201957422,1.3656485482599008,5.367954638709555,6992.999999999998,0.8473482263347379,0.32785193624304937,
H3a,L32-exit,1p6kW,Xe2,c_up=1/64_c_exit=1/100_c_plume=1/32,facility,success,4.626477241694368,8.589692369157012,-0.46139197507158125,61.438927647730104,93.01516772729975,-0.33947409708644855,-6.444130628483602,1.272582279308319,5.354851506795224,4994.999999999999,0.9919455127501182,0.32596875527168334,
H3a,L32-exit,1p6kW,Xe2,c_up=1/64_c_exit=1/100_c_plume=1/8,facility,success,4.793077346719124,8.589692369157012,-0.441996623309862,77.99677889923318,93.01516772729975,-0.16146171850269872,-3.0649773118503223,1.3695600004767363,5.145524216141432,6992.999999999998,0.9737793953108898,0.5070818292159965,
H3a,L32-exit,1p6kW,Xe2,c_up=1/64_c_exit=1/300_c_plume=1/16,facility,success,3.948150677233537,8.589692369157012,-0.5403618072039282,49.5153180735018,93.01516772729975,-0.4676640457320902,-8.877520337509786,1.4561588949617252,5.7523105809476265,4994.999999999999,0.9697599709835637,0.2480987510719573,
H3a,L32-exit,1p6kW,Xe2,c_up=1/64_c_exit=1/300_c_plume=1/32,facility,success,3.3575522696417757,8.589692369157012,-0.6091184497249598,45.121823973485846,93.01516772729975,-0.514898214173271,-9.774151786492634,1.48810625364822,6.31929929686037,4994.999999999999,1.1105719499602693,0.24226443419254037,
H3a,L32-exit,1p6kW,Xe2,c_up=1/64_c_exit=1/300_c_plume=1/8,facility,success,3.9099683825892635,8.589692369157012,-0.5448069366687941,57.165105064057876,93.01516772729975,-0.38542168486269324,-7.316339319028954,1.4038864476153077,6.865785435721897,5993.999999999999,0.9958279591019381,0.33390884003023824,
H3a,L32-exit,1p6kW,Xe2,c_up=1/64_c_exit=1/800_c_plume=1/16,facility,success,3.8757708663656425,8.589692369157012,-0.5487881637900835,42.8505543078516,93.01516772729975,-0.5393164861726626,-10.237676208050642,0.985052395013517,3.7532121417855056,6992.999999999998,1.1027352186757908,0.18927530079921306,
H3a,L32-exit,1p6kW,Xe2,c_up=1/64_c_exit=1/800_c_plume=1/32,facility,success,3.4135314505745264,8.589692369157012,-0.602601431591254,40.66136791385597,93.01516772729975,-0.5628522862737155,-10.68444894151914,1.141124344467035,5.025517812848963,3995.999999999999,1.2382545614476306,0.19350812802444303,
H3a,L32-exit,1p6kW,Xe2,c_up=1/64_c_exit=1/800_c_plume=1/8,facility,success,3.987184110483124,8.589692369157012,-0.535817589370267,49.52278535147302,93.01516772729975,-0.467583765513781,-8.875996403229946,0.9538421194736628,3.8575566700013515,6992.999999999998,1.094939744566643,0.24574403598580474,
H3a,L32-exit,1p6kW,Xe3,c_up=1/160_c_exit=1/100_c_plume=1/16,facility,success,3.918441630984661,7.400656215822092,-0.47052781311374753,56.088378308934374,95.17124528500324,-0.4106583544118805,-7.976095301238544,1.1680052069110822,4.147085673264649,7991.999999999998,0.994340135037898,0.292689118875041,
H3a,L32-exit,1p6kW,Xe3,c_up=1/160_c_exit=1/100_c_plume=1/32,facility,success,3.7420595108553116,7.400656215822092,-0.4943611212671862,51.340124332285946,95.17124528500324,-0.46055004136447986,-8.945126725044346,1.0587966697860018,3.7241675947408015,6992.999999999998,1.0174478452463123,0.25678954315783536,
H3a,L32-exit,1p6kW,Xe3,c_up=1/160_c_exit=1/100_c_plume=1/8,facility,success,4.077869976130392,7.400656215822092,-0.44898535248642035,62.64699019974724,95.17124528500324,-0.34174455727523256,-6.637603078623672,1.2866912206302388,4.766873378824126,8990.999999999998,1.0119274578269342,0.35086596273805487,
H3a,L32-exit,1p6kW,Xe3,c_up=1/160_c_exit=1/300_c_plume=1/16,facility,success,3.4492507924086913,7.400656215822092,-0.5339263584444808,44.64698855013913,95.17124528500324,-0.5308773315255291,-10.311072803033491,1.111143980381611,3.9386436235616125,6992.999999999998,1.0955904056111114,0.2106850703521485,
H3a,L32-exit,1p6kW,Xe3,c_up=1/160_c_exit=1/300_c_plume=1/32,facility,success,3.532135668181662,7.400656215822092,-0.5227266927181133,43.684523861399065,95.17124528500324,-0.5409903093042461,-10.507494168082484,1.0503179486996737,3.6301240755850275,6992.999999999998,1.1394421514460698,0.19696634637266103,
H3a,L32-exit,1p6kW,Xe3,c_up=1/160_c_exit=1/300_c_plume=1/8,facility,success,3.6929512001635763,7.400656215822092,-0.5009967910320843,47.777060332086776,95.17124528500324,-0.4979884923328273,-9.67228264345234,1.1293221519687224,3.8309601376144737,7991.999999999998,1.0456404935967678,0.22534061372267972,
H3a,L32-exit,1p6kW,Xe3,c_up=1/160_c_exit=1/800_c_plume=1/16,facility,success,3.2969346993406456,7.400656215822092,-0.5545077891482073,30.723264428340045,95.17124528500324,-0.6771791276205849,-13.15264915442106,1.2370938853093998,4.618351291208721,6992.999999999998,1.2181395398207284,0.1043754989365115,
H3a,L32-exit,1p6kW,Xe3,c_up=1/160_c_exit=1/800_c_plume=1/32,facility,success,3.381298188228629,7.400656215822092,-0.543108328556102,29.03822261390713,95.17124528500324,-0.6948844945030589,-13.496535238999204,1.0440909244242234,4.4190052260703325,6992.999999999998,1.1824421117219313,0.09091400316947013,
H3a,L32-exit,1p6kW,Xe3,c_up=1/160_c_exit=1/800_c_plume=1/8,facility,success,3.5332907821286588,7.400656215822092,-0.5225706100798566,31.46932136659962,95.17124528500324,-0.6693400273122364,-13.0003926364089,1.3395116102254434,4.972128690495476,7991.999999999998,1.1292175053591396,0.10218086315241386,
H3a,L32-exit,1p6kW,Xe3,c_up=1/25_c_exit=1/100_c_plume=1/16,facility,success,5.818578542558713,7.400656215822092,-0.21377532304243593,76.1660196115547,95.17124528500324,-0.1996950404140958,-3.878617484377254,1.3536246890583268,5.324597625612259,5993.999999999999,0.6063189959555266,0.36347940779427435,
H3a,L32-exit,1p6kW,Xe3,c_up=1/25_c_exit=1/100_c_plume=1/32,facility,success,5.259906896512026,7.400656215822092,-0.28926479718559167,77.3454185238498,95.17124528500324,-0.18730265331478627,-3.6379238288068256,1.743877340671106,6.747375513300063,4994.999999999999,0.81972146957903,0.414634393052329,
H3a,L32-exit,1p6kW,Xe3,c_up=1/25_c_exit=1/100_c_plume=1/8,facility,success,6.278885296233925,7.400656215822092,-0.15157722327243067,94.3609820187025,95.17124528500324,-0.008513740299123893,-0.1653598502654565,2.435584760383352,12.068144113778368,5993.999999999999,0.6639903482556373,0.5169833387450854,
H3a,L32-exit,1p6kW,Xe3,c_up=1/25_c_exit=1/300_c_plume=1/16,facility,success,4.181152347626373,7.400656215822092,-0.43502951283058416,66.76622229954717,95.17124528500324,-0.298462239307612,-5.796943466419608,3.716869303892454,23.455732781349734,12986.999999999998,0.9179662399414479,0.38867965492826534,
H3a,L32-exit,1p6kW,Xe3,c_up=1/25_c_exit=1/300_c_plume=1/32,facility,success,4.1096455225879165,7.400656215822092,-0.44469174047001697,65.39284530620081,95.17124528500324,-0.31289282692085163,-6.077224485469885,3.3472188541602397,20.658598912389277,3995.999999999999,1.021100543805189,0.3793414480296731,
H3a,L32-exit,1p6kW,Xe3,c_up=1/25_c_exit=1/300_c_plume=1/8,facility,success,5.184972529602049,7.400656215822092,-0.2993901650887478,72.60238561741035,95.17124528500324,-0.23713948052279207,-4.605889728080182,1.3151606645506666,4.699867142743719,5993.999999999999,0.722564816100228,0.3706205661456622,
H3a,L32-exit,1p6kW,Xe3,c_up=1/25_c_exit=1/800_c_plume=1/16,facility,success,4.031477574658373,7.400656215822092,-0.45525404003507797,57.61790234133943,95.17124528500324,-0.3945870712441055,-7.663947539523227,1.446662597444703,6.198610855476172,5993.999999999999,1.0337700008731123,0.30020977591601367,
H3a,L32-exit,1p6kW,Xe3,c_up=1/25_c_exit=1/800_c_plume=1/32,facility,success,4.242465257745825,7.400656215822092,-0.42674471911345824,57.73663996732042,95.17124528500324,-0.3933394504356836,-7.639715370955677,1.2045104513194191,5.09898657253225,4994.999999999999,1.1318465907846371,0.2864566509759625,
H3a,L32-exit,1p6kW,Xe3,c_up=1/25_c_exit=1/800_c_plume=1/8,facility,failure,,,,,,,,,,,,,
H3a,L32-exit,1p6kW,Xe3,c_up=1/64_c_exit=1/100_c_plume=1/16,facility,success,4.90356120560085,7.400656215822092,-0.3374153503959048,69.94500792635485,95.17124528500324,-0.26506154546055377,-5.148211705846612,1.202624566001112,4.7360579979003505,6992.999999999998,0.8137255846229984,0.3637274177425455,
H3a,L32-exit,1p6kW,Xe3,c_up=1/64_c_exit=1/100_c_plume=1/32,facility,success,4.487746675039777,7.400656215822092,-0.3936015207076793,57.47467226761655,95.17124528500324,-0.39609204339503157,-7.693178166813611,1.2621061345133293,5.554466386877263,5993.999999999999,0.8195872995119154,0.2683483106535596,
H3a,L32-exit,1p6kW,Xe3,c_up=1/64_c_exit=1/100_c_plume=1/8,facility,success,5.244929511463629,7.400656215822092,-0.2912885886726732,71.93376900013234,95.17124528500324,-0.24416488630870714,-4.742342098953244,1.1034455711068054,4.269016413086131,7991.999999999998,0.7046992841579195,0.359666648766116,
H3a,L32-exit,1p6kW,Xe3,c_up=1/64_c_exit=1/300_c_plume=1/16,facility,success,3.8255108818391355,7.400656215822092,-0.48308490892193356,56.22061609039862,95.17124528500324,-0.4092688824020497,-7.949107998898902,1.2697314648255402,6.236333731815629,5993.999999999999,0.9968468048132522,0.30121455368556543,
H3a,L32-exit,1p6kW,Xe3,c_up=1/64_c_exit=1/300_c_plume=1/32,facility,success,3.6769647463594737,7.400656215822092,-0.5031569310707371,50.03025295204773,95.17124528500324,-0.4743133516617826,-9.21244741488888,1.3932389752679213,5.747109354463299,4994.999999999999,1.0224522952774036,0.2481704817409092,
H3a,L32-exit,1p6kW,Xe3,c_up=1/64_c_exit=1/300_c_plume=1/8,facility,success,4.6073446500500435,7.400656215822092,-0.37744106526663695,72.92661853020613,95.17124528500324,-0.23373264359610463,-4.539719745876962,1.2793287813334973,5.321728964900912,5993.999999999999,1.0142299813594928,0.4208192955094319,
H3a,L32-exit,1p6kW,Xe3,c_up=1/64_c_exit=1/800_c_plume=1/16,facility,success,3.9061983183750617,7.400656215822092,-0.4721821681131628,44.59893875404605,95.17124528500324,-0.5313822087702177,-10.320878883868813,1.0399068296471738,4.2627693855430175,6992.999999999998,1.0421754067317401,0.1856388857426222,
H3a,L32-exit,1p6kW,Xe3,c_up=1/64_c_exit=1/800_c_plume=1/32,facility,success,3.744248403582168,7.400656215822092,-0.49406535118099076,39.81641375474275,95.17124528500324,-0.5816339942226554,-11.296904393930712,1.1075670697347721,5.234882107937821,4994.999999999999,1.0505332595811805,0.15435966259951578,
H3a,L32-exit,1p6kW,Xe3,c_up=1/64_c_exit=1/800_c_plume=1/8,facility,success,4.134807313335462,7.400656215822092,-0.44129179997639545,60.311603552486034,95.17124528500324,-0.3662833414454678,-7.114212598472899,1.1962969512178234,5.777392941104757,6992.999999999998,1.1719467631348397,0.3207160303103494,
H3b,L32-exit,3p0kW,Xe1,c_up=1/160_c_exit=1/100_c_plume=1/16,facility,success,3.859918868314824,7.582322357019064,-0.49093184296739345,53.94287151590898,82.32639228613156,-0.34476818407848503,-5.792555259229096,1.2073654123992863,4.348691424717676,6992.999999999998,1.023560693191653,0.32662854917878464,
H3b,L32-exit,3p0kW,Xe1,c_up=1/160_c_exit=1/100_c_plume=1/32,facility,success,3.544212380341431,7.582322357019064,-0.5325690186383987,47.13165207550283,82.32639228613156,-0.42750252055630916,-7.182600042985454,1.1360156354698197,4.197334259773993,5993.999999999999,1.0753700560871542,0.27156249077462913,
H3b,L32-exit,3p0kW,Xe1,c_up=1/160_c_exit=1/100_c_plume=1/8,facility,success,3.820954242582382,7.582322357019064,-0.4960707204639921,51.935383633662774,82.32639228613156,-0.3691526837085555,-6.202246663769139,1.3279957552060206,5.00150291093559,7991.999999999998,0.9662429278621577,0.3058574381887471,
H3b,L32-exit,3p0kW,Xe1,c_up=1/160_c_exit=1/300_c_plume=1/16,facility,success,3.847682029467295,7.582322357019064,-0.492545707199399,42.79368943704707,82.32639228613156,-0.48019476806035194,-8.067898540629487,0.8760488711647949,3.0665387785061573,6992.999999999998,1.0913305804425846,0.20621700815401875,
H3b,L32-exit,3p0kW,Xe1,c_up=1/160_c_exit=1/300_c_plume=1/32,facility,success,3.6613122176134842,7.582322357019064,-0.517125222957033,39.75338978624842,82.32639228613156,-0.517124597807195,-8.688367857119006,0.7875658574614159,2.8631304313506263,6992.999999999998,1.1712718088662808,0.18701470853080043,
H3b,L32-exit,3p0kW,Xe1,c_up=1/160_c_exit=1/300_c_plume=1/8,facility,success,3.675487452493035,7.582322357019064,-0.5152557119797757,45.456751407372316,82.32639228613156,-0.44784715878980874,-7.524416505869233,0.9544998744309262,3.60724495444105,7991.999999999998,1.133454859566363,0.24358247661443125,
H3b,L32-exit,3p0kW,Xe1,c_up=1/160_c_exit=1/800_c_plume=1/16,facility,success,3.5398447401940945,7.582322357019064,-0.5331450479789732,32.607682853259966,82.32639228613156,-0.6039218779327835,-10.146675394463589,0.9980702967949976,3.800250412005272,6992.999999999998,1.19863222704206,0.13014271366983327,
H3b,L32-exit,3p0kW,Xe1,c_up=1/160_c_exit=1/800_c_plume=1/32,facility,success,3.2558652648043998,7.582322357019064,-0.5705978839332254,27.760017619966185,82.32639228613156,-0.6628053671599727,-11.135994829829666,0.8905118218210782,3.266731140445385,5993.999999999999,1.2414277089065076,0.10255037337157112,
H3b,L32-exit,3p0kW,Xe1,c_up=1/160_c_exit=1/800_c_plume=1/8,facility,success,3.5712704907695008,7.582322357019064,-0.5290004404173709,34.91505834410499,82.32639228613156,-0.5758947115919391,-9.675782437148278,1.0732704010028915,4.336847919726761,6992.999999999998,1.2101265188944907,0.14789959831112165,
H3b,L32-exit,3p0kW,Xe1,c_up=1/25_c_exit=1/100_c_plume=1/16,facility,success,6.104519427242253,7.582322357019064,-0.19490109496713595,78.8893223153194,82.32639228613156,-0.04174930876196249,-0.7014428511861538,1.2301191874201938,4.258519227980684,5993.999999999999,0.7044106680684049,0.4417221384826578,
H3b,L32-exit,3p0kW,Xe1,c_up=1/25_c_exit=1/100_c_plume=1/32,facility,success,4.843656688841639,7.582322357019064,-0.36119087783734266,64.49641542021597,82.32639228613156,-0.21657668180024428,-3.638770788962367,2.914239748702793,16.740392394877183,3995.999999999999,0.877257511785774,0.3721019948560633,
H3b,L32-exit,3p0kW,Xe1,c_up=1/25_c_exit=1/100_c_plume=1/8,facility,success,6.162895725327313,7.582322357019064,-0.1872020951968321,80.53257967820109,82.32639228613156,-0.02178903457467133,-0.36608420570009703,1.576114360243167,6.9800670586836375,6992.999999999998,0.6542072042737811,0.45595564592732296,
H3b,L32-exit,3p0kW,Xe1,c_up=1/25_c_exit=1/300_c_plume=1/16,facility,success,4.335051976066013,7.582322357019064,-0.42826857367083665,64.08548385063689,82.32639228613156,-0.22156817429940354,-3.722634374590748,3.424110528865024,20.19998839047274,3995.999999999999,0.9543518293240018,0.41047737264022344,
H3b,L32-exit,3p0kW,Xe1,c_up=1/25_c_exit=1/300_c_plume=1/32,facility,success,4.276382797293497,7.582322357019064,-0.4360062002198062,63.0550225190397,82.32639228613156,-0.2340849541920016,-3.93293260552895,3.008912621299053,16.875107749955074,6992.999999999998,1.004902308548826,0.4028348099293849,
H3b,L32-exit,3p0kW,Xe1,c_up=1/25_c_exit=1/300_c_plume=1/8,facility,success,4.346382323632393,7.582322357019064,-0.4267742626889392,67.66997792045547,82.32639228613156,-0.17802813847030516,-2.991104972586957,3.606244936804839,22.169814352335862,12986.999999999998,0.9341733852194118,0.4564869214137999,
H3b,L32-exit,3p0kW,Xe1,c_up=1/25_c_exit=1/800_c_plume=1/16,facility,failure,,,,,,,,,,,,,
H3b,L32-exit,3p0kW,Xe1,c_up=1/25_c_exit=1/800_c_plume=1/32,facility,success,4.100657236200667,7.582322357019064,-0.45918189136279197,46.27044962549338,82.32639228613156,-0.43796335123398883,-7.358355645028199,1.2258519678737083,5.788806127363041,4994.999999999999,1.0594249042028285,0.22621331585852925,
H3b,L32-exit,3p0kW,Xe1,c_up=1/25_c_exit=1/800_c_plume=1/8,facility,success,3.9595046693599065,7.582322357019064,-0.47779789846384774,51.79779708879201,82.32639228613156,-0.3708239162386119,-6.230325550477459,2.0029539620563974,15.883193788971694,4994.999999999999,1.0129935547576678,0.29359314830780797,
H3b,L32-exit,3p0kW,Xe1,c_up=1/64_c_exit=1/100_c_plume=1/16,facility,success,4.863306592332438,7.582322357019064,-0.3585993362798133,77.0914077171421,82.32639228613156,-0.06358816928105958,-1.068364197752949,1.233126484385807,4.467852717487443,5993.999999999999,0.9772415163905595,0.5294738290273452,
H3b,L32-exit,3p0kW,Xe1,c_up=1/64_c_exit=1/100_c_plume=1/32,facility,success,4.167355602089868,7.582322357019064,-0.45038532973580475,56.92155277849663,82.32639228613156,-0.30858681890660894,-5.1846611240071265,1.5052703436775994,6.149070176759863,4994.999999999999,0.9294049895275995,0.33686594793587255,
H3b,L32-exit,3p0kW,Xe1,c_up=1/64_c_exit=1/100_c_plume=1/8,facility,success,5.41974230109617,7.582322357019064,-0.2852134153754308,85.50529660279554,82.32639228613156,0.03861342916151921,0.6487559829926495,0.7028701539569094,2.590376128707807,6992.999999999998,0.8860310094797921,0.5844826097666311,
H3b,L32-exit,3p0kW,Xe1,c_up=1/64_c_exit=1/300_c_plume=1/16,facility,success,3.1945877395068663,7.582322357019064,-0.5786795141267516,47.09385707471728,82.32639228613156,-0.42796160785184123,-7.190313308451894,2.0608015471735226,9.555317872222076,4994.999999999999,1.0671019526171048,0.3008000456438581,
H3b,L32-exit,3p0kW,Xe1,c_up=1/64_c_exit=1/300_c_plume=1/32,facility,success,3.120248686743925,7.582322357019064,-0.5884837731997155,46.52488616425222,82.32639228613156,-0.43487276835171534,-7.3064298207917,2.047882030226824,9.778304375402666,3995.999999999999,1.0961016915931363,0.30056999549162733,
H3b,L32-exit,3p0kW,Xe1,c_up=1/64_c_exit=1/300_c_plume=1/8,facility,success,3.83027125201522,7.582322357019064,-0.49484194001993553,59.47699326912029,82.32639228613156,-0.277546463321221,-4.663142656532911,1.9141614711726822,8.070618157207527,4994.999999999999,1.0510273049345855,0.4001590798813781,
H3b,L32-exit,3p0kW,Xe1,c_up=1/64_c_exit=1/800_c_plume=1/16,facility,success,3.0237757917903334,7.582322357019064,-0.6012071698598805,45.544395474572326,82.32639228613156,-0.446782566199678,-7.5065299615427,2.243383416089083,11.208364906084146,3995.999999999999,0.9745764177952857,0.29722442364951723,
H3b,L32-exit,3p0kW,Xe1,c_up=1/64_c_exit=1/800_c_plume=1/32,facility,success,3.145457816468269,7.582322357019064,-0.5851590491194992,45.453150239802845,82.32639228613156,-0.44789090135485343,-7.525151438026268,1.53443682619958,6.039415777159398,3995.999999999999,1.0939195478163486,0.28458257657364455,
H3b,L32-exit,3p0kW,Xe1,c_up=1/64_c_exit=1/800_c_plume=1/8,facility,success,3.5970339307328434,7.582322357019064,-0.5256026107353484,55.68689229517445,82.32639228613156,-0.3235839595444621,-5.436632651215737,2.3054722251982636,11.301617820492474,8990.999999999998,0.9687399367781365,0.3735301179582396,
H3b,L32-exit,3p0kW,Xe2,c_up=1/160_c_exit=1/100_c_plume=1/16,facility,success,3.840429401855049,8.589692369157012,-0.5529025677747355,54.43946457027224,93.01516772729975,-0.41472486799274594,-7.872592481026022,1.1913833829651763,4.295383391180794,7991.999999999998,0.9824493801162868,0.30830960490547676,
H3b,L32-exit,3p0kW,Xe2,c_up=1/160_c_exit=1/100_c_plume=1/32,facility,success,3.882572959401355,8.589692369157012,-0.5479962736101586,55.85328194266565,93.01516772729975,-0.399525009658475,-7.584058323394714,1.098959353222725,3.834277256645821,6992.999999999998,1.082413812125909,0.32100878631235574,
H3b,L32-exit,3p0kW,Xe2,c_up=1/160_c_exit=1/100_c_plume=1/8,facility,success,4.33272726924095,8.589692369157012,-0.49558993698092574,64.13839765729857,93.01516772729975,-0.31045227112487295,-5.893218381632896,1.163133163862917,3.9847572444717403,7991.999999999998,0.9531078277446248,0.3793272213579926,
H3b,L32-exit,3p0kW,Xe2,c_up=1/160_c_exit=1/300_c_plume=1/16,facility,success,3.6493890423109674,8.589692369157012,-0.5751432198649139,43.8737528250697,93.01516772729975,-0.5283161456667154,-10.02886018412858,0.9331070942340517,3.481715939681373,7991.999999999998,1.0399628113898118,0.21073106164161018,
H3b,L32-exit,3p0kW,Xe2,c_up=1/160_c_exit=1/300_c_plume=1/32,facility,success,3.736524728446939,8.589692369157012,-0.5649990048696424,45.27004411223316,93.01516772729975,-0.5133047091313636,-9.743902778585019,0.8484565586880098,3.1580157432306137,6992.999999999998,1.151214852085498,0.21912560338571765,
H3b,L32-exit,3p0kW,Xe2,c_up=1/160_c_exit=1/300_c_plume=1/8,facility,success,3.915634918134179,8.589692369157012,-0.5441472465074488,55.90836596919641,93.01516772729975,-0.39893280488288124,-7.572816685327212,0.9607054363467862,3.417858597821088,7991.999999999998,1.1594348283223637,0.31892646294505655,
H3b,L32-exit,3p0kW,Xe2,c_up=1/160_c_exit=1/800_c_plume=1/16,facility,success,3.568640214575683,8.589692369157012,-0.5845438857170728,32.871516507905774,93.01516772729975,-0.6466004705353227,-12.274214534570199,1.100456561048141,4.050633947242584,6992.999999999998,1.1393006819835911,0.12096949457804407,
H3b,L32-exit,3p0kW,Xe2,c_up=1/160_c_exit=1/800_c_plume=1/32,facility,success,3.2309538658405934,8.589692369157012,-0.6238568592465579,29.303717726814998,93.01516772729975,-0.6849576424704503,-13.002336734792806,1.0252338410203816,3.6982650906424,5993.999999999999,1.2410888675084526,0.10618271802526558,
H3b,L32-exit,3p0kW,Xe2,c_up=1/160_c_exit=1/800_c_plume=1/8,facility,success,3.609770825273258,8.589692369157012,-0.579755517411211,34.810792053123585,93.01516772729975,-0.6257514456654935,-11.878444015137994,1.172424752383674,4.296664033960926,7991.999999999998,1.1372049217585958,0.13411808065904857,
H3b,L32-exit,3p0kW,Xe2,c_up=1/25_c_exit=1/100_c_plume=1/16,facility,success,6.004958737888888,8.589692369157012,-0.3009110827471681,84.22126907082595,93.01516772729975,-0.0945426307487355,-1.7946731951987345,1.3353328941196998,5.010148888381578,5993.999999999999,0.7184716032450473,0.4719246748257935,
H3b,L32-exit,3p0kW,Xe2,c_up=1/25_c_exit=1/100_c_plume=1/32,facility,success,5.358944653098896,8.589692369157012,-0.37611914108341693,69.49418394650694,93.01516772729975,-0.2528725621368681,-4.80020077159037,2.7134370772215246,14.671150507544208,3995.999999999999,0.771066234853835,0.3600450111563927,
H3b,L32-exit,3p0kW,Xe2,c_up=1/25_c_exit=1/100_c_plume=1/8,facility,success,6.132242433374753,8.589692369157012,-0.2860928925238602,105.40154297368639,93.01516772729975,0.1331651121965484,2.527831682936048,2.5764323774606046,12.55458452925606,5993.999999999999,0.8119394138931055,0.723791988197598,
H3b,L32-exit,3p0kW,Xe2,c_up=1/25_c_exit=1/300_c_plume=1/16,facility,success,4.312989951732893,8.589692369157012,-0.4978877279447706,65.06907257016546,93.01516772729975,-0.30044664585313835,-5.703284725945774,3.539746434030522,21.61720649406515,3995.999999999999,0.9178658153645776,0.3922021206681344,
H3b,L32-exit,3p0kW,Xe2,c_up=1/25_c_exit=1/300_c_plume=1/32,facility,success,3.2170152834531387,8.589692369157012,-0.6254795695589207,49.3277586974047,93.01516772729975,-0.4696804843482844,-8.915797761203073,3.734154435398957,24.328365521463528,3995.999999999999,0.9976513639818416,0.3021821396901022,
H3b,L32-exit,3p0kW,Xe2,c_up=1/25_c_exit=1/300_c_plume=1/8,facility,success,5.092405360681814,8.589692369157012,-0.4071492735913219,80.69004357123221,93.01516772729975,-0.13250660572050074,-2.5153314604219497,1.4702586418716983,5.746672270195017,5993.999999999999,0.9078946682651033,0.5108061103237249,
H3b,L32-exit,3p0kW,Xe2,c_up=1/25_c_exit=1/800_c_plume=1/16,facility,success,4.017429557604781,8.589692369157012,-0.5322964566193132,53.58754188188667,93.01516772729975,-0.4238838332368148,-8.046454254165935,0.9671039077669117,3.5274042950015234,5993.999999999999,1.044081145700379,0.28557392575787444,
H3b,L32-exit,3p0kW,Xe2,c_up=1/25_c_exit=1/800_c_plume=1/32,facility,success,3.935761006186714,8.589692369157012,-0.5418041954192863,48.83737584605871,93.01516772729975,-0.47495255839091455,-9.015875894130824,1.1493584138860893,4.3807878968154235,5993.999999999999,1.1700827420249909,0.2421113069681973,
H3b,L32-exit,3p0kW,Xe2,c_up=1/25_c_exit=1/800_c_plume=1/8,facility,success,3.882853158308228,8.589692369157012,-0.5479636532443957,57.238943631328304,93.01516772729975,-0.3846278512431388,-7.301270223667643,1.7506699871951266,10.793609346111266,5993.999999999999,0.9696464602220112,0.33710982010631285,
H3b,L32-exit,3p0kW,Xe2,c_up=1/64_c_exit=1/100_c_plume=1/16,facility,success,4.94549700823072,8.589692369157012,-0.42425213899527947,72.06947796923103,93.01516772729975,-0.22518574410871278,-4.274630562871168,1.0651347784807876,3.409614419259972,6992.999999999998,0.8025189524779178,0.41959659908375035,
H3b,L32-exit,3p0kW,Xe2,c_up=1/64_c_exit=1/100_c_plume=1/32,facility,success,4.89227121957997,8.589692369157012,-0.43044861104145743,69.55334608280987,93.01516772729975,-0.2522365138691664,-4.788126866222425,1.1843859663194325,4.124578574403306,5993.999999999999,0.8846283979178027,0.3950614747872272,
H3b,L32-exit,3p0kW,Xe2,c_up=1/64_c_exit=1/100_c_plume=1/8,facility,success,5.450937889686733,8.589692369157012,-0.36540941684251665,79.64920362904209,93.01516772729975,-0.14369660803540946,-2.727747775154624,0.7159106091506198,2.7710579419969794,7991.999999999998,0.7620423644795465,0.4649762735596103,
H3b,L32-exit,3p0kW,Xe2,c_up=1/64_c_exit=1/300_c_plume=1/16,facility,success,3.8095018233300584,8.589692369157012,-0.5565031133118542,57.35442165854285,93.01516772729975,-0.38338635450625064,-7.2777032793381435,1.630049487958719,6.709834644764126,4994.999999999999,1.0180538595117974,0.34498862389713253,
H3b,L32-exit,3p0kW,Xe2,c_up=1/64_c_exit=1/300_c_plume=1/32,facility,success,3.8248059769555987,8.589692369157012,-0.5547214251014018,56.07567863854752,93.01516772729975,-0.39713403729003405,-7.538671242602495,1.6748421667716025,7.058374770999339,4994.999999999999,1.0722217900525717,0.32845722352885065,
H3b,L32-exit,3p0kW,Xe2,c_up=1/64_c_exit=1/300_c_plume=1/8,facility,success,3.9525425752063748,8.589692369157012,-0.5398505085701603,62.627060513173866,93.01516772729975,-0.326700558162914,-6.20165453349508,1.4293289585919242,5.375090025297597,5993.999999999999,1.0042535579005893,0.3964483819371143,
H3b,L32-exit,3p0kW,Xe2,c_up=1/64_c_exit=1/800_c_plume=1/16,facility,success,3.383138691264306,8.589692369157012,-0.6061397142216485,54.740856686615494,93.01516772729975,-0.4114846210125237,-7.811083885853931,1.7086892803204043,7.4055659932495,4994.999999999999,1.1680354867908125,0.35386900746580835,
H3b,L32-exit,3p0kW,Xe2,c_up=1/64_c_exit=1/800_c_plume=1/32,facility,success,3.4275128257707017,8.589692369157012,-0.6009737393998109,48.63693223852358,93.01516772729975,-0.47710751453874184,-9.056782752811465,1.5244970109788776,5.954236051378334,3995.999999999999,1.1123163275118715,0.2757353262934959,
H3b,L32-exit,3p0kW,Xe2,c_up=1/64_c_exit=1/800_c_plume=1/8,facility,success,3.658244776555703,8.589692369157012,-0.5741122476409802,59.130322464380875,93.01516772729975,-0.3642937608010543,-6.915274543452832,1.4340525226187508,6.233456388166591,4994.999999999999,1.138534871777395,0.38184480293440215,
H3b,L32-exit,3p0kW,Xe3,c_up=1/160_c_exit=1/100_c_plume=1/16,facility,success,4.2087390515669645,7.400656215822092,-0.43130191042127175,55.85141657501797,95.17124528500324,-0.4131482003018527,-8.024454838772504,1.055318997657704,3.6315321170269597,7991.999999999998,0.8485765102886079,0.27020325609420925,
H3b,L32-exit,3p0kW,Xe3,c_up=1/160_c_exit=1/100_c_plume=1/32,facility,success,3.9902098183405053,7.400656215822092,-0.46083026937398985,58.194612222349924,95.17124528500324,-0.38852736403649824,-7.546251645439452,0.9999283473693686,3.534366669436958,6992.999999999998,0.9780881410655294,0.30941689006315043,
H3b,L32-exit,3p0kW,Xe3,c_up=1/160_c_exit=1/100_c_plume=1/8,facility,success,4.437800367779963,7.400656215822092,-0.4003504232108158,69.63307978691513,95.17124528500324,-0.2683390915145704,-5.2118705098139,1.0452805838047718,3.3942340674431692,8990.999999999998,0.9381486840391615,0.39832506751212976,
H3b,L32-exit,3p0kW,Xe3,c_up=1/160_c_exit=1/300_c_plume=1/16,facility,success,3.9638787839437186,7.400656215822092,-0.4643882017557822,54.97118764445834,95.17124528500324,-0.4223970960993561,-8.204093396029572,0.8999073325244229,3.4797959545430017,7991.999999999998,1.0784220777588098,0.277922729937545,
H3b,L32-exit,3p0kW,Xe3,c_up=1/160_c_exit=1/300_c_plume=1/32,facility,success,3.8146626910280457,7.400656215822092,-0.4845507506655207,45.16625154984934,95.17124528500324,-0.5254212402644007,-10.205100762276304,0.8118934751566749,3.1593965515566045,6992.999999999998,0.9916891359415704,0.19496028387539488,
H3b,L32-exit,3p0kW,Xe3,c_up=1/160_c_exit=1/300_c_plume=1/8,facility,success,4.140891522882614,7.400656215822092,-0.44046968240063983,58.90236842367677,95.17124528500324,-0.38109070394859695,-7.401811604352341,0.9258347088315027,3.309802290335107,7991.999999999998,1.0718915244575267,0.3054540265167031,
H3b,L32-exit,3p0kW,Xe3,c_up=1/160_c_exit=1/800_c_plume=1/16,facility,success,3.384141671820366,7.400656215822092,-0.5427241080885091,36.2435212780881,95.17124528500324,-0.6191757166825763,-12.02606612386023,1.250742953172633,4.965238657458573,6992.999999999998,1.2357822684938546,0.1415097707464578,
H3b,L32-exit,3p0kW,Xe3,c_up=1/160_c_exit=1/800_c_plume=1/32,facility,success,3.5828425058581432,7.400656215822092,-0.5158750249473455,33.2700706238687,95.17124528500324,-0.6504188788931263,-12.63289278798664,1.0118997974084527,4.195029454275856,6992.999999999998,1.1812328137656638,0.11262995744000344,
H3b,L32-exit,3p0kW,Xe3,c_up=1/160_c_exit=1/800_c_plume=1/8,facility,success,3.695264036569394,7.400656215822092,-0.5006842732852291,39.2725892774319,95.17124528500324,-0.5873481621489265,-11.407888981137008,1.2509107785073892,4.461686978299191,7991.999999999998,1.1468528790447676,0.15216255371383122,
H3b,L32-exit,3p0kW,Xe3,c_up=1/25_c_exit=1/100_c_plume=1/16,facility,success,6.631348163847433,7.400656215822092,-0.1039513293875118,99.00746951229348,95.17124528500324,0.0403086480144517,0.7829029035286206,1.3155122049003818,4.777081207339217,5993.999999999999,0.7104744511717117,0.5389001241789296,
H3b,L32-exit,3p0kW,Xe3,c_up=1/25_c_exit=1/100_c_plume=1/32,facility,success,5.570749475625921,7.400656215822092,-0.2472627678994137,78.42850002092698,95.17124528500324,-0.175922309453216,-3.416886788586992,1.9763327458669282,11.57052312140682,4994.999999999999,0.7475637924614431,0.40253938835473085,
H3b,L32-exit,3p0kW,Xe3,c_up=1/25_c_exit=1/100_c_plume=1/8,facility,success,6.764021515447681,7.400656215822092,-0.08602408783876904,95.67290221777628,95.17124528500324,0.005271097706778582,0.10237896587204946,2.5494351814563734,13.056658120551774,5993.999999999999,0.6103771605317314,0.4933408853058048,
H3b,L32-exit,3p0kW,Xe3,c_up=1/25_c_exit=1/300_c_plume=1/16,facility,success,5.010376622812499,7.400656215822092,-0.3229821144643012,79.94213366755325,95.17124528500324,-0.16001799253381996,-3.107981962744897,2.7862921001468917,18.924017217013603,4994.999999999999,0.8189076986292925,0.4650025033578894,
H3b,L32-exit,3p0kW,Xe3,c_up=1/25_c_exit=1/300_c_plume=1/32,facility,success,4.128680263378488,7.400656215822092,-0.4421197062833895,57.13940906660627,95.17124528500324,-0.3996147797005857,-7.761599228244279,3.0742394032145692,20.167373029166445,3995.999999999999,0.8757115132713171,0.2882932210246196,
H3b,L32-exit,3p0kW,Xe3,c_up=1/25_c_exit=1/300_c_plume=1/8,facility,success,5.068162320023659,7.400656215822092,-0.3151739288756208,81.25081811687552,95.17124528500324,-0.14626715376520613,-2.840903503699534,1.5106212324777577,5.987325417992538,5993.999999999999,0.8397404456063724,0.4748748417490557,
H3b,L32-exit,3p0kW,Xe3,c_up=1/25_c_exit=1/800_c_plume=1/16,facility,success,4.089555765020924,7.400656215822092,-0.44740633184963574,60.14022425919697,95.17124528500324,-0.36808408801315057,-7.14918796445026,1.1403229593735154,5.124122543611373,5993.999999999999,1.0460583154916547,0.3224245810926066,
H3b,L32-exit,3p0kW,Xe3,c_up=1/25_c_exit=1/800_c_plume=1/32,facility,success,4.08798702860143,7.400656215822092,-0.4476183044604078,46.91594196515835,95.17124528500324,-0.5070365862644522,-9.84802108568263,0.7529824788719559,2.9094768195178364,5993.999999999999,0.9474137869568847,0.19629333970034055,
H3b,L32-exit,3p0kW,Xe3,c_up=1/25_c_exit=1/800_c_plume=1/8,facility,success,4.243921447516815,7.400656215822092,-0.42654795416065894,64.58822549038669,95.17124528500324,-0.32134726936724994,-6.241432611146235,0.6305738875843576,2.5228636907124184,5993.999999999999,0.8986880644597091,0.3583550766162705,
H3b,L32-exit,3p0kW,Xe3,c_up=1/64_c_exit=1/100_c_plume=1/16,facility,success,5.30989054681921,7.400656215822092,-0.2825108487721629,81.65638908893654,95.17124528500324,-0.14200566731678915,-2.7581339175646344,0.769813051649652,2.4878130436499846,6992.999999999998,0.7759623788987863,0.4577928081418597,
H3b,L32-exit,3p0kW,Xe3,c_up=1/64_c_exit=1/100_c_plume=1/32,facility,success,4.822112027598249,7.400656215822092,-0.34842102011320214,73.15297368005706,95.17124528500324,-0.23135424506645333,-4.493524817335955,1.103908524919086,3.714111932958116,5993.999999999999,0.86148475422492,0.4045766989985819,
H3b,L32-exit,3p0kW,Xe3,c_up=1/64_c_exit=1/100_c_plume=1/8,facility,success,5.684792871210549,7.400656215822092,-0.23185286474233813,84.94849527475925,95.17124528500324,-0.10741427181740212,-2.086275512294691,0.8549953999801937,2.8150869408852306,7991.999999999998,0.7336341829133282,0.4627761063608578,
H3b,L32-exit,3p0kW,Xe3,c_up=1/64_c_exit=1/300_c_plume=1/16,facility,success,4.257814310099717,7.400656215822092,-0.42467070676829927,74.05475606825428,95.17124528500324,-0.22187887899872244,-4.309487595254891,1.2615064620980492,4.472114528507025,5993.999999999999,1.056360291137479,0.46956247884188784,
H3b,L32-exit,3p0kW,Xe3,c_up=1/64_c_exit=1/300_c_plume=1/32,facility,success,3.834375558014375,7.400656215822092,-0.48188708592938767,57.57501047829454,95.17124528500324,-0.39503775215004977,-7.672700980960959,1.4745753806826054,5.730705326038136,4994.999999999999,1.0491074287690547,0.31517197713380746,
H3b,L32-exit,3p0kW,Xe3,c_up=1/64_c_exit=1/300_c_plume=1/8,facility,success,4.65834297786838,7.400656215822092,-0.37055001042891783,74.52088066644032,95.17124528500324,-0.21698113286972973,-4.214360126237332,0.8000526114532437,3.4191840919122316,7991.999999999998,0.9547984701227481,0.4346089730624644,
H3b,L32-exit,3p0kW,Xe3,c_up=1/64_c_exit=1/800_c_plume=1/16,facility,success,4.013560167732822,7.400656215822092,-0.45767509654723487,51.512261323209934,95.17124528500324,-0.4587413333833191,-8.909996726896592,0.9265262499045556,3.8056681544954625,6992.999999999998,1.0666680996801083,0.24102697213139926,
H3b,L32-exit,3p0kW,Xe3,c_up=1/64_c_exit=1/800_c_plume=1/32,facility,success,3.6546469548389195,7.400656215822092,-0.5061725814225045,55.05275354219102,95.17124528500324,-0.4215400525933221,-8.187447294451474,1.3035750517598539,4.7833738229282385,4994.999999999999,1.1030128553602783,0.3023339053919091,
H3b,L32-exit,3p0kW,Xe3,c_up=1/64_c_exit=1/800_c_plume=1/8,facility,success,4.094317243475546,7.400656215822092,-0.44676294586928955,56.72602516946131,95.17124528500324,-0.40395835948570913,-7.845963288886109,0.9005853466572529,4.392324716466585,6992.999999999998,1.008894919216707,0.28652162699484696,
