hypothesis,registration,coil,point,combo,mode,retcode,Id_A,Id_target_A,Id_err_rel,T_mN,T_target_mN,T_err_rel,T_err_sigma,Id_rms_rel,Id_pp_rel,Id_f_dominant_Hz,current_eff,anode_eff,error
H1a,L38-hist,1p6kW,Xe1,c_up=1/160_c_exit=1/100_c_plume=1/16,vacuum,success,3.402433666182852,6.960964151571712,-0.511212298742464,49.61184662078227,72.8,-0.31851859037386987,-4.732276199840352,1.2057609751544713,3.946575866836076,5993.999999999999,1.0526215498529647,0.31343342853673267,
H1a,L38-hist,1p6kW,Xe1,c_up=1/160_c_exit=1/100_c_plume=1/32,vacuum,success,3.099457021658995,6.960964151571712,-0.5547373964051847,46.320647826903794,72.8,-0.3637273650150578,-5.403949423080858,1.0422207793383937,3.3325904342699038,5993.999999999999,1.091418141092778,0.2999354688373249,
H1a,L38-hist,1p6kW,Xe1,c_up=1/160_c_exit=1/100_c_plume=1/8,vacuum,success,3.211376242481836,6.960964151571712,-0.5386592758480532,48.8339937538635,72.8,-0.329203382501875,-4.891021682884999,1.409925161345377,4.8406830205494575,6992.999999999998,0.997032730271118,0.3217492120275813,
H1a,L38-hist,1p6kW,Xe1,c_up=1/160_c_exit=1/300_c_plume=1/16,vacuum,success,3.274820858279891,6.960964151571712,-0.5295449327173347,37.003312698119274,72.8,-0.4917127376631968,-7.3054463881389236,0.9561872999004555,3.3282008433592605,6992.999999999998,1.1133421929190306,0.18115814255302673,
H1a,L38-hist,1p6kW,Xe1,c_up=1/160_c_exit=1/300_c_plume=1/32,vacuum,success,3.321007487081955,6.960964151571712,-0.5229098419746773,31.54334529164516,72.8,-0.5667122899499292,-8.41972545068466,0.8558897589440753,3.194639167806588,5993.999999999999,1.1104938628450562,0.12981050541749506,
H1a,L38-hist,1p6kW,Xe1,c_up=1/160_c_exit=1/300_c_plume=1/8,vacuum,success,3.3222557738984824,6.960964151571712,-0.5227305152622641,37.285520087018405,72.8,-0.487836262540956,-7.247853043465632,1.0064281237243375,3.834646981713409,6992.999999999998,1.0586673675379972,0.18130573481574574,
H1a,L38-hist,1p6kW,Xe1,c_up=1/160_c_exit=1/800_c_plume=1/16,vacuum,success,2.885390918053772,6.960964151571712,-0.5854897604375278,24.112158133712054,72.8,-0.6687890366248345,-9.936294258426111,1.165757254178126,4.248854074396757,5993.999999999999,1.218514927331376,0.08730350934368657,
H1a,L38-hist,1p6kW,Xe1,c_up=1/160_c_exit=1/800_c_plume=1/32,vacuum,success,2.8625058136650736,6.960964151571712,-0.5887773947207083,20.147379594617995,72.8,-0.7232502802937089,-10.745432735792246,1.0066657498991012,3.871506991505317,5993.999999999999,1.2068474345167377,0.06144053039351882,
H1a,L38-hist,1p6kW,Xe1,c_up=1/160_c_exit=1/800_c_plume=1/8,vacuum,success,3.2076777925921394,6.960964151571712,-0.5391905887250001,25.9842055935668,72.8,-0.643074098989467,-9.554243756414937,1.1391077627505006,4.131412207413568,5993.999999999999,1.1265212123712376,0.09119947656420721,
H1a,L38-hist,1p6kW,Xe1,c_up=1/25_c_exit=1/100_c_plume=1/16,vacuum,success,4.540326130060573,6.960964151571712,-0.3477446469774714,61.374607132143,72.8,-0.15694220972331055,-2.331712830174899,1.2172796911569175,4.4447119903941275,5993.999999999999,0.7616283774981898,0.35946333282758486,
H1a,L38-hist,1p6kW,Xe1,c_up=1/25_c_exit=1/100_c_plume=1/32,vacuum,success,3.4396688466395657,6.960964151571712,-0.5058631574962321,45.750320638054866,72.8,-0.37156152969704864,-5.520342726927579,3.269443578596083,20.991341451728204,6992.999999999998,0.8643282889908352,0.2636548998479077,
H1a,L38-hist,1p6kW,Xe1,c_up=1/25_c_exit=1/100_c_plume=1/8,vacuum,success,5.347221575001649,6.960964151571712,-0.23182745111619302,72.96824828588043,72.8,0.0023111028280278336,0.03433638487355638,1.1746230822174755,4.429901269774454,5993.999999999999,0.6984955344648179,0.43142355777780905,
H1a,L38-hist,1p6kW,Xe1,c_up=1/25_c_exit=1/300_c_plume=1/16,vacuum,success,3.0116658808612202,6.960964151571712,-0.5673493189616243,46.316133237146936,72.8,-0.36378937861061905,-5.4048707679291965,3.414393583095265,22.36496407833917,3995.999999999999,0.9071683540880582,0.3086185282389787,
H1a,L38-hist,1p6kW,Xe1,c_up=1/25_c_exit=1/300_c_plume=1/32,vacuum,success,3.936193479850769,6.960964151571712,-0.43453329249483086,65.90459529167991,72.8,-0.09471709764175948,-1.4072254506775694,2.8306912983494192,14.727370369447138,9989.999999999998,0.968072380752956,0.4781004503698,
H1a,L38-hist,1p6kW,Xe1,c_up=1/25_c_exit=1/300_c_plume=1/8,vacuum,success,4.04571610761232,6.960964151571712,-0.4187994623275226,55.527438904792305,72.8,-0.23726045460450138,-3.5250124684097344,1.1928387039568713,4.341806344743796,5993.999999999999,0.8510741709826805,0.33020532824634485,
H1a,L38-hist,1p6kW,Xe1,c_up=1/25_c_exit=1/800_c_plume=1/16,vacuum,success,3.469223834141858,6.960964151571712,-0.5016173394085726,40.968600172443615,72.8,-0.4372445031257745,-6.496204046440078,0.38859246374369216,2.0585396278679835,5993.999999999999,1.0636176405113686,0.20962067943680465,
H1a,L38-hist,1p6kW,Xe1,c_up=1/25_c_exit=1/800_c_plume=1/32,vacuum,success,3.4830698857946185,6.960964151571712,-0.4996282397161637,33.51139394970245,72.8,-0.5396786545370543,-8.018082867407664,0.2789070668395722,1.6903226439163446,5993.999999999999,1.0473435308058106,0.13969697229965677,
H1a,L38-hist,1p6kW,Xe1,c_up=1/25_c_exit=1/800_c_plume=1/8,vacuum,success,3.5577097595452076,6.960964151571712,-0.48890560530441546,44.153230535486585,72.8,-0.39349958055650297,-5.846279482553758,0.7673195832987415,4.188938869359051,5993.999999999999,1.01756866688076,0.23742073771914654,
H1a,L38-hist,1p6kW,Xe1,c_up=1/64_c_exit=1/100_c_plume=1/16,vacuum,success,4.42616105526325,6.960964151571712,-0.3641454030094567,65.93209739027704,72.8,-0.0943393215621286,-1.4016127774944818,0.38840014972359177,1.3864519867500058,4994.999999999999,0.8639632440891378,0.42553057068949346,
H1a,L38-hist,1p6kW,Xe1,c_up=1/64_c_exit=1/100_c_plume=1/32,vacuum,success,3.7836553975797322,6.960964151571712,-0.45644664802282847,57.299013732769154,72.8,-0.2129256355388853,-3.163466585149153,1.463342315707694,5.299578247944987,4994.999999999999,0.9624364418746421,0.37596456429947683,
H1a,L38-hist,1p6kW,Xe1,c_up=1/64_c_exit=1/100_c_plume=1/8,vacuum,success,4.398593513499598,6.960964151571712,-0.3681057080998697,61.09602268512428,72.8,-0.16076891916038077,-2.388566798954228,0.7448200519289083,2.710056627872979,6992.999999999998,0.7969348850854943,0.3676852801694777,
H1a,L38-hist,1p6kW,Xe1,c_up=1/64_c_exit=1/300_c_plume=1/16,vacuum,success,3.015139395793649,6.960964151571712,-0.5668503198493182,45.9804583870586,72.8,-0.3684002968810633,-5.473375839375797,2.838324687548738,15.187150525247974,3995.999999999999,0.9872111683576533,0.303810929431893,
H1a,L38-hist,1p6kW,Xe1,c_up=1/64_c_exit=1/300_c_plume=1/32,vacuum,success,2.4319736029027856,6.960964151571712,-0.650626903120357,36.77145561039443,72.8,-0.4948975877693073,-7.352764161143994,2.244041757031635,11.255338035775006,3995.999999999999,1.0576417233531685,0.24089455442589178,
H1a,L38-hist,1p6kW,Xe1,c_up=1/64_c_exit=1/300_c_plume=1/8,vacuum,success,3.2828231908443497,6.960964151571712,-0.5283953315428118,55.88784585305469,72.8,-0.23230980971078719,-3.451460029988838,2.803861176171166,16.661444788394483,3995.999999999999,1.0194928818672675,0.4122412474721234,
H1a,L38-hist,1p6kW,Xe1,c_up=1/64_c_exit=1/800_c_plume=1/16,vacuum,success,3.1801020680034036,6.960964151571712,-0.543152069345829,32.24686133722902,72.8,-0.5570486080050958,-8.27615074750428,1.1421793036755938,5.5009116719760405,5993.999999999999,1.1498177388776596,0.14167657081936486,
H1a,L38-hist,1p6kW,Xe1,c_up=1/64_c_exit=1/800_c_plume=1/32,vacuum,success,3.132437827878798,6.960964151571712,-0.549999431160477,27.159427675350244,72.8,-0.6269309385254087,-9.314402515234642,1.1125280235691628,4.131001974126884,5993.999999999999,1.2072235445834811,0.10202884337257757,
H1a,L38-hist,1p6kW,Xe1,c_up=1/64_c_exit=1/800_c_plume=1/8,vacuum,success,3.2134446932871734,6.960964151571712,-0.5383621258038498,37.57009091606077,72.8,-0.4839273225815829,-7.18977736406923,1.1672917762475146,4.836741408310301,5993.999999999999,1.1811495184652494,0.190317120367218,
H1a,L38-hist,1p6kW,Xe2,c_up=1/160_c_exit=1/100_c_plume=1/16,vacuum,success,3.304883253899908,8.044447084198758,-0.5891721060119224,50.04056564272252,83.4,-0.39999321771315927,-6.8080478280158125,1.4833944723866457,5.291237156529124,5993.999999999999,0.9951720510525426,0.3027104740916275,
H1a,L38-hist,1p6kW,Xe2,c_up=1/160_c_exit=1/100_c_plume=1/32,vacuum,success,3.3827323691852933,8.044447084198758,-0.5794947329780069,51.272585065348686,83.4,-0.38522080257375674,-6.556615292785982,1.155804657110763,3.993191508758838,5993.999999999999,1.041493267628985,0.31048594097175924,
H1a,L38-hist,1p6kW,Xe2,c_up=1/160_c_exit=1/100_c_plume=1/8,vacuum,success,3.676924506124473,8.044447084198758,-0.5429238992264809,58.43647116817761,83.4,-0.29932288767173126,-5.0945977207800786,1.3614387863838855,4.591113471145313,6992.999999999998,0.9838159578255992,0.37104142692750947,
H1a,L38-hist,1p6kW,Xe2,c_up=1/160_c_exit=1/300_c_plume=1/16,vacuum,success,3.2476543930902526,8.044447084198758,-0.5962861885847404,42.4633016554444,83.4,-0.4908477019730888,-8.354428233582775,1.0518737111686272,4.1312372396917825,6992.999999999998,1.1931684478120688,0.22181803905317515,
H1a,L38-hist,1p6kW,Xe2,c_up=1/160_c_exit=1/300_c_plume=1/32,vacuum,success,3.0743036560787567,8.044447084198758,-0.6178353062801006,33.78425149182765,83.4,-0.5949130516567427,-10.125662960851498,0.9507564941434041,3.507459329739468,6992.999999999998,1.0749450376462197,0.1483272659083381,
H1a,L38-hist,1p6kW,Xe2,c_up=1/160_c_exit=1/300_c_plume=1/8,vacuum,success,3.310391148012955,8.044447084198758,-0.5884874232667445,39.149023096102894,83.4,-0.5305872530443299,-9.030811613040225,1.0367844265051216,4.132732143171035,6992.999999999998,0.9966231222036437,0.1849701706037751,
H1a,L38-hist,1p6kW,Xe2,c_up=1/160_c_exit=1/800_c_plume=1/16,vacuum,success,2.9919049211879036,8.044447084198758,-0.6280782395766231,24.791356867899076,83.4,-0.7027415243657186,-11.96094757797978,1.211489636529414,4.360783940417538,5993.999999999999,1.1156105809706205,0.08207142163287427,
H1a,L38-hist,1p6kW,Xe2,c_up=1/160_c_exit=1/800_c_plume=1/32,vacuum,success,2.9981883187489027,8.044447084198758,-0.6272971545007648,23.264958793977044,83.4,-0.7210436595446398,-12.272457388984277,1.0680406483934393,3.7799069370367513,5993.999999999999,1.1991311530356141,0.07212483256149897,
H1a,L38-hist,1p6kW,Xe2,c_up=1/160_c_exit=1/800_c_plume=1/8,vacuum,success,3.230048619084869,8.044447084198758,-0.5984747509335394,30.13121956749544,83.4,-0.6387143936751146,-10.871179680102971,1.241221487233914,4.440659994198653,6992.999999999998,1.148410054523251,0.11229579946144526,
H1a,L38-hist,1p6kW,Xe2,c_up=1/25_c_exit=1/100_c_plume=1/16,vacuum,success,4.96495017618744,8.044447084198758,-0.38281026349967495,72.11046766926759,83.4,-0.1353660950927147,-2.3039861899453884,1.2180976003431905,4.5174090555327,5993.999999999999,0.7688152460022978,0.4184281363259256,
H1a,L38-hist,1p6kW,Xe2,c_up=1/25_c_exit=1/100_c_plume=1/32,vacuum,success,4.588043791824923,8.044447084198758,-0.4296632517060182,71.95774605903165,83.4,-0.13719728946005225,-2.335153865503746,2.7997398117734535,17.498453641623428,3995.999999999999,0.9105873122766327,0.4508859460943902,
H1a,L38-hist,1p6kW,Xe2,c_up=1/25_c_exit=1/100_c_plume=1/8,vacuum,success,5.50370148144145,8.044447084198758,-0.3158384381380229,74.19361531823792,83.4,-0.11038830553671569,-1.8788540166861405,1.1895675028163128,4.809613248024488,5993.999999999999,0.6282977683145711,0.3995925185057433,
H1a,L38-hist,1p6kW,Xe2,c_up=1/25_c_exit=1/300_c_plume=1/16,vacuum,success,3.8633684403807695,8.044447084198758,-0.5197471746729044,54.171707002713866,83.4,-0.35045914864851485,-5.964957754548191,2.8736721547934403,17.59019360808517,3995.999999999999,0.8662512081697256,0.30347160690818853,
H1a,L38-hist,1p6kW,Xe2,c_up=1/25_c_exit=1/300_c_plume=1/32,vacuum,success,3.4524737988534446,8.044447084198758,-0.570825221085121,63.267504063904326,83.4,-0.24139683376613516,-4.108672640019525,3.2806549008579102,19.68752336419217,6992.999999999998,1.0787959778729133,0.4632017188845596,
H1a,L38-hist,1p6kW,Xe2,c_up=1/25_c_exit=1/300_c_plume=1/8,vacuum,success,4.219199626732672,8.044447084198758,-0.4755140306634372,69.74432998201188,83.4,-0.16373705057539711,-2.786871432242473,1.0976504712536634,3.705396911502645,5993.999999999999,0.9205830848970025,0.4606031346926539,
H1a,L38-hist,1p6kW,Xe2,c_up=1/25_c_exit=1/800_c_plume=1/16,vacuum,success,3.615359729169671,8.044447084198758,-0.5505769767233458,45.62056832876963,83.4,-0.45299078742482457,-7.7100880961694624,0.3413458376601246,1.6525950536717688,5993.999999999999,1.0022986941828025,0.22999003366117923,
H1a,L38-hist,1p6kW,Xe2,c_up=1/25_c_exit=1/800_c_plume=1/32,vacuum,success,3.5069532211932657,8.044447084198758,-0.5640529194254045,38.0639951335263,83.4,-0.5435971806531619,-9.25224589111708,0.19815551707421256,1.0101211420338592,5993.999999999999,1.0019041467922833,0.16505850826615462,
H1a,L38-hist,1p6kW,Xe2,c_up=1/25_c_exit=1/800_c_plume=1/8,vacuum,success,3.5169805172408988,8.044447084198758,-0.56280643275669,48.64931079224882,83.4,-0.41667493054857535,-7.091977389336976,0.5189014838317723,2.5339323163054406,5993.999999999999,1.0105101003991606,0.268857757555011,
H1a,L38-hist,1p6kW,Xe2,c_up=1/64_c_exit=1/100_c_plume=1/16,vacuum,success,4.300814248571122,8.044447084198758,-0.4653685699519408,62.66019106133157,83.4,-0.2486787642526191,-4.232614069116006,0.5004328066916943,2.615942696546234,6992.999999999998,0.849013823316434,0.3647303421939399,
H1a,L38-hist,1p6kW,Xe2,c_up=1/64_c_exit=1/100_c_plume=1/32,vacuum,success,3.994123405875379,8.044447084198758,-0.5034931097103237,59.806497290841904,83.4,-0.2828957159371474,-4.815000552889407,1.1756454646953598,4.901816158895106,4994.999999999999,0.8965265147417476,0.35777863817084327,
H1a,L38-hist,1p6kW,Xe2,c_up=1/64_c_exit=1/100_c_plume=1/8,vacuum,success,4.517052811568155,8.044447084198758,-0.4384880944222082,63.18519577716418,83.4,-0.24238374367908658,-4.12547024955833,0.8043363813934631,3.0835223829052296,6992.999999999998,0.7538739958821483,0.35311376962860963,
H1a,L38-hist,1p6kW,Xe2,c_up=1/64_c_exit=1/300_c_plume=1/16,vacuum,success,3.569161583619221,8.044447084198758,-0.5563198382360026,56.59850153066027,83.4,-0.3213608929177425,-5.469693565171372,2.4127689923917597,14.24135193146748,3995.999999999999,0.9653991949632632,0.3585773117253407,
H1a,L38-hist,1p6kW,Xe2,c_up=1/64_c_exit=1/300_c_plume=1/32,vacuum,success,3.046504648192212,8.044447084198758,-0.621290982922085,49.251514617194665,83.4,-0.40945426118471623,-6.969078649552109,2.5249144792448774,12.939028909369368,3995.999999999999,1.0461124402682294,0.3181093885194826,
H1a,L38-hist,1p6kW,Xe2,c_up=1/64_c_exit=1/300_c_plume=1/8,vacuum,success,3.712413317093415,8.044447084198758,-0.5385123081503647,53.618347073130955,83.4,-0.35709415979459286,-6.077888352422253,0.9537901407014607,4.336178206383486,6992.999999999998,0.9629615966584928,0.30939242158140506,
H1a,L38-hist,1p6kW,Xe2,c_up=1/64_c_exit=1/800_c_plume=1/16,vacuum,success,3.519967294830441,8.044447084198758,-0.5624351483715384,36.22683803918074,83.4,-0.565625443175291,-9.627175910371276,1.0658191240960273,4.380875519117147,5993.999999999999,1.0764091543957632,0.14895715914821617,
H1a,L38-hist,1p6kW,Xe2,c_up=1/64_c_exit=1/800_c_plume=1/32,vacuum,success,2.8789322841892266,8.044447084198758,-0.6421217948161848,27.9124333834816,83.4,-0.6653185445625708,-11.323993187044572,1.1535853638093334,6.197673561833084,5993.999999999999,1.1353308142638316,0.10811926873043148,
H1a,L38-hist,1p6kW,Xe2,c_up=1/64_c_exit=1/800_c_plume=1/8,vacuum,success,3.3070423163051847,8.044447084198758,-0.5889037143645315,42.226188709042304,83.4,-0.49369078286520024,-8.402818630807692,1.1733835006842288,4.433534657003757,5993.999999999999,1.1994341352738511,0.21540866379743923,
H1a,L38-hist,1p6kW,Xe3,c_up=1/160_c_exit=1/100_c_plume=1/16,vacuum,success,3.7800955005601375,6.946746435450754,-0.4558466275277459,65.55817205059708,86.8,-0.24472152015441154,-4.335066928449575,1.3774179962087667,4.697740805109724,6992.999999999998,1.068358561205826,0.4145005314991644,
H1a,L38-hist,1p6kW,Xe3,c_up=1/160_c_exit=1/100_c_plume=1/32,vacuum,success,3.619828407608996,6.946746435450754,-0.4789174412446917,59.56062297193944,86.8,-0.31381770769655026,-5.55905653633889,1.1508978754442205,3.4809504294846465,5993.999999999999,1.046447778517371,0.3572766812815117,
H1a,L38-hist,1p6kW,Xe3,c_up=1/160_c_exit=1/100_c_plume=1/8,vacuum,success,3.9170573902470314,6.946746435450754,-0.43613065099692744,65.23930066628083,86.8,-0.24839515361427625,-4.400142721167179,1.34316532860083,4.530770566854275,6992.999999999998,0.9384699134790048,0.3961255468365943,
H1a,L38-hist,1p6kW,Xe3,c_up=1/160_c_exit=1/300_c_plume=1/16,vacuum,success,3.374897706954462,6.946746435450754,-0.5141757744702431,45.613837516078384,86.8,-0.4744949594921845,-8.405339282432982,1.0292268973555163,3.6971373876117433,6992.999999999998,1.1591303591299782,0.22475367456957593,
H1a,L38-hist,1p6kW,Xe3,c_up=1/160_c_exit=1/300_c_plume=1/32,vacuum,success,3.423653408219359,6.946746435450754,-0.5071572800256947,39.681169485135335,86.8,-0.5428436695260906,-9.61608786017646,0.9194835785923655,4.079445101511736,6992.999999999998,1.074242905002447,0.16766921312014868,
H1a,L38-hist,1p6kW,Xe3,c_up=1/160_c_exit=1/300_c_plume=1/8,vacuum,success,3.369596440358068,6.946746435450754,-0.5149389038928661,43.477297552767304,86.8,-0.4991094751985334,-8.84136784637402,1.0931975720129319,4.3507280051251636,6992.999999999998,0.9720589157549825,0.20451321911214543,
H1a,L38-hist,1p6kW,Xe3,c_up=1/160_c_exit=1/800_c_plume=1/16,vacuum,success,3.357449496630307,6.946746435450754,-0.5166874841585531,30.700486271488483,86.8,-0.646307761849211,-11.44888035275745,1.1909016860901829,4.643962573675638,6992.999999999998,1.1222174866142112,0.10234230934677441,
H1a,L38-hist,1p6kW,Xe3,c_up=1/160_c_exit=1/800_c_plume=1/32,vacuum,success,3.2277210771537184,6.946746435450754,-0.5353621861477543,23.420862623948995,86.8,-0.7301743937333066,-12.934517831847144,1.0856412537555618,4.434493568476352,5993.999999999999,1.088065422421132,0.06195608510115645,
H1a,L38-hist,1p6kW,Xe3,c_up=1/160_c_exit=1/800_c_plume=1/8,vacuum,success,3.157166087937728,6.946746435450754,-0.5455187378330056,30.68241710748503,86.8,-0.6465159319414167,-11.452567937247952,1.3278193533904108,4.983734201843914,6992.999999999998,1.0982803052549062,0.1087065974242573,
H1a,L38-hist,1p6kW,Xe3,c_up=1/25_c_exit=1/100_c_plume=1/16,vacuum,success,5.4407498394281415,6.946746435450754,-0.2167916462787795,79.20739792120254,86.8,-0.08747237417969422,-1.5495106283260118,1.184286882926825,4.1893181047829495,5993.999999999999,0.6926199572043817,0.4203847248966818,
H1a,L38-hist,1p6kW,Xe3,c_up=1/25_c_exit=1/100_c_plume=1/32,vacuum,success,5.110602873108137,6.946746435450754,-0.26431705538759526,76.75725947013947,86.8,-0.11569977568963738,-2.049538883645005,1.0224234418637586,4.160702433920059,4994.999999999999,0.7971906962942407,0.42028218198783746,
H1a,L38-hist,1p6kW,Xe3,c_up=1/25_c_exit=1/100_c_plume=1/8,vacuum,success,6.28848462706793,6.946746435450754,-0.0947582892940457,94.77169046632264,86.8,0.09183975191615941,1.6268756053719664,0.9728814470503186,3.6609393975045883,5993.999999999999,0.6407324036764632,0.520697441164658,
H1a,L38-hist,1p6kW,Xe3,c_up=1/25_c_exit=1/300_c_plume=1/16,vacuum,success,4.360019188370688,6.946746435450754,-0.37236528943671177,68.98163234932697,86.8,-0.20528073330268468,-3.6364015613618426,1.1240717229072759,3.875766528475,5993.999999999999,0.8654952222597335,0.39788056501211594,
H1a,L38-hist,1p6kW,Xe3,c_up=1/25_c_exit=1/300_c_plume=1/32,vacuum,success,3.090470838604428,6.946746435450754,-0.5551196711552497,53.591375374580934,86.8,-0.3825878413066713,-6.777270331718176,3.6485833651517052,24.276150946602375,6992.999999999998,0.9779276308345175,0.33879683795718185,
H1a,L38-hist,1p6kW,Xe3,c_up=1/25_c_exit=1/300_c_plume=1/8,vacuum,success,4.439783965689523,6.946746435450754,-0.3608829677397835,75.82233754907196,86.8,-0.12647076556368714,-2.2403392756996006,1.0953042240921356,3.7233212054301696,5993.999999999999,0.8849174930431114,0.4720703159090456,
H1a,L38-hist,1p6kW,Xe3,c_up=1/25_c_exit=1/800_c_plume=1/16,vacuum,failure,,,,,,,,,,,,,
H1a,L38-hist,1p6kW,Xe3,c_up=1/25_c_exit=1/800_c_plume=1/32,vacuum,success,3.6157650013341427,6.946746435450754,-0.47950237784956284,47.78032469498318,86.8,-0.4495354297812998,-7.963199041840166,0.09753225583100147,0.46922167309083856,87911.99999999999,1.0789971537815668,0.23018243984156858,
H1a,L38-hist,1p6kW,Xe3,c_up=1/25_c_exit=1/800_c_plume=1/8,vacuum,success,3.802639648551199,6.946746435450754,-0.45260134598471824,57.22561623967132,86.8,-0.3407187069162291,-6.035588522516057,0.554123599368975,2.429767030935898,5993.999999999999,0.9766190887853561,0.31395685973800974,
H1a,L38-hist,1p6kW,Xe3,c_up=1/64_c_exit=1/100_c_plume=1/16,vacuum,success,4.475960546003942,6.946746435450754,-0.35567526645824515,68.89097089871447,86.8,-0.20632522006089318,-3.654903898221536,0.7280372466891898,2.7709129658858376,6992.999999999998,0.8105154449482476,0.3865561200518078,
H1a,L38-hist,1p6kW,Xe3,c_up=1/64_c_exit=1/100_c_plume=1/32,vacuum,success,4.349218442658134,6.946746435450754,-0.3739200814264461,70.0627436099158,86.8,-0.19282553444797473,-3.415766610221266,0.666108421871203,2.3291666983966763,4994.999999999999,0.8377490962826871,0.41146912345375336,
H1a,L38-hist,1p6kW,Xe3,c_up=1/64_c_exit=1/100_c_plume=1/8,vacuum,success,4.475642507821225,6.946746435450754,-0.3557210487803254,62.337453580057705,86.8,-0.2818265716583214,-4.992356412233121,0.9395647421239368,3.247766917569964,7991.999999999998,0.6763153037553451,0.31653148708315737,
H1a,L38-hist,1p6kW,Xe3,c_up=1/64_c_exit=1/300_c_plume=1/16,vacuum,success,3.7665500092870725,6.946746435450754,-0.4577965319036908,57.47015853901015,86.8,-0.3379013993201596,-5.985681930814255,0.700581174566565,3.6554254161230455,5993.999999999999,0.9471273738993633,0.31967983674270317,
H1a,L38-hist,1p6kW,Xe3,c_up=1/64_c_exit=1/300_c_plume=1/32,vacuum,success,3.759451770949438,6.946746435450754,-0.4588183395086741,55.44902186147076,86.8,-0.3611863840844382,-6.3981588037814765,1.975151938585788,8.557923460473345,3995.999999999999,0.9402001285750584,0.29815181232976096,
H1a,L38-hist,1p6kW,Xe3,c_up=1/64_c_exit=1/300_c_plume=1/8,vacuum,success,4.006216047937483,6.946746435450754,-0.42329605878618326,60.9898447024576,86.8,-0.29735201955694013,-5.26737863215151,0.9653669698354694,4.273981967436227,6992.999999999998,0.9334559575207141,0.3384970445246413,
H1a,L38-hist,1p6kW,Xe3,c_up=1/64_c_exit=1/800_c_plume=1/16,vacuum,success,3.2020939046175014,6.946746435450754,-0.5390512761086943,35.22921791389255,86.8,-0.5941334341717449,-10.52464940532805,1.4099313689086037,5.62601199125851,5993.999999999999,1.0813230300364296,0.14130129186781035,
H1a,L38-hist,1p6kW,Xe3,c_up=1/64_c_exit=1/800_c_plume=1/32,vacuum,success,3.4119424565324,6.946746435450754,-0.5088430982422911,34.351019179182764,86.8,-0.604250931115406,-10.703873636901475,1.1786900342782087,5.256574178704922,5993.999999999999,1.1022190587283203,0.12608161065514456,
H1a,L38-hist,1p6kW,Xe3,c_up=1/64_c_exit=1/800_c_plume=1/8,vacuum,success,3.301536321220122,6.946746435450754,-0.5247363133377567,41.84442715125914,86.8,-0.5179213461836505,-9.174606703824665,1.4027068440402186,5.333266342878657,5993.999999999999,1.056552372646462,0.19334518742308845,
H1b,L38-hist,3p0kW,Xe1,c_up=1/160_c_exit=1/100_c_plume=1/16,vacuum,success,2.442955808882411,6.960964151571712,-0.6490492185151079,36.84744997792216,72.8,-0.4938537090944759,-7.337255106546499,2.71226912107708,13.981612464217251,3995.999999999999,1.0265401626938684,0.24080386897669265,
H1b,L38-hist,3p0kW,Xe1,c_up=1/160_c_exit=1/100_c_plume=1/32,vacuum,success,2.5316712906654693,6.960964151571712,-0.6363045067408019,37.53596346366871,72.8,-0.48439610626828705,-7.196742150271692,1.6937366378730003,7.183831376187767,3995.999999999999,1.1627936928122211,0.24113042645662108,
H1b,L38-hist,3p0kW,Xe1,c_up=1/160_c_exit=1/100_c_plume=1/8,vacuum,success,2.456631195557494,6.960964151571712,-0.6470846362564858,36.39601327481238,72.8,-0.5000547627086211,-7.429385045956655,3.053819998816322,17.34317944108239,3995.999999999999,1.0110036629311314,0.23363175029904412,
H1b,L38-hist,3p0kW,Xe1,c_up=1/160_c_exit=1/300_c_plume=1/16,vacuum,success,2.479713345483135,6.960964151571712,-0.6437686947542688,37.546520075467434,72.8,-0.4842510978644584,-7.194587739700524,1.6783675217239677,6.906711225499672,3995.999999999999,1.0554763265844973,0.24632137440251176,
H1b,L38-hist,3p0kW,Xe1,c_up=1/160_c_exit=1/300_c_plume=1/32,vacuum,success,2.723054816211504,6.960964151571712,-0.6088106824114778,33.707549716279104,72.8,-0.5369842071939684,-7.978051078310387,0.8968023689305537,3.099373475810525,3995.999999999999,1.0786302059835935,0.18078491070114294,
H1b,L38-hist,3p0kW,Xe1,c_up=1/160_c_exit=1/300_c_plume=1/8,vacuum,success,2.4383756447430414,6.960964151571712,-0.6497071969272414,41.479699999033095,72.8,-0.4302239011121828,-6.391897959381001,2.091565101371133,9.894735989635658,3995.999999999999,1.1435379474777165,0.3057277056330211,
H1b,L38-hist,3p0kW,Xe1,c_up=1/160_c_exit=1/800_c_plume=1/16,vacuum,success,3.016337747709368,6.960964151571712,-0.5666781666978833,25.691910351697782,72.8,-0.647089143520635,-9.613895846592289,0.9892487399589113,3.7884093626784954,4994.999999999999,1.1787062860969841,0.09481499408886923,
H1b,L38-hist,3p0kW,Xe1,c_up=1/160_c_exit=1/800_c_plume=1/32,vacuum,success,2.677035088273159,6.960964151571712,-0.6154217964664115,23.610397640651716,72.8,-0.675681351089949,-10.03869435905067,0.9140550951157742,3.443898502659107,4994.999999999999,1.2432526154964791,0.09022289011845516,
H1b,L38-hist,3p0kW,Xe1,c_up=1/160_c_exit=1/800_c_plume=1/8,vacuum,success,3.0365016765155834,6.960964151571712,-0.5637814517648431,30.460649908678374,72.8,-0.581584479276396,-8.640683692106453,1.0567879637392428,3.626176966124003,5993.999999999999,1.2589512954183737,0.13239421249625385,
H1b,L38-hist,3p0kW,Xe1,c_up=1/25_c_exit=1/100_c_plume=1/16,vacuum,success,5.34527473192366,6.960964151571712,-0.2321071312058469,78.472170821551,72.8,0.07791443436196425,1.157585881949183,1.1443403120698907,4.053452722605622,4994.999999999999,0.8273369211997007,0.4991435893731749,
H1b,L38-hist,3p0kW,Xe1,c_up=1/25_c_exit=1/100_c_plume=1/32,vacuum,success,4.660194471474793,6.960964151571712,-0.3305245695852965,68.26744796019945,72.8,-0.062260330217040666,-0.9250106203674613,3.1129719787003185,17.463681655983528,9989.999999999998,0.876983516846143,0.43329880478165295,
H1b,L38-hist,3p0kW,Xe1,c_up=1/25_c_exit=1/100_c_plume=1/8,vacuum,success,5.1292958501395,6.960964151571712,-0.26313428162370883,71.87128661562475,72.8,-0.012757051983176532,-0.1895333437500513,1.4125863981119482,5.974254134475452,5993.999999999999,0.7243527984583961,0.4363322216191271,
H1b,L38-hist,3p0kW,Xe1,c_up=1/25_c_exit=1/300_c_plume=1/16,vacuum,success,3.0704311580003627,6.960964151571712,-0.5589072014819827,48.76839708118347,72.8,-0.3301044356980292,-4.904408758942148,3.4750076808720203,21.649603537456805,6992.999999999998,0.916091277389969,0.33561533298703494,
H1b,L38-hist,3p0kW,Xe1,c_up=1/25_c_exit=1/300_c_plume=1/32,vacuum,success,4.028505286857686,6.960964151571712,-0.42127193889540543,64.46083170681945,72.8,-0.11454901501621644,-1.7018710802409298,2.7185946704964823,13.777040686303044,9989.999999999998,0.9980825470104882,0.44690176203490933,
H1b,L38-hist,3p0kW,Xe1,c_up=1/25_c_exit=1/300_c_plume=1/8,vacuum,success,3.9744783535317842,6.960964151571712,-0.429033354146151,59.61391408162612,72.8,-0.18112755382381707,-2.691037942525282,1.02362076805731,4.418463234306547,5993.999999999999,0.9046429201233784,0.3874175890728323,
H1b,L38-hist,3p0kW,Xe1,c_up=1/25_c_exit=1/800_c_plume=1/16,vacuum,success,3.31556760124321,6.960964151571712,-0.523691326510482,39.90756114154609,72.8,-0.45181921508865264,-6.712742624174267,0.6982974415905262,2.654501710264487,4994.999999999999,1.1009755597201392,0.20812137366529487,
H1b,L38-hist,3p0kW,Xe1,c_up=1/25_c_exit=1/800_c_plume=1/32,vacuum,success,3.4065815232745473,6.960964151571712,-0.5106164248087132,34.63252309908176,72.8,-0.524278528858767,-7.789281000187395,0.3716400980373938,1.4719269085128561,4994.999999999999,1.1044583652318942,0.15255051357839328,
H1b,L38-hist,3p0kW,Xe1,c_up=1/25_c_exit=1/800_c_plume=1/8,vacuum,success,3.297711348352514,6.960964151571712,-0.526256524736171,43.9315701552,72.8,-0.396544366,-5.8915162948571425,0.7280747527266579,2.691374496497109,4994.999999999999,1.082593896793326,0.25357416729648574,
H1b,L38-hist,3p0kW,Xe1,c_up=1/64_c_exit=1/100_c_plume=1/16,vacuum,success,3.4389198060029176,6.960964151571712,-0.5059707633709842,52.05209411194387,72.8,-0.2849987072535183,-4.234266507766557,2.8910302530965653,15.92252715903159,3995.999999999999,1.0129750396833366,0.34136466102380586,
H1b,L38-hist,3p0kW,Xe1,c_up=1/64_c_exit=1/100_c_plume=1/32,vacuum,success,3.410944327574636,6.960964151571712,-0.509989671932949,51.04605362414847,72.8,-0.29881794472323536,-4.439580893030924,2.5971180771764613,13.884989618842393,3995.999999999999,1.0646655317614047,0.3309892655449722,
H1b,L38-hist,3p0kW,Xe1,c_up=1/64_c_exit=1/100_c_plume=1/8,vacuum,success,4.231604204637224,6.960964151571712,-0.392095101699127,62.26371518342676,72.8,-0.1447291870408412,-2.150262207463926,2.569135635417178,13.822220306193254,8990.999999999998,0.9357191571804525,0.3969439775370815,
H1b,L38-hist,3p0kW,Xe1,c_up=1/64_c_exit=1/300_c_plume=1/16,vacuum,success,2.6636151947840734,6.960964151571712,-0.6173496750184158,40.61498862105651,72.8,-0.4421018046558172,-6.5683696691721405,3.210378183851435,19.65006308202343,2996.9999999999995,0.952627783230301,0.26832762310914987,
H1b,L38-hist,3p0kW,Xe1,c_up=1/64_c_exit=1/300_c_plume=1/32,vacuum,success,2.447178876691499,6.960964151571712,-0.6484425399405409,39.56199542844993,72.8,-0.45656599686195154,-6.783266239091851,2.7528970907894394,15.868825288739446,2996.9999999999995,1.0945367897914806,0.27711169646350037,
H1b,L38-hist,3p0kW,Xe1,c_up=1/64_c_exit=1/300_c_plume=1/8,vacuum,success,2.5223458686034017,6.960964151571712,-0.6376441806507676,41.14548126803312,72.8,-0.4348148177467978,-6.46010586366671,3.79883975093983,25.273518816785746,9989.999999999998,1.013953732615583,0.29080632691278535,
H1b,L38-hist,3p0kW,Xe1,c_up=1/64_c_exit=1/800_c_plume=1/16,vacuum,success,2.295590169240343,6.960964151571712,-0.6702195099335452,41.464501840590074,72.8,-0.4304326670248616,-6.394999624369372,2.5836645755282728,12.73870611753657,2996.9999999999995,1.0145405946602257,0.3245060091849219,
H1b,L38-hist,3p0kW,Xe1,c_up=1/64_c_exit=1/800_c_plume=1/32,vacuum,success,3.181885407384611,6.960964151571712,-0.5428958779128068,30.759052888448892,72.8,-0.5774855372465811,-8.579785124806348,1.0001175814467627,3.965041186911354,4994.999999999999,1.1635790285222738,0.12883254269764483,
H1b,L38-hist,3p0kW,Xe1,c_up=1/64_c_exit=1/800_c_plume=1/8,vacuum,success,2.3232498708578864,6.960964151571712,-0.666245965318853,42.001430641227536,72.8,-0.4230572714117097,-6.285422318116829,2.955074017593812,16.024579922991638,2996.9999999999995,1.0271058714721704,0.3290004112171997,
H1b,L38-hist,3p0kW,Xe2,c_up=1/160_c_exit=1/100_c_plume=1/16,vacuum,success,3.09748431413048,8.044447084198758,-0.6149537337109608,49.648915027879255,83.4,-0.4046892682508483,-6.887976524922601,2.525675924803778,12.586831248577454,8990.999999999998,1.1328084844507926,0.31794321344770443,
H1b,L38-hist,3p0kW,Xe2,c_up=1/160_c_exit=1/100_c_plume=1/32,vacuum,success,3.0510760423021015,8.044447084198758,-0.6207227158849545,43.23593985273562,83.4,-0.48158345500317007,-8.196746968829464,1.9368014999834497,8.202819318861627,4994.999999999999,1.0566035505102718,0.24477999786321356,
H1b,L38-hist,3p0kW,Xe2,c_up=1/160_c_exit=1/100_c_plume=1/8,vacuum,success,3.0789469886313414,8.044447084198758,-0.6172580966218127,48.385303045798885,83.4,-0.4198404910575674,-7.145856521265533,2.9028544750139136,15.914003741667818,4994.999999999999,1.0641272490093328,0.3037832819602613,
H1b,L38-hist,3p0kW,Xe2,c_up=1/160_c_exit=1/300_c_plume=1/16,vacuum,success,2.859201523387738,8.044447084198758,-0.6445745128954975,44.28049924423402,83.4,-0.4690587620595441,-7.9835715828093825,1.4853670811695407,7.106916243787376,4994.999999999999,1.2072732659496004,0.2739803406338731,
H1b,L38-hist,3p0kW,Xe2,c_up=1/160_c_exit=1/300_c_plume=1/32,vacuum,success,2.6305112620946876,8.044447084198758,-0.6730028509651522,36.618391239193734,83.4,-0.5609305606811303,-9.547267094042095,1.2751430786632163,5.076322339444559,3995.999999999999,1.1636406345734116,0.20365613893308265,
H1b,L38-hist,3p0kW,Xe2,c_up=1/160_c_exit=1/300_c_plume=1/8,vacuum,success,3.0018854775218005,8.044447084198758,-0.6268375630914111,45.659818115960086,83.4,-0.45252016647529875,-7.702077935518349,1.8612116488522157,8.57659218746334,8990.999999999998,1.0248517729887172,0.27746830739915485,
H1b,L38-hist,3p0kW,Xe2,c_up=1/160_c_exit=1/800_c_plume=1/16,vacuum,success,3.1367773443639573,8.044447084198758,-0.6100692426052068,29.528950850629446,83.4,-0.645935841119551,-10.994091663136846,1.026350804624969,3.8857360687414655,5993.999999999999,1.1688694669497435,0.1110584202979711,
H1b,L38-hist,3p0kW,Xe2,c_up=1/160_c_exit=1/800_c_plume=1/32,vacuum,success,2.7162031007226384,8.044447084198758,-0.662350554078736,20.869366063755027,83.4,-0.7497677930005392,-12.761353864539789,1.0327179946805554,3.831456351286128,4994.999999999999,1.153403955969951,0.06406125221954609,
H1b,L38-hist,3p0kW,Xe2,c_up=1/160_c_exit=1/800_c_plume=1/8,vacuum,success,3.028310873087899,8.044447084198758,-0.6235526393061576,28.827509582861992,83.4,-0.6543464078793526,-11.13724294227306,1.1632885930965928,4.649420237222225,5993.999999999999,1.1027426087702734,0.10963594008765581,
H1b,L38-hist,3p0kW,Xe2,c_up=1/25_c_exit=1/100_c_plume=1/16,vacuum,success,5.614719940342341,8.044447084198758,-0.3020378055104607,86.64650299400172,83.4,0.038926894412490726,0.6625516314289237,1.2334021578003955,4.476461624205069,4994.999999999999,0.8132255874796397,0.53421137431586,
H1b,L38-hist,3p0kW,Xe2,c_up=1/25_c_exit=1/100_c_plume=1/32,vacuum,success,3.732624777581981,8.044447084198758,-0.5359998346046978,49.13402844719863,83.4,-0.41086296825900925,-6.993055418939055,3.537923734493897,22.44466943524459,6992.999999999998,0.7459572678323467,0.2583982461718233,
H1b,L38-hist,3p0kW,Xe2,c_up=1/25_c_exit=1/100_c_plume=1/8,vacuum,success,5.797624065477337,8.044447084198758,-0.2793011123330931,87.31999911488876,83.4,0.04700238746869015,0.7999998193650527,1.025199108183234,4.095412540139499,5993.999999999999,0.6891887793426988,0.5254320312767119,
H1b,L38-hist,3p0kW,Xe2,c_up=1/25_c_exit=1/300_c_plume=1/16,vacuum,success,4.160956208292386,8.044447084198758,-0.48275423223735153,69.86814194278554,83.4,-0.1622524946908209,-2.7616036851458086,3.08322549914896,17.372273945021437,3995.999999999999,0.9029899607246881,0.46871018744464554,
H1b,L38-hist,3p0kW,Xe2,c_up=1/25_c_exit=1/300_c_plume=1/32,vacuum,success,4.127293537217132,8.044447084198758,-0.48693881704758357,66.5850698174962,83.4,-0.20161786789572897,-3.431618404592611,2.9118434845934535,15.567500860969734,6992.999999999998,0.9691704465886456,0.4291681775026336,
H1b,L38-hist,3p0kW,Xe2,c_up=1/25_c_exit=1/300_c_plume=1/8,vacuum,success,4.398346900950097,8.044447084198758,-0.45324434918721573,64.68122880533352,83.4,-0.22444569777777562,-3.8201573866666294,1.016196949866573,3.9273987320342334,5993.999999999999,0.7916061520862564,0.3800197735640362,
H1b,L38-hist,3p0kW,Xe2,c_up=1/25_c_exit=1/800_c_plume=1/16,vacuum,success,3.563517502845721,8.044447084198758,-0.5570214502566208,45.32737443851528,83.4,-0.4565063016964595,-7.769923583976474,0.2660844912518807,1.474143389461743,5993.999999999999,1.032732138724388,0.2303463745401493,
H1b,L38-hist,3p0kW,Xe2,c_up=1/25_c_exit=1/800_c_plume=1/32,vacuum,success,3.35390577015024,8.044447084198758,-0.5830781488092422,38.45194298554671,83.4,-0.5389455277512385,-9.173072860092507,0.6246134921386266,2.289441407617871,4994.999999999999,1.1008777380982588,0.17612656822582504,
H1b,L38-hist,3p0kW,Xe2,c_up=1/25_c_exit=1/800_c_plume=1/8,vacuum,success,3.597303489728084,8.044447084198758,-0.5528215361383806,52.13711499249666,83.4,-0.3748547363009993,-6.380180613776192,0.6651838767796416,2.4295880247114696,5993.999999999999,1.0628125129157815,0.30189509921657615,
H1b,L38-hist,3p0kW,Xe2,c_up=1/64_c_exit=1/100_c_plume=1/16,vacuum,success,4.193387764847327,8.044447084198758,-0.4787226864747291,58.14391942910402,83.4,-0.3028307022889207,-5.15430215732571,2.197265370767097,9.964483581688535,4994.999999999999,0.8416073266105456,0.32209407380253907,
H1b,L38-hist,3p0kW,Xe2,c_up=1/64_c_exit=1/100_c_plume=1/32,vacuum,success,3.5755170026674374,8.044447084198758,-0.5555298002157764,52.013478998181114,83.4,-0.3763371822760058,-6.405412449350792,2.33131602159676,11.522818565212203,3995.999999999999,0.9593741959134813,0.30229579713265425,
H1b,L38-hist,3p0kW,Xe2,c_up=1/64_c_exit=1/100_c_plume=1/8,vacuum,success,4.83820093767382,8.044447084198758,-0.3985663791390687,75.19139146197814,83.4,-0.09842456280601745,-1.675226232249358,0.8725523237224966,3.284193787902691,5993.999999999999,0.8476274671404359,0.4668651889368469,
H1b,L38-hist,3p0kW,Xe2,c_up=1/64_c_exit=1/300_c_plume=1/16,vacuum,success,2.573902589240517,8.044447084198758,-0.6800398383754322,41.719219795397656,83.4,-0.49976954681777386,-8.50628167440864,3.8868038780344425,26.54665056129563,6992.999999999998,1.0258394452866704,0.27015897477233325,
H1b,L38-hist,3p0kW,Xe2,c_up=1/64_c_exit=1/300_c_plume=1/32,vacuum,success,2.5257131991304447,8.044447084198758,-0.686030230207921,40.40725926794433,83.4,-0.5155004883939528,-8.774028720827687,3.3617269260816145,20.695195446471317,2996.9999999999995,1.0814404636121449,0.25826996580982653,
H1b,L38-hist,3p0kW,Xe2,c_up=1/64_c_exit=1/300_c_plume=1/8,vacuum,success,2.6556653862639306,8.044447084198758,-0.6698759581027887,42.44215058004841,83.4,-0.4911013119898272,-8.358744779581956,4.183330369153844,30.39284708242596,6992.999999999998,0.9909160451358225,0.270994552642896,
H1b,L38-hist,3p0kW,Xe2,c_up=1/64_c_exit=1/800_c_plume=1/16,vacuum,success,2.392857351954578,8.044447084198758,-0.7025454544098214,41.53135884248673,83.4,-0.5020220762291759,-8.544620644390463,3.268637749866679,19.195547266493744,2996.9999999999995,0.9841937100431319,0.2879881531070539,
H1b,L38-hist,3p0kW,Xe2,c_up=1/64_c_exit=1/800_c_plume=1/32,vacuum,success,2.3672667967959042,8.044447084198758,-0.7057265997254442,43.48644556029352,83.4,-0.47857978944492185,-8.145623355042138,2.7102698411198074,14.163181772557147,2996.9999999999995,1.077034901085878,0.31915361373989903,
H1b,L38-hist,3p0kW,Xe2,c_up=1/64_c_exit=1/800_c_plume=1/8,vacuum,success,2.4688150392470836,8.044447084198758,-0.6931032035630599,46.66893676653703,83.4,-0.4404204224635848,-7.4961353537679525,3.5424879123579505,22.264340259953194,2996.9999999999995,1.0641386327646971,0.35245721842942257,
H1b,L38-hist,3p0kW,Xe3,c_up=1/160_c_exit=1/100_c_plume=1/16,vacuum,success,3.1023329754954543,6.946746435450754,-0.5534120894835637,47.89347190612547,86.8,-0.44823189048242545,-7.940107774260107,2.5082618544642807,12.237673854997725,4994.999999999999,1.0536394134086842,0.2695494348742115,
H1b,L38-hist,3p0kW,Xe3,c_up=1/160_c_exit=1/100_c_plume=1/32,vacuum,success,3.116132325736912,6.946746435450754,-0.5514256415298804,48.124422024273656,86.8,-0.4455711748355569,-7.892975097087008,2.1286019628175814,9.548742603313162,4994.999999999999,1.1137078741626347,0.2709501240104169,
H1b,L38-hist,3p0kW,Xe3,c_up=1/160_c_exit=1/100_c_plume=1/8,vacuum,success,3.708694139452989,6.946746435450754,-0.46612501637792353,61.06889839622918,86.8,-0.2964412627162537,-5.251245225259352,2.3770744035828684,11.226567342095612,10988.999999999998,1.0606967686021354,0.36660074762400013,
H1b,L38-hist,3p0kW,Xe3,c_up=1/160_c_exit=1/300_c_plume=1/16,vacuum,success,3.254591165413011,6.946746435450754,-0.5314941756324765,45.83644045289162,86.8,-0.4719304095288984,-8.35991011165477,0.977493652052734,3.4352763267862,4994.999999999999,0.9995262753050411,0.23534204298149852,
H1b,L38-hist,3p0kW,Xe3,c_up=1/160_c_exit=1/300_c_plume=1/32,vacuum,success,3.243303232543432,6.946746435450754,-0.5331190993250953,48.678545824951534,86.8,-0.4391872600812035,-7.779888607152747,1.0240470046677357,3.6169431133232948,4994.999999999999,1.1675687287059837,0.26635559849879215,
H1b,L38-hist,3p0kW,Xe3,c_up=1/160_c_exit=1/300_c_plume=1/8,vacuum,success,3.6271009039894127,6.946746435450754,-0.4778705487968396,57.32455557388231,86.8,-0.3395788528354573,-6.0153968216566716,1.0409027764316503,3.2750590876921724,4994.999999999999,1.0597932895874285,0.33029039747211625,
H1b,L38-hist,3p0kW,Xe3,c_up=1/160_c_exit=1/800_c_plume=1/16,vacuum,success,3.0810932342244377,6.946746435450754,-0.5564695987029337,31.282438495290187,86.8,-0.6396032431418182,-11.33011459279792,1.1748163984344437,5.165746350308374,5993.999999999999,1.2133557655545382,0.11578986586140935,
H1b,L38-hist,3p0kW,Xe3,c_up=1/160_c_exit=1/800_c_plume=1/32,vacuum,success,3.099217374255683,6.946746435450754,-0.5538605873909972,25.310915343166837,86.8,-0.7083995928206587,-12.548792787108809,1.06215383762419,4.6709102477728015,5993.999999999999,1.1441074600382461,0.07535947372051924,
H1b,L38-hist,3p0kW,Xe3,c_up=1/160_c_exit=1/800_c_plume=1/8,vacuum,success,3.213224833351185,6.946746435450754,-0.5374489535196791,31.8578423760128,86.8,-0.6329741661749677,-11.21268522938514,1.212352204034089,5.521199288534916,5993.999999999999,1.0712216670589314,0.11515049149101583,
H1b,L38-hist,3p0kW,Xe3,c_up=1/25_c_exit=1/100_c_plume=1/16,vacuum,success,5.741930968362731,6.946746435450754,-0.17343593555388576,84.9722745485081,86.8,-0.02105674483285601,-0.3730051941820207,1.2503877992732606,4.6896450469924105,5993.999999999999,0.6953422236730546,0.45842755353055514,
H1b,L38-hist,3p0kW,Xe3,c_up=1/25_c_exit=1/100_c_plume=1/32,vacuum,success,4.618371185677999,6.946746435450754,-0.33517492993418485,78.5005918663886,86.8,-0.09561530107847228,-1.6937567619615088,1.2190463856612619,4.507386389206184,4994.999999999999,0.9269067401118397,0.48644217299647624,
H1b,L38-hist,3p0kW,Xe3,c_up=1/25_c_exit=1/100_c_plume=1/8,vacuum,success,6.346987491611769,6.946746435450754,-0.08633666845507491,96.773428361397,86.8,0.1149012484031911,2.0353935431422423,0.8069871942719649,2.948567477326626,5993.999999999999,0.5999806357722224,0.5379213774325796,
H1b,L38-hist,3p0kW,Xe3,c_up=1/25_c_exit=1/300_c_plume=1/16,vacuum,success,4.271172874137548,6.946746435450754,-0.3851549190940918,74.04409536655929,86.8,-0.1469574266525428,-2.6032458435593293,0.8696782938731737,3.688770109559011,5993.999999999999,0.937921503536931,0.46795910932968693,
H1b,L38-hist,3p0kW,Xe3,c_up=1/25_c_exit=1/300_c_plume=1/32,vacuum,success,3.249049793255961,6.946746435450754,-0.5322918687984125,56.23180243086675,86.8,-0.35216817475959966,-6.23840766717005,3.469555401342234,22.50339072549068,6992.999999999998,0.9461108093328162,0.3547985482068192,
H1b,L38-hist,3p0kW,Xe3,c_up=1/25_c_exit=1/300_c_plume=1/8,vacuum,success,4.521042757596982,6.946746435450754,-0.3491855792338813,72.94664248911046,86.8,-0.1596008929825985,-2.827215818548887,0.7830607610512298,3.1274930996083095,5993.999999999999,0.7733061503448236,0.4290878259183505,
H1b,L38-hist,3p0kW,Xe3,c_up=1/25_c_exit=1/800_c_plume=1/16,vacuum,success,3.586892500062366,6.946746435450754,-0.4836586402869586,52.29759621548585,86.8,-0.39749313115799717,-7.041306894798806,0.4646432436064159,1.77525819798086,5993.999999999999,1.0742862291896076,0.27798367150248376,
H1b,L38-hist,3p0kW,Xe3,c_up=1/25_c_exit=1/800_c_plume=1/32,vacuum,success,3.565951779017518,6.946746435450754,-0.48667310486248744,43.78347968890319,86.8,-0.4955820312338342,-8.778881696142205,0.25264622058068986,1.383544274945348,35963.99999999999,1.0517748912885834,0.19598339406568765,
H1b,L38-hist,3p0kW,Xe3,c_up=1/25_c_exit=1/800_c_plume=1/8,vacuum,success,3.7781948493668813,6.946746435450754,-0.45612023060379264,58.12073647342242,86.8,-0.33040626182693067,-5.852910923791343,0.44258367246132363,1.8880263055322695,5993.999999999999,0.97863120218122,0.3259508053026685,
H1b,L38-hist,3p0kW,Xe3,c_up=1/64_c_exit=1/100_c_plume=1/16,vacuum,success,4.448439598862915,6.946746435450754,-0.35963696959463454,71.83241771786028,86.8,-0.17243758389561892,-3.054608629008106,0.6771866895997909,2.380656104318222,4994.999999999999,0.7916805100585886,0.42287057125920235,
H1b,L38-hist,3p0kW,Xe3,c_up=1/64_c_exit=1/100_c_plume=1/32,vacuum,success,3.6127695092290653,6.946746435450754,-0.4799335857730003,53.584145323074,86.8,-0.3826711368309447,-6.778745852433877,1.8742996125880949,7.805879390240137,4994.999999999999,0.8855341585772142,0.28973873090177665,
H1b,L38-hist,3p0kW,Xe3,c_up=1/64_c_exit=1/100_c_plume=1/8,vacuum,success,4.846605295951909,6.946746435450754,-0.30232010899107664,76.87147615625716,86.8,-0.11438391525049364,-2.0262293558658873,0.8947988045862323,3.2462673041627768,6992.999999999998,0.7997621391658041,0.4444951039076291,
H1b,L38-hist,3p0kW,Xe3,c_up=1/64_c_exit=1/300_c_plume=1/16,vacuum,success,2.7196329075723735,6.946746435450754,-0.6085026374802602,45.060963347671475,86.8,-0.4808644775613885,-8.518170745373167,4.23818442074385,31.38507192317176,6992.999999999998,1.0514979594478648,0.27218541457297857,
H1b,L38-hist,3p0kW,Xe3,c_up=1/64_c_exit=1/300_c_plume=1/32,vacuum,success,3.3760325096230144,6.946746435450754,-0.5140124170367889,54.52656624442255,86.8,-0.3718137529444407,-6.586415052158663,3.400776783764239,20.43883963479923,6992.999999999998,1.0615531195475698,0.3210582772077742,
H1b,L38-hist,3p0kW,Xe3,c_up=1/64_c_exit=1/300_c_plume=1/8,vacuum,success,3.133384103787851,6.946746435450754,-0.5489422087155057,51.577989745600725,86.8,-0.40578352827648934,-7.188165358040668,4.262181628148398,30.82556545341423,3995.999999999999,0.9631412052519983,0.3095204723827765,
H1b,L38-hist,3p0kW,Xe3,c_up=1/64_c_exit=1/800_c_plume=1/16,vacuum,success,2.495770839897813,6.946746435450754,-0.6407280929153606,45.194644679387764,86.8,-0.47932437005313633,-8.49088884094127,3.864386906474241,25.94939334167221,2996.9999999999995,1.0498744694518711,0.2983619513262016,
H1b,L38-hist,3p0kW,Xe3,c_up=1/64_c_exit=1/800_c_plume=1/32,vacuum,success,2.468802279652474,6.946746435450754,-0.6446102786977166,44.64604139835986,86.8,-0.48564468435069286,-8.602848694212271,3.3472903622108157,20.953059379168543,2996.9999999999995,1.099385349884679,0.2943430582375874,
H1b,L38-hist,3p0kW,Xe3,c_up=1/64_c_exit=1/800_c_plume=1/8,vacuum,success,2.528323403579784,6.946746435450754,-0.6360420770970995,45.38942186779333,86.8,-0.47708039322818746,-8.451138394327891,4.159253489849495,29.258477897893194,9989.999999999998,1.0093002976293772,0.29706457817363185,
H2a,L32-anode,1p6kW,Xe1,c_up=1/160_c_exit=1/100_c_plume=1/16,vacuum,success,3.972751611573183,6.960964151571712,-0.42928141489190436,59.4417321868589,72.8,-0.1834926897409492,-2.7261771047226735,1.281635245003242,4.610119069072383,6992.999999999998,0.9076408834190146,0.3853502955151064,
H2a,L32-anode,1p6kW,Xe1,c_up=1/160_c_exit=1/100_c_plume=1/32,vacuum,success,3.327946640621792,6.960964151571712,-0.5219129752492151,44.31953830793462,72.8,-0.39121513313276624,-5.8123391208296695,1.6400353221736035,6.193409784155725,5993.999999999999,0.8865433531950325,0.25572800835066667,
H2a,L32-anode,1p6kW,Xe1,c_up=1/160_c_exit=1/100_c_plume=1/8,vacuum,success,4.393444359710833,6.960964151571712,-0.368845426575162,66.91579412848391,72.8,-0.08082700372961674,-1.2008583411257343,0.32041296978745004,1.3655339815953664,8990.999999999998,0.8025037945513578,0.4415870588995094,
H2a,L32-anode,1p6kW,Xe1,c_up=1/160_c_exit=1/300_c_plume=1/16,vacuum,success,2.850164779145842,6.960964151571712,-0.5905502862699982,45.62706948602959,72.8,-0.3732545400270661,-5.545496023259267,2.2062866571945565,9.836251139672678,4994.999999999999,1.0238651501535785,0.31647497813844,
H2a,L32-anode,1p6kW,Xe1,c_up=1/160_c_exit=1/300_c_plume=1/32,vacuum,success,2.8733631372895125,6.960964151571712,-0.5872176504973471,43.76583666172449,72.8,-0.398820924976312,-5.92533945679092,1.4654991488509193,5.2699652327066,4994.999999999999,1.050721205320514,0.28883123022819607,
H2a,L32-anode,1p6kW,Xe1,c_up=1/160_c_exit=1/300_c_plume=1/8,vacuum,success,3.1733727432201517,6.960964151571712,-0.5441187924371601,52.72313960813643,72.8,-0.2757810493387854,-4.097318447319097,2.0499515402080832,8.47773334759615,10988.999999999998,1.0611548960231434,0.3795295859232557,
H2a,L32-anode,1p6kW,Xe1,c_up=1/160_c_exit=1/800_c_plume=1/16,vacuum,success,3.132133237772594,6.960964151571712,-0.5500431880452378,34.845768897084426,72.8,-0.5213493283367524,-7.745761449574607,1.142153772194904,4.520690096106122,6992.999999999998,1.129953125399387,0.1679670409018583,
H2a,L32-anode,1p6kW,Xe1,c_up=1/160_c_exit=1/800_c_plume=1/32,vacuum,success,3.0160260063959767,6.960964151571712,-0.5667229509126276,33.54695310348358,72.8,-0.5391902046224784,-8.010825897248248,0.9686384537134775,3.5079603367074195,6992.999999999998,1.2846823501825506,0.16167217338219206,
H2a,L32-anode,1p6kW,Xe1,c_up=1/160_c_exit=1/800_c_plume=1/8,vacuum,success,3.1602138462148566,6.960964151571712,-0.5460091766883596,38.466988759186414,72.8,-0.47160729726392286,-7.00673698792114,1.1528172004886166,4.251026254384118,6992.999999999998,1.0940755601984116,0.20287293163444892,
H2a,L32-anode,1p6kW,Xe1,c_up=1/25_c_exit=1/100_c_plume=1/16,vacuum,success,6.02413418539091,6.960964151571712,-0.13458336313501573,85.12401385698459,72.8,0.1692859046289092,2.5151048687723647,0.442325369530643,2.51237967221831,6992.999999999998,0.6155145809841209,0.521163204701485,
H2a,L32-anode,1p6kW,Xe1,c_up=1/25_c_exit=1/100_c_plume=1/32,vacuum,success,4.909550303458851,6.960964151571712,-0.2947025445677196,61.749435671706074,72.8,-0.15179346604799357,-2.2552172098559042,1.0926430928947566,5.5052729009942505,4994.999999999999,0.7215201084290203,0.3365026333384295,
H2a,L32-anode,1p6kW,Xe1,c_up=1/25_c_exit=1/100_c_plume=1/8,vacuum,success,6.446449558513222,6.960964151571712,-0.07391427133586351,87.56489667167025,72.8,0.20281451472074513,3.013244218708213,0.3317476264439721,1.4785990798026,6992.999999999998,0.5595654891669585,0.5153516677141109,
H2a,L32-anode,1p6kW,Xe1,c_up=1/25_c_exit=1/300_c_plume=1/16,vacuum,success,4.4108327654203405,6.960964151571712,-0.3663474384616072,70.20945419759506,72.8,-0.035584420362705135,-0.5286828168173333,0.3346409203603715,2.409445506051818,6992.999999999998,0.8107885861961817,0.48421116278299764,
H2a,L32-anode,1p6kW,Xe1,c_up=1/25_c_exit=1/300_c_plume=1/32,vacuum,success,3.5686089064952573,6.960964151571712,-0.4873398528148571,52.50733664006069,72.8,-0.27874537582334213,-4.141359869375369,1.3044543931877868,5.240358131362502,4994.999999999999,1.0895540843232967,0.3347381566519247,
H2a,L32-anode,1p6kW,Xe1,c_up=1/25_c_exit=1/300_c_plume=1/8,vacuum,success,4.583922770348693,6.960964151571712,-0.34148162947891475,75.22648212146817,72.8,0.03333079837181542,0.4952004329526862,0.14566665989657898,0.8017018468896663,103895.99999999999,0.7785934921294078,0.534894841379584,
H2a,L32-anode,1p6kW,Xe1,c_up=1/25_c_exit=1/800_c_plume=1/16,vacuum,success,3.0775648789187877,6.960964151571712,-0.5578823835454021,44.55478437723566,72.8,-0.3879837310819278,-5.764329718931498,1.6804946794835887,7.9680314668293954,4994.999999999999,1.1292966131569881,0.27947674135983325,
H2a,L32-anode,1p6kW,Xe1,c_up=1/25_c_exit=1/800_c_plume=1/32,vacuum,success,3.056335365290915,6.960964151571712,-0.5609321785401198,46.10505229676018,72.8,-0.3666888420774701,-5.447948510865269,1.2886315615589494,5.433002497467361,4994.999999999999,1.4536601461809435,0.3013423888284674,
H2a,L32-anode,1p6kW,Xe1,c_up=1/25_c_exit=1/800_c_plume=1/8,vacuum,success,3.5911607264615166,6.960964151571712,-0.48410009759198797,59.945709242023,72.8,-0.1765699279941896,-2.623324644485103,0.30589810464789097,2.4372409616722477,7991.999999999998,1.0408023350692202,0.43355635694104244,
H2a,L32-anode,1p6kW,Xe1,c_up=1/64_c_exit=1/100_c_plume=1/16,vacuum,success,4.864760987015558,6.960964151571712,-0.30113689984782555,69.15258412783399,72.8,-0.05010186637590669,-0.7443705861563279,0.2713126499078803,1.265998685104271,5993.999999999999,0.7383146163211243,0.4259116458322451,
H2a,L32-anode,1p6kW,Xe1,c_up=1/64_c_exit=1/100_c_plume=1/32,vacuum,success,4.015117885075152,6.960964151571712,-0.4231951497453725,61.66686125709237,72.8,-0.15292772998499493,-2.272069131205639,1.7929235467904194,7.0346004945433664,4994.999999999999,0.9227035319247016,0.41036431038409366,
H2a,L32-anode,1p6kW,Xe1,c_up=1/64_c_exit=1/100_c_plume=1/8,vacuum,success,5.152116814217841,6.960964151571712,-0.259855861625929,74.396516458137,72.8,0.021930171128255394,0.3258196853340801,0.2472349554743418,1.3144964532090568,9989.999999999998,0.71433882950975,0.4654614258051971,
H2a,L32-anode,1p6kW,Xe1,c_up=1/64_c_exit=1/300_c_plume=1/16,vacuum,success,3.903169291045341,6.960964151571712,-0.43927749000631666,61.24925287631132,72.8,-0.15866410884187754,-2.3572953313650373,2.994015534783949,16.102092716380017,3995.999999999999,0.9774093764331291,0.41643612659289975,
H2a,L32-anode,1p6kW,Xe1,c_up=1/64_c_exit=1/300_c_plume=1/32,vacuum,success,3.052559987916748,6.960964151571712,-0.5614745426856548,51.16740356834133,72.8,-0.2971510498854214,-4.414815598297689,2.850238358031096,15.929936172855884,3995.999999999999,1.0974933607975315,0.37160944843241367,
H2a,L32-anode,1p6kW,Xe1,c_up=1/64_c_exit=1/300_c_plume=1/8,vacuum,success,3.9518793267483736,6.960964151571712,-0.4322798910182462,61.6846544522841,72.8,-0.15268331796313056,-2.268437866880797,3.231784751491703,18.472357099794316,8990.999999999998,0.9454633169140508,0.41717165594892786,
H2a,L32-anode,1p6kW,Xe1,c_up=1/64_c_exit=1/800_c_plume=1/16,vacuum,success,2.793500406732736,6.960964151571712,-0.5986905914316492,48.16898781766765,72.8,-0.33833807942764227,-5.026737180067827,2.9604671482699776,15.656134864082782,3995.999999999999,0.9888765974136635,0.35987402197766893,
H2a,L32-anode,1p6kW,Xe1,c_up=1/64_c_exit=1/800_c_plume=1/32,vacuum,success,2.7351129844721784,6.960964151571712,-0.6070784269367888,47.71983872008585,72.8,-0.34450770988893065,-5.118400261206969,2.49659794697239,11.658236161682765,3995.999999999999,0.9907317054619336,0.3607338182391313,
H2a,L32-anode,1p6kW,Xe1,c_up=1/64_c_exit=1/800_c_plume=1/8,vacuum,success,2.848126006582136,6.960964151571712,-0.5908431727896402,48.492931969004225,72.8,-0.33388829712906287,-4.960626128774647,3.2640196970978277,18.63521088624425,3995.999999999999,0.9729093785646963,0.35773537043969916,
H2a,L32-anode,1p6kW,Xe2,c_up=1/160_c_exit=1/100_c_plume=1/16,vacuum,success,4.4158961559823995,8.044447084198758,-0.45106281267530635,69.29769262961739,83.4,-0.1690924145129809,-2.8780219123229807,0.28708361656387404,1.132648537689409,5993.999999999999,0.777852108036795,0.43446805241408293,
H2a,L32-anode,1p6kW,Xe2,c_up=1/160_c_exit=1/100_c_plume=1/32,vacuum,success,3.561551106758477,8.044447084198758,-0.5572658916789662,55.42659311609852,83.4,-0.33541255256476593,-5.7088585477349945,1.6362189216717662,6.266756980688565,5993.999999999999,1.014769329341372,0.3446167158458173,
H2a,L32-anode,1p6kW,Xe2,c_up=1/160_c_exit=1/100_c_plume=1/8,vacuum,success,4.360697830936317,8.044447084198758,-0.45792448066421076,67.08080784125927,83.4,-0.19567376689137558,-3.3304473793348413,0.8720528985250048,2.899338416841457,8990.999999999998,0.8163225219630029,0.41226809333219433,
H2a,L32-anode,1p6kW,Xe2,c_up=1/160_c_exit=1/300_c_plume=1/16,vacuum,success,3.068646386856959,8.044447084198758,-0.6185385577481735,49.29428112788429,83.4,-0.4089414732867591,-6.960350790227696,1.8660207449130877,7.544765774201753,5993.999999999999,1.035453344906651,0.31636277752005476,
H2a,L32-anode,1p6kW,Xe2,c_up=1/160_c_exit=1/300_c_plume=1/32,vacuum,success,3.2645694163912724,8.044447084198758,-0.5941834930080307,48.47598404108253,83.4,-0.41875318895584496,-7.127350195697441,1.6639381287889008,6.195065445075894,10988.999999999998,0.9815446584342448,0.28758518554545703,
H2a,L32-anode,1p6kW,Xe2,c_up=1/160_c_exit=1/300_c_plume=1/8,vacuum,success,3.7371641433173783,8.044447084198758,-0.5354355489940292,54.49914100277854,83.4,-0.34653308150145634,-5.898134489228869,0.9952022708066112,4.070532044898517,6992.999999999998,0.9248377305308334,0.3175238058087773,
H2a,L32-anode,1p6kW,Xe2,c_up=1/160_c_exit=1/800_c_plume=1/16,vacuum,success,3.246726551481491,8.044447084198758,-0.5964015279733957,39.72606457502765,83.4,-0.5236682904672944,-8.913048045912724,1.1514472701888525,4.424404863227427,6992.999999999998,1.0691951271801003,0.1941978986162506,
H2a,L32-anode,1p6kW,Xe2,c_up=1/160_c_exit=1/800_c_plume=1/32,vacuum,success,3.1793853561628653,8.044447084198758,-0.6047726682909074,40.59210537457933,83.4,-0.5132841082184731,-8.736305025596053,1.0454846952700982,4.482862285461487,6992.999999999998,1.3232070082692347,0.20705185958033331,
H2a,L32-anode,1p6kW,Xe2,c_up=1/160_c_exit=1/800_c_plume=1/8,vacuum,success,3.430701792587378,8.044447084198758,-0.5735316850643337,44.66843633935108,83.4,-0.46440723813727725,-7.904400747071207,1.229771926095785,5.572986416392718,6992.999999999998,1.0754591676902947,0.2323580272708721,
H2a,L32-anode,1p6kW,Xe2,c_up=1/25_c_exit=1/100_c_plume=1/16,vacuum,success,6.238559513402741,8.044447084198758,-0.22448871275978896,92.81872462691729,83.4,0.11293434804457177,1.9221886993708743,0.6968755875237038,3.5841355218428435,6992.999999999998,0.6100349091621586,0.5517292660458716,
H2a,L32-anode,1p6kW,Xe2,c_up=1/25_c_exit=1/100_c_plume=1/32,vacuum,success,5.166544032419364,8.044447084198758,-0.3577502619704333,72.81964829283581,83.4,-0.1268627303017289,-2.159255450441671,0.2765019131400383,1.7706519753528247,4994.999999999999,0.6855892324596241,0.410049389269351,
H2a,L32-anode,1p6kW,Xe2,c_up=1/25_c_exit=1/100_c_plume=1/8,vacuum,success,6.541879162151874,8.044447084198758,-0.18678324393460072,90.02991429290576,83.4,0.07949537521469731,1.3530437332460725,0.6982720546161245,2.6155984480676744,6992.999999999998,0.5491456619548668,0.4950058209347681,
H2a,L32-anode,1p6kW,Xe2,c_up=1/25_c_exit=1/300_c_plume=1/16,vacuum,success,4.417054449058205,8.044447084198758,-0.4509188260142366,79.24744125862188,83.4,-0.049790872198778494,-0.8474609676281889,0.28451961501597783,1.7237837753962821,7991.999999999998,0.8513106015779612,0.5680373527320056,
H2a,L32-anode,1p6kW,Xe2,c_up=1/25_c_exit=1/300_c_plume=1/32,vacuum,success,3.736944315571345,8.044447084198758,-0.5354628756385746,52.75046200566636,83.4,-0.36750045556754973,-6.255007753945642,1.4748513476243355,5.7149004791761975,4994.999999999999,0.8724201099325023,0.29749184101007925,
H2a,L32-anode,1p6kW,Xe2,c_up=1/25_c_exit=1/300_c_plume=1/8,vacuum,success,4.799404128862288,8.044447084198758,-0.4033891852816734,83.37231212450261,83.4,-0.00033198891483687365,-0.0056505868362031145,0.14781843843724865,0.9082881138216355,31967.999999999993,0.7735061527175425,0.5786227714128113,
H2a,L32-anode,1p6kW,Xe2,c_up=1/25_c_exit=1/800_c_plume=1/16,vacuum,success,3.5128557591661296,8.044447084198758,-0.5633191787579499,55.747963635282574,83.4,-0.33155918902538883,-5.643272727493351,1.103459565152237,6.599055102031682,5993.999999999999,1.0758023319017334,0.35345721312478817,
H2a,L32-anode,1p6kW,Xe2,c_up=1/25_c_exit=1/800_c_plume=1/32,vacuum,success,3.1251127351445622,8.044447084198758,-0.6115192626124623,43.29798297843344,83.4,-0.48083953263269263,-8.184085106442154,1.649585017576445,7.900287096585794,4994.999999999999,1.1269770056633988,0.2396673050417227,
H2a,L32-anode,1p6kW,Xe2,c_up=1/25_c_exit=1/800_c_plume=1/8,vacuum,success,3.6985686735114913,8.044447084198758,-0.5402333268154158,68.07390168173073,83.4,-0.18376616688572264,-3.127775166993728,0.28862668590165264,1.5427514984152124,8990.999999999998,1.0187511087511516,0.5005722263379324,
H2a,L32-anode,1p6kW,Xe2,c_up=1/64_c_exit=1/100_c_plume=1/16,vacuum,success,5.109330487015299,8.044447084198758,-0.36486244069511486,75.40677677646642,83.4,-0.09584200507834038,-1.6312700456190994,0.5755986234428764,1.9139373824689778,6992.999999999998,0.7544153646021741,0.44462708044873894,
H2a,L32-anode,1p6kW,Xe2,c_up=1/64_c_exit=1/100_c_plume=1/32,vacuum,success,4.7259901406689,8.044447084198758,-0.41251523054308,72.73369419185708,83.4,-0.127893355013704,-2.1767971037026355,1.3627598187953394,4.475647826926128,4994.999999999999,0.8661165467375055,0.4472163076045073,
H2a,L32-anode,1p6kW,Xe2,c_up=1/64_c_exit=1/100_c_plume=1/8,vacuum,success,5.304053636565169,8.044447084198758,-0.34065653225768433,75.71706467860652,83.4,-0.09212152663541347,-1.5679459839578536,0.42226086460799245,1.7118783199693366,8990.999999999998,0.6660110775240685,0.4318359377921941,
H2a,L32-anode,1p6kW,Xe2,c_up=1/64_c_exit=1/300_c_plume=1/16,vacuum,success,3.2037316630520603,8.044447084198758,-0.6017461946707356,51.49620022326895,83.4,-0.382539565668238,-6.510979546271642,3.5860168671535946,22.344385470097603,8990.999999999998,0.9736614982692886,0.33069938431064666,
H2a,L32-anode,1p6kW,Xe2,c_up=1/64_c_exit=1/300_c_plume=1/32,vacuum,success,3.154453761261964,8.044447084198758,-0.6078718986842396,51.57237448764215,83.4,-0.38162620518414686,-6.495433778032213,3.214130399848219,18.59682674154369,3995.999999999999,1.0140319762655143,0.3368598413501734,
H2a,L32-anode,1p6kW,Xe2,c_up=1/64_c_exit=1/300_c_plume=1/8,vacuum,success,4.053671063264255,8.044447084198758,-0.4960907790385437,62.555898141158266,83.4,-0.24992927888299446,-4.25389833853913,1.2744231858457606,4.47501708601068,6992.999999999998,0.9018726179933348,0.38568004863631594,
H2a,L32-anode,1p6kW,Xe2,c_up=1/64_c_exit=1/800_c_plume=1/16,vacuum,success,2.9027075248508747,8.044447084198758,-0.6391663100684079,51.70759729465773,83.4,-0.38000482860122625,-6.467837286804545,3.312664187227198,19.26528465319766,3995.999999999999,1.0155792552808975,0.36799726184751197,
H2a,L32-anode,1p6kW,Xe2,c_up=1/64_c_exit=1/800_c_plume=1/32,vacuum,success,2.84520317142697,8.044447084198758,-0.6463146389494391,51.48442786493482,83.4,-0.38268072104394696,-6.513382068380648,2.8771208684975846,15.03532944445258,3995.999999999999,1.0535203031670899,0.37220109635019777,
H2a,L32-anode,1p6kW,Xe2,c_up=1/64_c_exit=1/800_c_plume=1/8,vacuum,success,3.6647917331327475,8.044447084198758,-0.5444321163686581,64.47005604350966,83.4,-0.22697774528165887,-3.8632538686714994,3.1912892623007125,17.79125378969354,12986.999999999998,0.9898038845409991,0.4531123993753746,
H2a,L32-anode,1p6kW,Xe3,c_up=1/160_c_exit=1/100_c_plume=1/16,vacuum,success,4.5327426341358255,6.946746435450754,-0.34750135531012666,77.49526748652445,86.8,-0.10719737918750633,-1.898925002750112,0.28675560715483367,1.2254027199956226,5993.999999999999,0.8212836287017665,0.48301819964334924,
H2a,L32-anode,1p6kW,Xe3,c_up=1/160_c_exit=1/100_c_plume=1/32,vacuum,success,3.886993507024551,6.946746435450754,-0.4404584155845418,63.77794720932785,86.8,-0.26523102293401096,-4.698378120545337,1.329222489273833,4.583823337319884,6992.999999999998,0.9312720363293892,0.38150606857985897,
H2a,L32-anode,1p6kW,Xe3,c_up=1/160_c_exit=1/100_c_plume=1/8,vacuum,success,4.589047685060096,6.946746435450754,-0.3393961147565154,74.94571310962485,86.8,-0.13657012546515154,-2.419242222525541,1.1298485628717778,3.602105295621822,8990.999999999998,0.8176723724139653,0.4462160777717472,
H2a,L32-anode,1p6kW,Xe3,c_up=1/160_c_exit=1/300_c_plume=1/16,vacuum,success,3.4448645320473616,6.946746435450754,-0.5041038903525439,61.44678077523941,86.8,-0.29208777908710354,-5.174126372400119,1.949339031332117,7.891611617705439,5993.999999999999,1.105901823718426,0.39957684564944956,
H2a,L32-anode,1p6kW,Xe3,c_up=1/160_c_exit=1/300_c_plume=1/32,vacuum,success,3.418422861955595,6.946746435450754,-0.5079102290950708,52.23318739868267,86.8,-0.3982351682179417,-7.054451551289252,1.5122623131510298,5.623762203140053,5993.999999999999,1.0011520213876544,0.29096547816250784,
H2a,L32-anode,1p6kW,Xe3,c_up=1/160_c_exit=1/300_c_plume=1/8,vacuum,success,3.8462235866063996,6.946746435450754,-0.44632733865478574,61.80251947856445,86.8,-0.28798940692898106,-5.101526637027664,0.8319774660317023,2.934789717096041,7991.999999999998,0.9565501811914533,0.3620362234190196,
H2a,L32-anode,1p6kW,Xe3,c_up=1/160_c_exit=1/800_c_plume=1/16,vacuum,success,3.313252064850608,6.946746435450754,-0.5230498053099557,43.159720899572605,86.8,-0.5027681924012373,-8.90617940825049,1.1878372140682498,5.738506024751478,6992.999999999998,1.0683827486844826,0.20496370844745193,
H2a,L32-anode,1p6kW,Xe3,c_up=1/160_c_exit=1/800_c_plume=1/32,vacuum,success,3.08501213985779,6.946746435450754,-0.5559054632951184,41.18891013101245,86.8,-0.5254733855874142,-9.30838568754848,1.1113640265596738,5.27689288643993,4994.999999999999,1.114391747393676,0.20048316791234896,
H2a,L32-anode,1p6kW,Xe3,c_up=1/160_c_exit=1/800_c_plume=1/8,vacuum,success,3.3267340943160693,6.946746435450754,-0.5211090364060182,47.522580158004246,86.8,-0.45250483688935206,-8.015799967754235,1.2797163287632316,5.730261899592296,6992.999999999998,1.0713864354289997,0.24748912890591085,
H2a,L32-anode,1p6kW,Xe3,c_up=1/25_c_exit=1/100_c_plume=1/16,vacuum,success,6.461614584043546,6.946746435450754,-0.06983583695116245,97.5889625711967,86.8,0.12429680381563019,2.2018290961625917,0.5963698610298768,2.569577341068792,6992.999999999998,0.5771368219392452,0.5373219036753982,
H2a,L32-anode,1p6kW,Xe3,c_up=1/25_c_exit=1/100_c_plume=1/32,vacuum,success,5.567513192503107,6.946746435450754,-0.19854377236358026,83.04186578946018,86.8,-0.04329647707995198,-0.7669661654162921,0.5985511082627277,3.731195559705377,5993.999999999999,0.6536878554244908,0.45155133889342675,
H2a,L32-anode,1p6kW,Xe3,c_up=1/25_c_exit=1/100_c_plume=1/8,vacuum,success,6.843712026202273,6.946746435450754,-0.014832038308275305,95.72369487535994,86.8,0.10280754464700384,1.8211622194612107,0.8123742500789785,2.5712797573127744,6992.999999999998,0.533537472921623,0.48811412248210356,
H2a,L32-anode,1p6kW,Xe3,c_up=1/25_c_exit=1/300_c_plume=1/16,vacuum,success,4.660702829053332,6.946746435450754,-0.32908119328082064,84.61616751720138,86.8,-0.025159360400905887,-0.4456800985303328,0.2038510445754698,1.2838219294474515,7991.999999999998,0.7847854158108214,0.560053456444754,
H2a,L32-anode,1p6kW,Xe3,c_up=1/25_c_exit=1/300_c_plume=1/32,vacuum,success,3.80001281461317,6.946746435450754,-0.4529794847238298,60.318774359203765,86.8,-0.3050832447096341,-5.404331763427804,1.6579013190100351,7.117707361037691,4994.999999999999,0.8272120159654195,0.3490552286908621,
H2a,L32-anode,1p6kW,Xe3,c_up=1/25_c_exit=1/300_c_plume=1/8,vacuum,success,4.921196865425144,6.946746435450754,-0.29158248236739875,87.10807985442969,86.8,0.0035493070786829788,0.06287343967952705,0.1589624096595109,0.9427223867322778,56942.999999999985,0.7292443462599953,0.5621087359027376,
H2a,L32-anode,1p6kW,Xe3,c_up=1/25_c_exit=1/800_c_plume=1/16,vacuum,success,3.727837129657829,6.946746435450754,-0.4633693392587546,66.57727858007843,86.8,-0.23298066151983374,-4.127086004065625,0.409136993744749,1.9424074761319226,8990.999999999998,1.0121433103711686,0.43348027537652767,
H2a,L32-anode,1p6kW,Xe3,c_up=1/25_c_exit=1/800_c_plume=1/32,vacuum,success,3.3436529280803864,6.946746435450754,-0.5186735316813925,53.0252023929586,86.8,-0.3891105715096936,-6.892815838171715,1.1165782261453203,6.173619967053973,5993.999999999999,1.1931197362793264,0.30656154127471064,
H2a,L32-anode,1p6kW,Xe3,c_up=1/25_c_exit=1/800_c_plume=1/8,vacuum,success,3.884698488461901,6.946746435450754,-0.44078878874325367,74.06762539397897,86.8,-0.14668634338733905,-2.5984437971471483,0.40477965840479746,1.8550389949328505,8990.999999999998,0.9452798315052058,0.5148417034727455,
H2a,L32-anode,1p6kW,Xe3,c_up=1/64_c_exit=1/100_c_plume=1/16,vacuum,success,5.209462086473298,6.946746435450754,-0.2500860460534038,85.07912414984301,86.8,-0.019825758642361718,-0.35119915309326466,0.3468655536132428,2.0384553590258703,8990.999999999998,0.7794192856868444,0.5065558457043091,
H2a,L32-anode,1p6kW,Xe3,c_up=1/64_c_exit=1/100_c_plume=1/32,vacuum,success,4.668915701882877,6.946746435450754,-0.3278989314974291,73.58313680515987,86.8,-0.15226800915714445,-2.69731901935513,0.35233677289512805,1.7505283194099086,6992.999999999998,0.8212167210973603,0.422780311953274,
H2a,L32-anode,1p6kW,Xe3,c_up=1/64_c_exit=1/100_c_plume=1/8,vacuum,success,5.779408780219879,6.946746435450754,-0.16804091902270932,84.01965866388343,86.8,-0.03203158221332455,-0.5674165992074633,0.8772568559410537,3.152974636983013,7991.999999999998,0.637659143688083,0.4452999072767911,
H2a,L32-anode,1p6kW,Xe3,c_up=1/64_c_exit=1/300_c_plume=1/16,vacuum,success,4.037469784146526,6.946746435450754,-0.4187970121462269,64.9896660821389,86.8,-0.2512711280859575,-4.451088554665532,1.006490524754801,3.6985975390326002,6992.999999999998,0.9135922220282454,0.38137613958800337,
H2a,L32-anode,1p6kW,Xe3,c_up=1/64_c_exit=1/300_c_plume=1/32,vacuum,success,4.021663212528207,6.946746435450754,-0.42107240419705155,65.28763437432106,86.8,-0.24783831365989567,-4.390278699118151,3.006579742927941,16.614478815092593,3995.999999999999,0.9923580607746816,0.38639398692398463,
H2a,L32-anode,1p6kW,Xe3,c_up=1/64_c_exit=1/300_c_plume=1/8,vacuum,success,4.1214703227893175,6.946746435450754,-0.406704942941841,58.614690791308654,86.8,-0.3247155438789326,-5.75210392014109,1.4020556287267907,5.006472918897652,6992.999999999998,0.7452671416475509,0.3039029893222527,
H2a,L32-anode,1p6kW,Xe3,c_up=1/64_c_exit=1/800_c_plume=1/16,vacuum,success,3.717302658781959,6.946746435450754,-0.46488580037818034,65.89487687472364,86.8,-0.2408424323188522,-4.2663516582196666,3.246683556853492,18.44003911630783,3995.999999999999,1.002498518591087,0.42584305788301624,
H2a,L32-anode,1p6kW,Xe3,c_up=1/64_c_exit=1/800_c_plume=1/32,vacuum,success,2.9538555526123873,6.946746435450754,-0.5747857532933371,56.21562139491284,86.8,-0.3523545922245065,-6.241709919405543,3.241678512033666,18.88007554053149,3995.999999999999,1.1121425637516458,0.3900308591901724,
H2a,L32-anode,1p6kW,Xe3,c_up=1/64_c_exit=1/800_c_plume=1/8,vacuum,success,3.0387724249053805,6.946746435450754,-0.5625617757691765,55.09411025344735,86.8,-0.36527522749484626,-6.4705897441944185,3.853906640419292,25.319622219274414,8990.999999999998,0.9920064404556952,0.36415507195248564,
H2b,L32-anode,3p0kW,Xe1,c_up=1/160_c_exit=1/100_c_plume=1/16,vacuum,success,3.3153116270187604,6.960964151571712,-0.5237280993222472,46.964492172440636,72.8,-0.35488334927966164,-5.272552617869258,2.9175007021040837,15.52197813897088,4994.999999999999,1.009587895274149,0.28825649401123615,
H2b,L32-anode,3p0kW,Xe1,c_up=1/160_c_exit=1/100_c_plume=1/32,vacuum,success,3.057956359452683,6.960964151571712,-0.5606993093388897,43.273722924823446,72.8,-0.405580729054623,-6.025770831668684,2.3996378673493166,10.910779483170769,4994.999999999999,1.0357824196916399,0.2653269913023662,
H2b,L32-anode,3p0kW,Xe1,c_up=1/160_c_exit=1/100_c_plume=1/8,vacuum,success,3.999848146203999,6.960964151571712,-0.4253887738667817,57.15436832223479,72.8,-0.21491252304622552,-3.192986056686779,2.8201271121643074,15.72180617739887,4994.999999999999,0.9652960453562492,0.3538502854476373,
H2b,L32-anode,3p0kW,Xe1,c_up=1/160_c_exit=1/300_c_plume=1/16,vacuum,success,2.5560091676095618,6.960964151571712,-0.6328081696797072,41.5180495180958,72.8,-0.42969712200417853,-6.384071526919223,3.064485539512832,16.938636443964512,3995.999999999999,1.078379908898805,0.2921969466680794,
H2b,L32-anode,3p0kW,Xe1,c_up=1/160_c_exit=1/300_c_plume=1/32,vacuum,success,2.3857610418804183,6.960964151571712,-0.657265719240669,36.97056289252611,72.8,-0.4921625976301358,-7.312130021933446,2.30350596804786,11.595691316904004,3995.999999999999,1.1419367522676285,0.24822720594682737,
H2b,L32-anode,3p0kW,Xe1,c_up=1/160_c_exit=1/300_c_plume=1/8,vacuum,success,2.6654555775844875,6.960964151571712,-0.617085288827029,42.035149707799896,72.8,-0.4225940974203311,-6.278540875959205,3.3818635295923065,20.484123136681227,3995.999999999999,1.0366658503348034,0.28722215974333654,
H2b,L32-anode,3p0kW,Xe1,c_up=1/160_c_exit=1/800_c_plume=1/16,vacuum,success,1.8709863397221103,6.960964151571712,-0.7312173573972994,32.26672016849919,72.8,-0.5567758218612748,-8.272097924796082,2.827992975527909,15.15000493492683,3995.999999999999,1.016340177521575,0.2411033386346875,
H2b,L32-anode,3p0kW,Xe1,c_up=1/160_c_exit=1/800_c_plume=1/32,vacuum,success,2.0354257870297072,6.960964151571712,-0.7075942724729979,32.917468039377084,72.8,-0.5478369774810841,-8.13929223686182,1.7615780025060492,7.589210670976472,3995.999999999999,0.999431533821851,0.23065441307322468,
H2b,L32-anode,3p0kW,Xe1,c_up=1/160_c_exit=1/800_c_plume=1/8,vacuum,success,2.4613899798536214,6.960964151571712,-0.6464009975833785,42.602760073799665,72.8,-0.4147972517335211,-6.162702025755171,2.8954989839738845,15.154641907001379,3995.999999999999,1.03086431282604,0.31949144965055243,
H2b,L32-anode,3p0kW,Xe1,c_up=1/25_c_exit=1/100_c_plume=1/16,vacuum,success,5.443783116001386,6.960964151571712,-0.21795558812463683,70.81747718246805,72.8,-0.02723245628477947,-0.40459649337386633,1.2461538738865456,5.248280150771594,5993.999999999999,0.6138256576552804,0.39915749073785944,
H2b,L32-anode,3p0kW,Xe1,c_up=1/25_c_exit=1/100_c_plume=1/32,vacuum,success,4.424982838529908,6.960964151571712,-0.36431466357562076,56.602622115881196,72.8,-0.22249145445218138,-3.3055873232895516,2.4275774811670456,11.98238212975116,3995.999999999999,0.7387594453171824,0.3137080805602733,
H2b,L32-anode,3p0kW,Xe1,c_up=1/25_c_exit=1/100_c_plume=1/8,vacuum,success,6.598948545155912,6.960964151571712,-0.05200653221781947,87.04729898262441,72.8,0.1957046563547308,2.9076120372702863,0.9974720832708168,3.883731832906321,6992.999999999998,0.5622754138169914,0.4975079822184327,
H2b,L32-anode,3p0kW,Xe1,c_up=1/25_c_exit=1/300_c_plume=1/16,vacuum,success,4.296780795446471,6.960964151571712,-0.38273194605142397,65.83979856687874,72.8,-0.09560716254287445,-1.420449272065563,0.5479665446793036,3.745812931626611,5993.999999999999,0.7997446133947052,0.4371172890665331,
H2b,L32-anode,3p0kW,Xe1,c_up=1/25_c_exit=1/300_c_plume=1/32,vacuum,success,3.834426255396997,6.960964151571712,-0.44915299491504723,46.34993413949701,72.8,-0.36332508050141477,-5.397972624592447,1.4331406966454612,6.75585744214762,3995.999999999999,0.9406205508278641,0.24275157063612318,
H2b,L32-anode,3p0kW,Xe1,c_up=1/25_c_exit=1/300_c_plume=1/8,vacuum,success,4.50580264396674,6.960964151571712,-0.35270423092907655,74.02384067573523,72.8,0.016810998293066228,0.24976340321126966,0.20010428306070474,1.487005818592724,4994.999999999999,0.798463322154302,0.526908565782837,
H2b,L32-anode,3p0kW,Xe1,c_up=1/25_c_exit=1/800_c_plume=1/16,vacuum,success,3.1515847960227688,6.960964151571712,-0.5472488110269647,50.65516862928012,72.8,-0.30418724410329506,-4.5193533409632405,0.8167989504072743,5.551393541582608,5993.999999999999,1.2227961208234175,0.3527627582827387,
H2b,L32-anode,3p0kW,Xe1,c_up=1/25_c_exit=1/800_c_plume=1/32,vacuum,success,3.1729827216943844,6.960964151571712,-0.5441748222510299,39.281437931792176,72.8,-0.46041980862922843,-6.840522871062822,0.9572665313246318,4.207114880077196,4994.999999999999,1.159392642355944,0.21070325396133752,
H2b,L32-anode,3p0kW,Xe1,c_up=1/25_c_exit=1/800_c_plume=1/8,vacuum,success,3.484324639055096,6.960964151571712,-0.4994479840456624,56.34521816227605,72.8,-0.2260272230456587,-3.358118742392643,0.2557051827707144,1.4499067517509,7991.999999999998,1.0015047444076417,0.39478415453056354,
H2b,L32-anode,3p0kW,Xe1,c_up=1/64_c_exit=1/100_c_plume=1/16,vacuum,success,4.168574672270486,6.960964151571712,-0.4011498146662247,54.06998890243851,72.8,-0.25728037221925126,-3.8224512444003036,1.9583907495978055,11.94309906573928,4994.999999999999,0.7376451360428291,0.3038709411219004,
H2b,L32-anode,3p0kW,Xe1,c_up=1/64_c_exit=1/100_c_plume=1/32,vacuum,success,3.5695377705612077,6.960964151571712,-0.4872064138190909,48.61750606371434,72.8,-0.3321771145094185,-4.935202844139932,2.723463918753698,14.289217762790289,3995.999999999999,0.9236913980184179,0.28690463726840276,
H2b,L32-anode,3p0kW,Xe1,c_up=1/64_c_exit=1/100_c_plume=1/8,vacuum,success,5.044123668633381,6.960964151571712,-0.27536996904452227,70.21693100131425,72.8,-0.03548171701491419,-0.5271569385072965,1.149710977177959,3.9902414454150517,6992.999999999998,0.7462043483582746,0.42350852518533016,
H2b,L32-anode,3p0kW,Xe1,c_up=1/64_c_exit=1/300_c_plume=1/16,vacuum,success,3.332506112483078,6.960964151571712,-0.5212579694537526,52.651503524666495,72.8,-0.2767650614743614,-4.111938056190512,3.318675589759312,19.39902612526535,3995.999999999999,0.9803688314931207,0.36042490761428614,
H2b,L32-anode,3p0kW,Xe1,c_up=1/64_c_exit=1/300_c_plume=1/32,vacuum,success,3.2440826804425917,6.960964151571712,-0.5339607258701207,52.83761318042925,72.8,-0.2742086101589389,-4.073956493789948,2.9087361556554936,15.480023292604022,6992.999999999998,1.019201936110881,0.3728710480222627,
H2b,L32-anode,3p0kW,Xe1,c_up=1/64_c_exit=1/300_c_plume=1/8,vacuum,success,4.221838609841118,6.960964151571712,-0.39349801005829466,65.93162408055183,72.8,-0.09434582306934314,-1.401709371315955,3.210136834475811,18.014344204610342,3995.999999999999,0.9504055303524123,0.4461183792434911,
H2b,L32-anode,3p0kW,Xe1,c_up=1/64_c_exit=1/800_c_plume=1/16,vacuum,success,2.204266144374187,6.960964151571712,-0.6833389604690772,38.23845052563303,72.8,-0.47474655871383203,-7.053377443748361,3.3028757723796525,19.17354310712107,3995.999999999999,0.9853809337127147,0.2874092469041439,
H2b,L32-anode,3p0kW,Xe1,c_up=1/64_c_exit=1/800_c_plume=1/32,vacuum,success,2.808893020344023,6.960964151571712,-0.5964793153388379,49.259152813973124,72.8,-0.3233632855223472,-4.804254527760587,2.3525308030287015,10.51860600745103,6992.999999999998,0.9994959128063985,0.37428538844851683,
H2b,L32-anode,3p0kW,Xe1,c_up=1/64_c_exit=1/800_c_plume=1/8,vacuum,success,2.9871314633555666,6.960964151571712,-0.5708738906978706,50.519071036019504,72.8,-0.30605671653819366,-4.5471283599960195,3.1456006656192845,17.303088079167633,3995.999999999999,0.9591237431530418,0.370186495221257,
H2b,L32-anode,3p0kW,Xe2,c_up=1/160_c_exit=1/100_c_plume=1/16,vacuum,success,3.3714850515813524,8.044447084198758,-0.5808928797351697,50.86340925365382,83.4,-0.39012698736626117,-6.640120560478812,2.9560394110985655,16.868844765411996,4994.999999999999,1.0189776912529462,0.30656942903553974,
H2b,L32-anode,3p0kW,Xe2,c_up=1/160_c_exit=1/100_c_plume=1/32,vacuum,success,3.307315172472438,8.044447084198758,-0.5888697957913346,49.00120287245238,83.4,-0.41245560104973167,-7.02016267909135,2.5349043218551803,12.350729919403234,4994.999999999999,1.0884656625228475,0.2900527914502261,
H2b,L32-anode,3p0kW,Xe2,c_up=1/160_c_exit=1/100_c_plume=1/8,vacuum,success,3.9415317079519365,8.044447084198758,-0.5100307495720795,51.4722984634083,83.4,-0.38282615751308996,-6.515857456447286,2.3572329008861495,13.018615973014347,5993.999999999999,0.7646469057273844,0.268547583906664,
H2b,L32-anode,3p0kW,Xe2,c_up=1/160_c_exit=1/300_c_plume=1/16,vacuum,success,2.9428842436867084,8.044447084198758,-0.6341719682055904,43.737711143374895,83.4,-0.4755670126693658,-8.094344664617369,3.2136684989752604,18.98731978116279,3995.999999999999,1.0067804979882464,0.25970366271920214,
H2b,L32-anode,3p0kW,Xe2,c_up=1/160_c_exit=1/300_c_plume=1/32,vacuum,success,2.5907458461525654,8.044447084198758,-0.6779460640319933,41.93107020875734,83.4,-0.4972293739957154,-8.46304689617197,2.8915544693241886,15.547162544249113,3995.999999999999,1.10723463409855,0.271135406458429,
H2b,L32-anode,3p0kW,Xe2,c_up=1/160_c_exit=1/300_c_plume=1/8,vacuum,success,2.713155541843351,8.044447084198758,-0.6627293941465977,43.96416845728584,83.4,-0.47285169715484604,-8.048128886268195,3.843531311695656,25.398786406632535,12986.999999999998,1.0736424246871639,0.2846178835828231,
H2b,L32-anode,3p0kW,Xe2,c_up=1/160_c_exit=1/800_c_plume=1/16,vacuum,success,2.5297838685587606,8.044447084198758,-0.6855242079312239,44.591690123785796,83.4,-0.465327456549331,-7.920063240043714,3.0373755709948425,16.670846444365374,3995.999999999999,1.101730804399848,0.31402454732620694,
H2b,L32-anode,3p0kW,Xe2,c_up=1/160_c_exit=1/800_c_plume=1/32,vacuum,success,2.257006836548019,8.044447084198758,-0.7194329438773577,36.22498429484619,83.4,-0.5656476703255853,-9.627554225541592,2.365498973789757,12.375867068177277,3995.999999999999,1.106973761615674,0.23228581392447822,
H2b,L32-anode,3p0kW,Xe2,c_up=1/160_c_exit=1/800_c_plume=1/8,vacuum,success,2.576030467297524,8.044447084198758,-0.6797753232341509,43.14120017063235,83.4,-0.4827194224144802,-8.216081597830131,3.4174140182529626,20.39170131058478,3995.999999999999,1.022364882364189,0.2886506905631216,
H2b,L32-anode,3p0kW,Xe2,c_up=1/25_c_exit=1/100_c_plume=1/16,vacuum,success,5.844809570699162,8.044447084198758,-0.2734355127800165,77.80462802324593,83.4,-0.06709079108817845,-1.1419126483171596,1.2284318566333856,5.145555075333166,5993.999999999999,0.573132400502753,0.4137896712087943,
H2b,L32-anode,3p0kW,Xe2,c_up=1/25_c_exit=1/100_c_plume=1/32,vacuum,success,4.516352455413785,8.044447084198758,-0.4385751552415585,61.905641870344915,83.4,-0.257726116662531,-4.3866036999296085,2.5518143079646647,13.994888183448936,3995.999999999999,0.770664529112428,0.33900943514774423,
H2b,L32-anode,3p0kW,Xe2,c_up=1/25_c_exit=1/100_c_plume=1/8,vacuum,success,6.44442874613721,8.044447084198758,-0.19889724195021077,87.14029694605732,83.4,0.044847685204524215,0.7633259073586366,1.5276000399425689,5.6416378950291755,5993.999999999999,0.5513307823942293,0.47075267363030737,
H2b,L32-anode,3p0kW,Xe2,c_up=1/25_c_exit=1/300_c_plume=1/16,vacuum,success,4.522528282525698,8.044447084198758,-0.43780744217846385,77.12719390429415,83.4,-0.07521350234659295,-1.2801645093277247,0.5763806596097237,2.2724023948795633,7991.999999999998,0.7896548016665158,0.5255002422766886,
H2b,L32-anode,3p0kW,Xe2,c_up=1/25_c_exit=1/300_c_plume=1/32,vacuum,success,3.820459796020617,8.044447084198758,-0.5250811204259239,60.687215452430465,83.4,-0.2723355461339273,-4.635262152565211,1.506962024269309,6.428121560690699,4994.999999999999,1.0621671606065226,0.3851393902411868,
H2b,L32-anode,3p0kW,Xe2,c_up=1/25_c_exit=1/300_c_plume=1/8,vacuum,success,4.769426721986997,8.044447084198758,-0.40711565728919946,81.9223589961196,83.4,-0.01771751803213906,-0.3015593885470199,0.14517934634090454,0.891962836342901,25973.999999999996,0.7666968031334641,0.5621832072817399,
H2b,L32-anode,3p0kW,Xe2,c_up=1/25_c_exit=1/800_c_plume=1/16,vacuum,success,3.4925999999516115,8.044447084198758,-0.5658371590495108,58.511067344747424,83.4,-0.29842844910374794,-5.079374011276036,0.6315136667699158,4.0708269557026275,7991.999999999998,1.077536887092299,0.39162133331761606,
H2b,L32-anode,3p0kW,Xe2,c_up=1/25_c_exit=1/800_c_plume=1/32,vacuum,success,3.2614667333786196,8.044447084198758,-0.5945691855211616,44.78525825378782,83.4,-0.46300649575793973,-7.8805595400433,1.6830142271326012,9.070083271441323,4994.999999999999,1.0322294672713654,0.2456950252353621,
H2b,L32-anode,3p0kW,Xe2,c_up=1/25_c_exit=1/800_c_plume=1/8,vacuum,success,3.646011467344845,8.044447084198758,-0.546766679029253,68.30098634602415,83.4,-0.18104332918436275,-3.0814313579542554,0.7138090148729694,2.2175231799994277,8990.999999999998,0.9378262203840662,0.5111814329134903,
H2b,L32-anode,3p0kW,Xe2,c_up=1/64_c_exit=1/100_c_plume=1/16,vacuum,success,4.65200255366921,8.044447084198758,-0.421712579500104,70.78219835895806,83.4,-0.15129258562400424,-2.5750615593963166,0.9328662020364134,3.2280728667511664,6992.999999999998,0.8156725100439258,0.43027617540576263,
H2b,L32-anode,3p0kW,Xe2,c_up=1/64_c_exit=1/100_c_plume=1/32,vacuum,success,4.0246863838531475,8.044447084198758,-0.4996938457388071,58.06973257905845,83.4,-0.3037202328650066,-5.169442330804397,2.538165833324502,12.166320426125369,8990.999999999998,0.8914067103604938,0.33473934194731825,
H2b,L32-anode,3p0kW,Xe2,c_up=1/64_c_exit=1/100_c_plume=1/8,vacuum,success,5.3370576974700255,8.044447084198758,-0.33655381885060826,73.50215894952721,83.4,-0.1186791492862444,-2.0199675613209758,1.1956220382651395,4.190092379234679,6992.999999999998,0.689142508948443,0.40442448747202403,
H2b,L32-anode,3p0kW,Xe2,c_up=1/64_c_exit=1/300_c_plume=1/16,vacuum,success,3.427779150519139,8.044447084198758,-0.5738949968044258,55.93904114961735,83.4,-0.3292680917312068,-5.604277316404621,3.5750421627886615,22.234487500465047,3995.999999999999,0.9884213347695836,0.3647172908778235,
H2b,L32-anode,3p0kW,Xe2,c_up=1/64_c_exit=1/300_c_plume=1/32,vacuum,success,2.619757184298556,8.044447084198758,-0.6743396834016855,43.33133391248753,83.4,-0.48043964133708,-8.177278793369892,3.5877228401953687,23.39454838368969,3995.999999999999,1.0355136781187158,0.28634013640453077,
H2b,L32-anode,3p0kW,Xe2,c_up=1/64_c_exit=1/300_c_plume=1/8,vacuum,success,3.462686348492187,8.044447084198758,-0.5695557056626376,55.56027679193737,83.4,-0.3338096307921179,-5.681576164910741,3.807856547341568,24.7221625705737,12986.999999999998,0.9353408406021355,0.3561679174531845,
H2b,L32-anode,3p0kW,Xe2,c_up=1/64_c_exit=1/800_c_plume=1/16,vacuum,success,3.0552609648693005,8.044447084198758,-0.6202024908746591,53.931959913030006,83.4,-0.35333381399244596,-6.013885732034692,3.1909551807703163,17.98719064213017,3995.999999999999,0.9945978091327804,0.3803498462946938,
H2b,L32-anode,3p0kW,Xe2,c_up=1/64_c_exit=1/800_c_plume=1/32,vacuum,success,2.250482708324648,8.044447084198758,-0.7202439540257352,41.1308378827597,83.4,-0.506824485818229,-8.626359615763326,3.256238559422676,19.00676071734423,6992.999999999998,1.043753762256707,0.30032990822666406,
H2b,L32-anode,3p0kW,Xe2,c_up=1/64_c_exit=1/800_c_plume=1/8,vacuum,success,3.096646012214744,8.044447084198758,-0.6150579424784449,55.45950861494019,83.4,-0.3350178823148658,-5.702141098991797,3.474185031298188,20.70286242476147,3995.999999999999,0.9993015267100106,0.396825545956435,
H2b,L32-anode,3p0kW,Xe3,c_up=1/160_c_exit=1/100_c_plume=1/16,vacuum,success,3.88565664506076,6.946746435450754,-0.4406508599145909,60.995818221593446,86.8,-0.2972832002120571,-5.266159546613582,2.1934318465089198,10.24583367675165,5993.999999999999,0.9059446433320556,0.34906788425873997,
H2b,L32-anode,3p0kW,Xe3,c_up=1/160_c_exit=1/100_c_plume=1/32,vacuum,success,3.7500276858067014,6.946746435450754,-0.46017495806821207,59.77541633687535,86.8,-0.31134312975950057,-5.515221155739724,2.4557595790232964,11.773893548749944,4994.999999999999,1.0531516599129516,0.34736410437853327,
H2b,L32-anode,3p0kW,Xe3,c_up=1/160_c_exit=1/100_c_plume=1/8,vacuum,success,3.829299989468277,6.946746435450754,-0.4487635290779395,64.12755423797672,86.8,-0.26120329218920824,-4.627029747351688,2.3409141779072247,11.807518272570661,6992.999999999998,0.9300356138313903,0.39151116818113313,
H2b,L32-anode,3p0kW,Xe3,c_up=1/160_c_exit=1/300_c_plume=1/16,vacuum,success,2.760505733757402,6.946746435450754,-0.6026189008900711,43.14574746626729,86.8,-0.5029291766559069,-8.909031129333206,3.819158897757043,24.975119339030726,12986.999999999998,1.0305683068339158,0.2458450867437954,
H2b,L32-anode,3p0kW,Xe3,c_up=1/160_c_exit=1/300_c_plume=1/32,vacuum,success,2.906534694468212,6.946746435450754,-0.5815976987967295,42.58982063343253,86.8,-0.5093338636701321,-9.022485585013769,3.0835133256923104,17.9452555172564,3995.999999999999,1.0700675887887723,0.22751514054245162,
H2b,L32-anode,3p0kW,Xe3,c_up=1/160_c_exit=1/300_c_plume=1/8,vacuum,success,3.520056591425966,6.946746435450754,-0.4932798218368309,57.95707120114547,86.8,-0.33229180643841627,-5.886311999766231,3.687705076847434,23.561897403373692,8990.999999999998,1.067048576138968,0.3478863656783587,
H2b,L32-anode,3p0kW,Xe3,c_up=1/160_c_exit=1/800_c_plume=1/16,vacuum,success,2.6440288408912043,6.946746435450754,-0.619386015387268,45.148812929255634,86.8,-0.479852385607654,-8.500242259335584,3.53669138332909,21.95883092781943,3995.999999999999,1.1105268801431458,0.28106105791250086,
H2b,L32-anode,3p0kW,Xe3,c_up=1/160_c_exit=1/800_c_plume=1/32,vacuum,success,2.5634848109115516,6.946746435450754,-0.630980512282767,43.99190839266428,86.8,-0.49318077888635625,-8.73634522598688,2.877240516793182,15.975364992776047,3995.999999999999,1.1316956818409671,0.2752257402683295,
H2b,L32-anode,3p0kW,Xe3,c_up=1/160_c_exit=1/800_c_plume=1/8,vacuum,success,2.6969425879663964,6.946746435450754,-0.6117689607607796,48.5235046940218,86.8,-0.4409734482255553,-7.811529654281265,3.879312659031504,25.826786306608323,3995.999999999999,1.1120876958189867,0.3182781411864258,
H2b,L32-anode,3p0kW,Xe3,c_up=1/25_c_exit=1/100_c_plume=1/16,vacuum,success,6.01275095031932,6.946746435450754,-0.13445078121249,89.91391741914033,86.8,0.035874624644473815,0.6354933508449647,1.1787811799799341,4.485110708723994,5993.999999999999,0.5792563429815015,0.4901791293388144,
H2b,L32-anode,3p0kW,Xe3,c_up=1/25_c_exit=1/100_c_plume=1/32,vacuum,success,5.454951575792167,6.946746435450754,-0.2147472739246151,81.48992533591364,86.8,-0.06117597539270008,-1.0836887069564014,0.5803439511146785,3.160352005694688,5993.999999999999,0.6721880841591129,0.44380391855967183,
H2b,L32-anode,3p0kW,Xe3,c_up=1/25_c_exit=1/100_c_plume=1/8,vacuum,success,7.407870648603455,6.946746435450754,0.06637988264541868,102.58326385630136,86.8,0.18183483705416306,3.221074256388031,1.313920790820414,5.0159401541246975,5993.999999999999,0.536319869677134,0.5178855905181592,
H2b,L32-anode,3p0kW,Xe3,c_up=1/25_c_exit=1/300_c_plume=1/16,vacuum,success,4.557349982461856,6.946746435450754,-0.343959071371209,83.9003401331577,86.8,-0.03340621966408185,-0.5917673197637356,0.8989796215933283,3.162763430848652,7991.999999999998,0.7854395958138918,0.5631048316300171,
H2b,L32-anode,3p0kW,Xe3,c_up=1/25_c_exit=1/300_c_plume=1/32,vacuum,success,3.8446387630470107,6.946746435450754,-0.44655547762230313,60.46030286539185,86.8,-0.30345273196553163,-5.3754483948179885,1.2855183241000945,7.353739783065676,5993.999999999999,0.8312938963779096,0.34662452607306166,
H2b,L32-anode,3p0kW,Xe3,c_up=1/25_c_exit=1/300_c_plume=1/8,vacuum,success,5.01701250727805,6.946746435450754,-0.27778960209701237,88.20291859444426,86.8,0.016162656618021277,0.28630991723351973,0.35386838435662105,1.2698902403707766,7991.999999999998,0.7304552000811793,0.5653207424219785,
H2b,L32-anode,3p0kW,Xe3,c_up=1/25_c_exit=1/800_c_plume=1/16,vacuum,success,3.8258409951644463,6.946746435450754,-0.4492614592004755,72.87938535012206,86.8,-0.16037574481426198,-2.840941765281212,0.9244775442417557,3.090540845781215,7991.999999999998,0.9294590524269182,0.50612370480074,
H2b,L32-anode,3p0kW,Xe3,c_up=1/25_c_exit=1/800_c_plume=1/32,vacuum,success,3.3711307123958214,6.946746435450754,-0.5147180419322331,53.28824718490904,86.8,-0.38608010155634753,-6.839133227569584,0.7507468296244695,5.406853985549102,5993.999999999999,1.1123975561276214,0.30708702746794403,
H2b,L32-anode,3p0kW,Xe3,c_up=1/25_c_exit=1/800_c_plume=1/8,vacuum,success,3.8255967842518386,6.946746435450754,-0.44929661391856934,73.07779052146041,86.8,-0.15808997095091684,-2.800450913987669,0.8898987635792823,2.8521900475622695,7991.999999999998,0.8730262210988,0.508915660125653,
H2b,L32-anode,3p0kW,Xe3,c_up=1/64_c_exit=1/100_c_plume=1/16,vacuum,success,5.10863039193171,6.946746435450754,-0.26460099855361624,79.09374836730653,86.8,-0.08878170083748231,-1.5727044148354006,1.0288738705169094,3.3376200211600686,6992.999999999998,0.7770171139244878,0.44643067228482375,
H2b,L32-anode,3p0kW,Xe3,c_up=1/64_c_exit=1/100_c_plume=1/32,vacuum,success,4.433472637440907,6.946746435450754,-0.3617914978419344,68.75364360669984,86.8,-0.20790733172004802,-3.6829298761837075,2.270216057598561,10.431727549369658,4994.999999999999,0.8903516405381008,0.3887063157488894,
H2b,L32-anode,3p0kW,Xe3,c_up=1/64_c_exit=1/100_c_plume=1/8,vacuum,success,5.405600638754524,6.946746435450754,-0.22185145391681907,66.07910278620069,86.8,-0.23872001398386306,-4.228754533428431,1.302236065084132,4.858225828050039,6992.999999999998,0.5384848754810462,0.29448183473755,
H2b,L32-anode,3p0kW,Xe3,c_up=1/64_c_exit=1/300_c_plume=1/16,vacuum,success,3.6994925210447978,6.946746435450754,-0.46744961034341415,69.36661996901331,86.8,-0.20084539206205856,-3.557832659385037,3.59589725571067,22.68498027812975,3995.999999999999,1.0799474088361953,0.47416894267463605,
H2b,L32-anode,3p0kW,Xe3,c_up=1/64_c_exit=1/300_c_plume=1/32,vacuum,success,3.451812690827503,6.946746435450754,-0.5031036870423031,57.17055290442262,86.8,-0.3413530771379883,-6.046825937872934,3.423856919529607,20.624691059857092,3995.999999999999,1.0118360182667814,0.34520077016611705,
H2b,L32-anode,3p0kW,Xe3,c_up=1/64_c_exit=1/300_c_plume=1/8,vacuum,success,4.411125116363637,6.946746435450754,-0.36500847449207174,73.48461846187453,86.8,-0.15340301311204466,-2.7174248036990765,1.3520218677106197,5.067728547775154,6992.999999999998,0.8967150087481894,0.4462905628383454,
H2b,L32-anode,3p0kW,Xe3,c_up=1/64_c_exit=1/800_c_plume=1/16,vacuum,success,3.164387653968631,6.946746435450754,-0.5444791769251754,57.75718945989312,86.8,-0.33459459147588577,-5.927104191858547,3.518074439381604,21.38732064804614,3995.999999999999,1.016035907493405,0.38432321118591123,
H2b,L32-anode,3p0kW,Xe3,c_up=1/64_c_exit=1/800_c_plume=1/32,vacuum,success,2.372140952029208,6.946746435450754,-0.6585248973643751,42.76752809493846,86.8,-0.5072865426850407,-8.986218756135006,3.618461139009799,23.56797517237077,3995.999999999999,1.0472358821214744,0.2811007471680792,
H2b,L32-anode,3p0kW,Xe3,c_up=1/64_c_exit=1/800_c_plume=1/8,vacuum,success,3.5436085732328477,6.946746435450754,-0.4898894603164088,58.086517006938884,86.8,-0.33080049531176403,-5.859894488379819,3.521947700363935,21.600371455528148,3995.999999999999,0.8931539458397139,0.3471195872495069,
H3a,L32-exit,1p6kW,Xe1,c_up=1/160_c_exit=1/100_c_plume=1/16,vacuum,success,1.1543894132338417,6.960964151571712,-0.8341624251903104,16.696641180058617,72.8,-0.770650533240953,-11.449665065294159,0.02096611245410245,0.10931393050133843,1997.9999999999995,0.9423888942756454,0.10463333992910323,
H3a,L32-exit,1p6kW,Xe1,c_up=1/160_c_exit=1/100_c_plume=1/32,vacuum,success,2.3738434131088566e-08,6.960964151571712,-0.9999999965897778,3.315758677152864e-07,72.8,-0.9999999954453865,-14.857142789474311,2.3023108572715802,12.620422143117452,998.9999999999998,1.22091660404792,2.0066792373943855e-09,
H3a,L32-exit,1p6kW,Xe1,c_up=1/160_c_exit=1/100_c_plume=1/8,vacuum,success,1.5749981108447242,6.960964151571712,-0.7737385114260205,21.920779848894718,72.8,-0.6988903866910066,-10.383514316552096,0.7578517005072396,2.5385794960719683,2996.9999999999995,0.9904380301074552,0.13218925629319359,
H3a,L32-exit,1p6kW,Xe1,c_up=1/160_c_exit=1/300_c_plume=1/16,vacuum,success,0.9869270985731207,6.960964151571712,-0.8582197699796682,10.03297017557642,72.8,-0.862184475610214,-12.80959792335175,0.9362005684192783,3.2874786250791233,4994.999999999999,1.206199086406663,0.04419144109160645,
H3a,L32-exit,1p6kW,Xe1,c_up=1/160_c_exit=1/300_c_plume=1/32,vacuum,success,1.0025750234495727,6.960964151571712,-0.8559718163146692,8.908574082200827,72.8,-0.8776294768928458,-13.039066513836564,0.9695670034927266,3.32478939350618,3995.999999999999,1.3493544882381,0.03429759803593223,
H3a,L32-exit,1p6kW,Xe1,c_up=1/160_c_exit=1/300_c_plume=1/8,vacuum,success,1.2421708401385712,6.960964151571712,-0.8215518981148464,13.923041736338623,72.8,-0.8087494266986452,-12.015705768094158,0.8310899106279565,2.709604542206864,4994.999999999999,1.2122316612848973,0.0676162553574291,
H3a,L32-exit,1p6kW,Xe1,c_up=1/160_c_exit=1/800_c_plume=1/16,vacuum,success,1.9248069654417799,6.960964151571712,-0.723485579938351,14.465224450431858,72.8,-0.8013018619446174,-11.905056234605743,0.9447475636731029,3.6036826179787433,5993.999999999999,1.3266262877308876,0.047100700642066624,
H3a,L32-exit,1p6kW,Xe1,c_up=1/160_c_exit=1/800_c_plume=1/32,vacuum,success,1.5072532159117757,6.960964151571712,-0.7834706251760464,8.875006502351651,72.8,-0.8780905700226421,-13.045917040336397,0.8095777293645336,2.5614688071836715,4994.999999999999,1.460505123905623,0.02264202868121889,
H3a,L32-exit,1p6kW,Xe1,c_up=1/160_c_exit=1/800_c_plume=1/8,vacuum,success,2.1747980785137897,6.960964151571712,-0.6875722915448798,18.04871614049192,72.8,-0.752078074993243,-11.173731399899609,0.9782864771680377,3.4683948064673014,5993.999999999999,1.260877370655588,0.06489898195252698,
H3a,L32-exit,1p6kW,Xe1,c_up=1/25_c_exit=1/100_c_plume=1/16,vacuum,success,5.1910869672443525,6.960964151571712,-0.2542574772386581,60.913830641834025,72.8,-0.16327155711766453,-2.425748848605301,1.6296266479510093,6.387428322621666,4994.999999999999,0.7020999716963485,0.3096975101265068,
H3a,L32-exit,1p6kW,Xe1,c_up=1/25_c_exit=1/100_c_plume=1/32,vacuum,success,3.8082984620498355,6.960964151571712,-0.4529064682526828,51.56244737921793,72.8,-0.2917246239118416,-4.3341944124045035,2.729635884139193,14.322764283275852,3995.999999999999,0.9030476993799619,0.30248250678762245,
H3a,L32-exit,1p6kW,Xe1,c_up=1/25_c_exit=1/100_c_plume=1/8,vacuum,success,5.005342874360193,6.960964151571712,-0.2809411504827188,63.59736840565404,72.8,-0.12640977464760939,-1.8780880804787679,1.454844700596032,5.7263700751512525,6992.999999999998,0.6811514835495096,0.3501133359298824,
H3a,L32-exit,1p6kW,Xe1,c_up=1/25_c_exit=1/300_c_plume=1/16,vacuum,success,3.426482910960743,6.960964151571712,-0.5077574260762312,49.86547786194828,72.8,-0.31503464475345777,-4.680514722051372,3.2086002324519187,18.245593031297663,3995.999999999999,0.9162150462511067,0.3144239330158162,
H3a,L32-exit,1p6kW,Xe1,c_up=1/25_c_exit=1/300_c_plume=1/32,vacuum,success,3.3812363125063456,6.960964151571712,-0.5142574736945171,53.73851905223857,72.8,-0.26183352950221744,-3.890098152604373,2.80115083506595,14.904995046114061,9989.999999999998,1.0194371624865084,0.3700497019217905,
H3a,L32-exit,1p6kW,Xe1,c_up=1/25_c_exit=1/300_c_plume=1/8,vacuum,success,4.272196479308018,6.960964151571712,-0.38626368613844947,58.79422919414747,72.8,-0.19238696161885344,-2.858320572622965,3.134160052639896,16.889342490842623,3995.999999999999,0.8537482583308883,0.3505761600745465,
H3a,L32-exit,1p6kW,Xe1,c_up=1/25_c_exit=1/800_c_plume=1/16,vacuum,success,2.1909446652000857,6.960964151571712,-0.6852527009918026,36.14519809438462,72.8,-0.5035000261760354,-7.4805718174725255,3.0547605045821316,16.72028844356091,6992.999999999998,0.9602570060269028,0.25836519292397975,
H3a,L32-exit,1p6kW,Xe1,c_up=1/25_c_exit=1/800_c_plume=1/32,vacuum,success,2.824179183250829,6.960964151571712,-0.5942833317690397,47.08424240333749,72.8,-0.3532384285255839,-5.248113795237246,2.1715752604076184,9.388086340639807,2996.9999999999995,0.964906333139698,0.34011291359400214,
H3a,L32-exit,1p6kW,Xe1,c_up=1/25_c_exit=1/800_c_plume=1/8,vacuum,success,2.960900352149637,6.960964151571712,-0.5746422064993544,50.639099523996634,72.8,-0.3044079735714748,-4.522632750204768,2.9160514990222763,14.981929277383125,3995.999999999999,0.9856862811798377,0.3752427867379306,
H3a,L32-exit,1p6kW,Xe1,c_up=1/64_c_exit=1/100_c_plume=1/16,vacuum,success,3.1662502448328897,6.960964151571712,-0.5451419981644376,37.56580545935402,72.8,-0.4839861887451372,-7.190651947070609,1.5351125657739593,7.385776148985075,4994.999999999999,1.0955742509259714,0.19310982458769627,
H3a,L32-exit,1p6kW,Xe1,c_up=1/64_c_exit=1/100_c_plume=1/32,vacuum,success,2.753950195781987,6.960964151571712,-0.6043723059311871,35.19782949825793,72.8,-0.5165133310678856,-7.673912347294299,1.663320146324656,8.080838686185421,3995.999999999999,1.2542371678647097,0.19491258440952688,
H3a,L32-exit,1p6kW,Xe1,c_up=1/64_c_exit=1/100_c_plume=1/8,vacuum,success,3.655960557492243,6.960964151571712,-0.47479106659861686,46.76713508443744,72.8,-0.3575942982906945,-5.312829574604603,1.4788496063562426,6.725826716363045,5993.999999999999,0.9610881910524871,0.2592055082337599,
H3a,L32-exit,1p6kW,Xe1,c_up=1/64_c_exit=1/300_c_plume=1/16,vacuum,success,2.86350843096846,6.960964151571712,-0.5886333604631607,32.237514083781235,72.8,-0.5571770043436644,-8.278058350248727,1.7262496604585835,7.51609994248798,8990.999999999998,1.0871666710215426,0.15724933558939938,
H3a,L32-exit,1p6kW,Xe1,c_up=1/64_c_exit=1/300_c_plume=1/32,vacuum,success,2.470229043193121,6.960964151571712,-0.6451311931213768,27.582311963486042,72.8,-0.6211220884136534,-9.228099599288562,1.6121791632871028,6.8621858958096125,3995.999999999999,1.1751262007567655,0.13344069777880857,
H3a,L32-exit,1p6kW,Xe1,c_up=1/64_c_exit=1/300_c_plume=1/8,vacuum,success,2.837437088678994,6.960964151571712,-0.592378724140056,34.48267631359592,72.8,-0.526336863824232,-7.819861976817159,1.8811144510982953,8.7376804601464,4994.999999999999,1.1211476876326558,0.18156824060878637,
H3a,L32-exit,1p6kW,Xe1,c_up=1/64_c_exit=1/800_c_plume=1/16,vacuum,success,2.39409009727182,6.960964151571712,-0.6560691816332282,31.840036196287585,72.8,-0.5626368654356101,-8.359176286471921,1.7939565140856195,8.87552741807447,3995.999999999999,1.4357472529971762,0.1834724290683671,
H3a,L32-exit,1p6kW,Xe1,c_up=1/64_c_exit=1/800_c_plume=1/32,vacuum,success,2.5727789981122613,6.960964151571712,-0.6303990450042248,28.932451097296838,72.8,-0.6025762211909775,-8.952561000551666,1.4539561683422888,6.051066766429194,3995.999999999999,1.2673399918798138,0.1409717753391567,
H3a,L32-exit,1p6kW,Xe1,c_up=1/64_c_exit=1/800_c_plume=1/8,vacuum,success,2.7347847834400616,6.960964151571712,-0.6071255757260902,31.61076443289683,72.8,-0.5657862028448238,-8.405966442265953,1.7106128450017637,7.642296322716803,4994.999999999999,1.1036047734862007,0.15831098004772556,
H3a,L32-exit,1p6kW,Xe2,c_up=1/160_c_exit=1/100_c_plume=1/16,vacuum,success,2.4424051299298593,8.044447084198758,-0.696386202262759,36.31919219687351,83.4,-0.5645180791741785,-9.608328123087038,1.09370714538589,4.347635352831591,4994.999999999999,1.0237289486974048,0.21577136445156223,
H3a,L32-exit,1p6kW,Xe2,c_up=1/160_c_exit=1/100_c_plume=1/32,vacuum,success,2.0798317319175266,8.044447084198758,-0.7414574662312319,30.42803318610915,83.4,-0.6351554773847824,-10.81060547222262,0.4146916772001735,2.252809966134915,2996.9999999999995,1.007630528195258,0.17785198346329595,
H3a,L32-exit,1p6kW,Xe2,c_up=1/160_c_exit=1/100_c_plume=1/8,vacuum,success,2.545811459319217,8.044447084198758,-0.6835318285181082,35.41603861573043,83.4,-0.5753472588041915,-9.792645180463177,1.1638785466773918,4.515266372959974,5993.999999999999,0.9963021212493919,0.19683978335733604,
H3a,L32-exit,1p6kW,Xe2,c_up=1/160_c_exit=1/300_c_plume=1/16,vacuum,success,2.0611252199168177,8.044447084198758,-0.743782860606372,24.746540164675906,83.4,-0.7032788949079627,-11.97009384394369,0.9785278975353034,4.530741997366588,4994.999999999999,1.1986914472477432,0.11870356162696662,
H3a,L32-exit,1p6kW,Xe2,c_up=1/160_c_exit=1/300_c_plume=1/32,vacuum,success,2.0173787192848773,8.044447084198758,-0.7492209597291655,21.14799199854245,83.4,-0.7464269544539275,-12.704491428868886,0.9950046332498802,4.127007365156077,4994.999999999999,1.262793104247055,0.0885706822366546,
H3a,L32-exit,1p6kW,Xe2,c_up=1/160_c_exit=1/300_c_plume=1/8,vacuum,success,2.666774535971365,8.044447084198758,-0.6684949869072349,31.922885450104502,83.4,-0.6172315893272842,-10.505533581611326,0.8254576093939364,3.5228637016759254,5993.999999999999,1.1954897649844627,0.15267120376249355,
H3a,L32-exit,1p6kW,Xe2,c_up=1/160_c_exit=1/800_c_plume=1/16,vacuum,success,2.7149439875759143,8.044447084198758,-0.6625070736174371,25.150250711304036,83.4,-0.6984382408716543,-11.887703936468563,0.9575955178291409,3.443152654618596,5993.999999999999,1.3398144114221777,0.09308140151081076,
H3a,L32-exit,1p6kW,Xe2,c_up=1/160_c_exit=1/800_c_plume=1/32,vacuum,success,2.2698958550900983,8.044447084198758,-0.7178307183412613,17.872890527637082,83.4,-0.7856967562633445,-13.372879484155698,0.9121454388859315,3.46818120082643,5993.999999999999,1.250125399174034,0.056224138438957454,
H3a,L32-exit,1p6kW,Xe2,c_up=1/160_c_exit=1/800_c_plume=1/8,vacuum,success,2.7154880623825486,8.044447084198758,-0.6624394400310712,25.395258593450116,83.4,-0.6955004964814135,-11.837702327867323,1.070463883514618,3.6511728236817964,6992.999999999998,1.2853770183083886,0.09488477486330077,
H3a,L32-exit,1p6kW,Xe2,c_up=1/25_c_exit=1/100_c_plume=1/16,vacuum,success,5.015358238686213,8.044447084198758,-0.3765440699414145,67.53106325883043,83.4,-0.19027502087733297,-3.2385585186060344,1.32845433527923,4.795683786521595,5993.999999999999,0.7248406738046689,0.36328240686747737,
H3a,L32-exit,1p6kW,Xe2,c_up=1/25_c_exit=1/100_c_plume=1/32,vacuum,success,4.145037126969504,8.044447084198758,-0.4847331229126536,55.553739368461514,83.4,-0.33388801716473004,-5.682910332967037,2.421684962865698,11.700272416048682,4994.999999999999,0.7833438538656996,0.29746599035656973,
H3a,L32-exit,1p6kW,Xe2,c_up=1/25_c_exit=1/100_c_plume=1/8,vacuum,success,5.558606219941074,8.044447084198758,-0.30901326570230997,80.97912482628817,83.4,-0.02902728026033364,-0.4940561579003725,1.376257303850187,5.450168128339024,6992.999999999998,0.7309597240776845,0.47132383102789527,
H3a,L32-exit,1p6kW,Xe2,c_up=1/25_c_exit=1/300_c_plume=1/16,vacuum,success,3.510122044993667,8.044447084198758,-0.5636590049938428,54.06075103624297,83.4,-0.3517895559203481,-5.9876018293381685,3.472394262343301,20.860024363749762,3995.999999999999,0.9370457566663019,0.33264506371817226,
H3a,L32-exit,1p6kW,Xe2,c_up=1/25_c_exit=1/300_c_plume=1/32,vacuum,success,2.592035192167975,8.044447084198758,-0.6777857862649926,42.50107073912906,83.4,-0.4903948352622414,-8.346720257320598,3.5097232338652575,21.991570625830764,3995.999999999999,1.0900833329990474,0.2784184424996358,
H3a,L32-exit,1p6kW,Xe2,c_up=1/25_c_exit=1/300_c_plume=1/8,vacuum,success,3.738335421623342,8.044447084198758,-0.5352899481474199,56.03967294309447,83.4,-0.32806147550246434,-5.583740215695005,3.461418131763362,21.326055399100397,8990.999999999998,0.855519047862781,0.33562327321556046,
H3a,L32-exit,1p6kW,Xe2,c_up=1/25_c_exit=1/800_c_plume=1/16,vacuum,success,3.040892741668318,8.044447084198758,-0.6219885953826004,52.39483277406663,83.4,-0.3717645950351724,-6.327585148149668,3.0319240708344366,16.29141717569107,3995.999999999999,1.0057990992327774,0.36067410731402405,
H3a,L32-exit,1p6kW,Xe2,c_up=1/25_c_exit=1/800_c_plume=1/32,vacuum,failure,,,,,,,,,,,,,
H3a,L32-exit,1p6kW,Xe2,c_up=1/25_c_exit=1/800_c_plume=1/8,vacuum,success,3.081723762092978,8.044447084198758,-0.6169129177136078,50.268412493140694,83.4,-0.39726124108944016,-6.761548470787613,3.280389288979875,18.182068020999292,3995.999999999999,0.9628201195932157,0.32759388288673885,
H3a,L32-exit,1p6kW,Xe2,c_up=1/64_c_exit=1/100_c_plume=1/16,vacuum,success,3.7127863236430807,8.044447084198758,-0.5384659399480802,48.381427803026796,83.4,-0.4198869567982399,-7.146647387137388,1.420539011818275,6.055426844888613,5993.999999999999,1.0000478378170932,0.2518816655795059,
H3a,L32-exit,1p6kW,Xe2,c_up=1/64_c_exit=1/100_c_plume=1/32,vacuum,success,3.2457725663797583,8.044447084198758,-0.5965201172427076,37.451441822787025,83.4,-0.550941944570899,-9.37725677085979,1.524483114738487,6.854600875669918,4994.999999999999,1.0359218498068947,0.1726466473789859,
H3a,L32-exit,1p6kW,Xe2,c_up=1/64_c_exit=1/100_c_plume=1/8,vacuum,success,4.058256579259198,8.044447084198758,-0.49552075651904076,52.45992520162898,83.4,-0.37098411029221856,-6.314300979259392,1.3870013641760874,6.415287761597487,6992.999999999998,0.8620645551193549,0.2709286812370889,
H3a,L32-exit,1p6kW,Xe2,c_up=1/64_c_exit=1/300_c_plume=1/16,vacuum,success,2.8962050826373003,8.044447084198758,-0.6399746244429716,35.5914934412645,83.4,-0.5732434839176919,-9.756838073211325,1.8724104556931085,8.207044916772492,4994.999999999999,1.1855675442383755,0.1747439958058499,
H3a,L32-exit,1p6kW,Xe2,c_up=1/64_c_exit=1/300_c_plume=1/32,vacuum,success,2.7625442692248017,8.044447084198758,-0.6565899134757058,32.8360515938665,83.4,-0.6062823549896103,-10.319173144108875,1.7693980696428073,7.5231488601626175,4994.999999999999,1.1657370049587101,0.15593074825798434,
H3a,L32-exit,1p6kW,Xe2,c_up=1/64_c_exit=1/300_c_plume=1/8,vacuum,success,3.281164196701599,8.044447084198758,-0.592120606629808,38.11845600396126,83.4,-0.5429441726143733,-9.241131427763007,1.8378653939845917,8.073062048343752,10988.999999999998,1.0391959785773242,0.17692197902138584,
H3a,L32-exit,1p6kW,Xe2,c_up=1/64_c_exit=1/800_c_plume=1/16,vacuum,success,2.830907777137134,8.044447084198758,-0.6480916901426672,32.7751140972801,83.4,-0.6070130204163058,-10.331609367902018,1.7035610090731286,7.927831301752677,4994.999999999999,1.2162049319143706,0.1516009257575345,
H3a,L32-exit,1p6kW,Xe2,c_up=1/64_c_exit=1/800_c_plume=1/32,vacuum,success,2.4589751872912355,8.044447084198758,-0.6943263891782869,32.74726338062958,83.4,-0.6073469618629547,-10.337293187626615,1.742447746985572,7.56609406081866,4994.999999999999,1.5210162907650904,0.1742348514822644,
H3a,L32-exit,1p6kW,Xe2,c_up=1/64_c_exit=1/800_c_plume=1/8,vacuum,success,3.235658388380168,8.044447084198758,-0.5977774041505246,35.05602311143422,83.4,-0.5796639914696137,-9.866117732360362,1.7288237413467717,7.420555900866531,4994.999999999999,1.032890115861295,0.15174059395396694,
H3a,L32-exit,1p6kW,Xe3,c_up=1/160_c_exit=1/100_c_plume=1/16,vacuum,success,3.243363033365023,6.946746435450754,-0.5331104908603778,41.95625526500137,86.8,-0.5166330038594312,-9.151784639795638,1.0526927375966035,3.7973555347991783,6992.999999999998,0.936857666295408,0.19786640716506176,
H3a,L32-exit,1p6kW,Xe3,c_up=1/160_c_exit=1/100_c_plume=1/32,vacuum,success,2.951496418191797,6.946746435450754,-0.5751253560760948,41.47972392152712,86.8,-0.5221229962957706,-9.24903593438222,1.0030871736004126,3.821983343592282,5993.999999999999,1.06670831366924,0.2125218785991827,
H3a,L32-exit,1p6kW,Xe3,c_up=1/160_c_exit=1/100_c_plume=1/8,vacuum,success,3.2773825466879707,6.946746435450754,-0.5282133042941115,46.34581093859056,86.8,-0.46606208596093823,-8.255956951308049,1.1098412334286978,4.102619918402374,7991.999999999998,0.988110889220572,0.2389285387946849,
H3a,L32-exit,1p6kW,Xe3,c_up=1/160_c_exit=1/300_c_plume=1/16,vacuum,success,2.7818307760777343,6.946746435450754,-0.5995491123900177,39.69395565183925,86.8,-0.5426963634580733,-9.613478438400152,0.9270113849821554,3.1164678346387107,5993.999999999999,1.2935136033121146,0.206486776820562,
H3a,L32-exit,1p6kW,Xe3,c_up=1/160_c_exit=1/300_c_plume=1/32,vacuum,success,2.672164245747029,6.946746435450754,-0.6153358596608054,29.981768359070525,86.8,-0.6545879221305239,-11.595557477740707,0.8723737475417107,2.9169937203359213,4994.999999999999,1.120018845051341,0.1226381336295951,
H3a,L32-exit,1p6kW,Xe3,c_up=1/160_c_exit=1/300_c_plume=1/8,vacuum,success,3.1061647031835187,6.946746435450754,-0.5528605035398894,44.92879960732471,86.8,-0.4823871012981024,-8.545142937280671,1.0073851627306407,3.4923742460035987,6992.999999999998,1.2544430297238218,0.23691870107427468,
H3a,L32-exit,1p6kW,Xe3,c_up=1/160_c_exit=1/800_c_plume=1/16,vacuum,success,2.8035204819441373,6.946746435450754,-0.5964268297404431,23.891947408177952,86.8,-0.7247471496753692,-12.838378079963682,1.1274948190366172,3.9531575072051797,6992.999999999998,1.2156599918256497,0.0742289913536378,
H3a,L32-exit,1p6kW,Xe3,c_up=1/160_c_exit=1/800_c_plume=1/32,vacuum,success,2.785725243204577,6.946746435450754,-0.5989884949609766,24.345022306964506,86.8,-0.7195273927769067,-12.745913814905203,0.9635861076100573,3.49493765895369,5993.999999999999,1.2883987515096733,0.07756329788597346,
H3a,L32-exit,1p6kW,Xe3,c_up=1/160_c_exit=1/800_c_plume=1/8,vacuum,success,2.7004978429065214,6.946746435450754,-0.6112571737000079,23.25196477722288,86.8,-0.7321202214605659,-12.968986780158593,1.307729798752879,4.905263756977316,7991.999999999998,1.2011184196864801,0.0729876986853974,
H3a,L32-exit,1p6kW,Xe3,c_up=1/25_c_exit=1/100_c_plume=1/16,vacuum,success,4.981072989571982,6.946746435450754,-0.28296317767516516,70.05825290944195,86.8,-0.19287727062854895,-3.4166830797057237,1.3111791134196027,4.818929520650186,6992.999999999998,0.6975016201037998,0.35922776178284704,
H3a,L32-exit,1p6kW,Xe3,c_up=1/25_c_exit=1/100_c_plume=1/32,vacuum,success,4.558492874609586,6.946746435450754,-0.3437945494387692,63.897810854024755,86.8,-0.26385010536837844,-4.673916152239846,1.4396663947086132,4.935815790636319,4994.999999999999,0.7696369269918925,0.3265313403155268,
H3a,L32-exit,1p6kW,Xe3,c_up=1/25_c_exit=1/100_c_plume=1/8,vacuum,success,6.059162333993219,6.946746435450754,-0.1277697566342714,86.10607269027128,86.8,-0.007994554259547532,-0.14161781831198483,1.908160218780718,8.148489283273413,6992.999999999998,0.6085412199149953,0.44609686094850826,
H3a,L32-exit,1p6kW,Xe3,c_up=1/25_c_exit=1/300_c_plume=1/16,vacuum,success,3.5788562462983564,6.946746435450754,-0.48481547735286884,56.739612166273695,86.8,-0.34631783218578693,-6.134773027291081,3.6333660604645144,22.491235255302225,12986.999999999998,0.8929607861372071,0.32794624609891115,
H3a,L32-exit,1p6kW,Xe3,c_up=1/25_c_exit=1/300_c_plume=1/32,vacuum,success,3.522729447083457,6.946746435450754,-0.49289505816619356,60.85999663805955,86.8,-0.298847964999314,-5.293878237130704,3.220833653797278,19.090377414704772,3995.999999999999,1.0860721434726113,0.3833175915267852,
H3a,L32-exit,1p6kW,Xe3,c_up=1/25_c_exit=1/300_c_plume=1/8,vacuum,success,4.1753066066475455,6.946746435450754,-0.39895508704045246,77.29577454300983,86.8,-0.10949568498836605,-1.9396378483653411,1.679914341529186,6.713586774667988,5993.999999999999,1.0482004591556768,0.5216717589037693,
H3a,L32-exit,1p6kW,Xe3,c_up=1/25_c_exit=1/800_c_plume=1/16,vacuum,success,3.147681708074624,6.946746435450754,-0.5468840359551168,51.376921681319956,86.8,-0.4080999806299544,-7.229199656873478,3.334443069674092,19.247473838772198,3995.999999999999,1.013134574444356,0.3057169659552148,
H3a,L32-exit,1p6kW,Xe3,c_up=1/25_c_exit=1/800_c_plume=1/32,vacuum,failure,,,,,,,,,,,,,
H3a,L32-exit,1p6kW,Xe3,c_up=1/25_c_exit=1/800_c_plume=1/8,vacuum,failure,,,,,,,,,,,,,
H3a,L32-exit,1p6kW,Xe3,c_up=1/64_c_exit=1/100_c_plume=1/16,vacuum,success,3.8419844023117142,6.946746435450754,-0.4469375789066901,54.478158986428525,86.8,-0.37237144024851926,-6.5962940844023406,1.3585028491245423,5.886063216315404,6992.999999999998,0.9125864940902714,0.28161996525047345,
H3a,L32-exit,1p6kW,Xe3,c_up=1/64_c_exit=1/100_c_plume=1/32,vacuum,success,3.4955495570416915,6.946746435450754,-0.49680766535494314,44.778304892637266,86.8,-0.4841209113751467,-8.57585614435974,1.4765023772193417,6.113980191967024,5993.999999999999,0.9806266868314174,0.20911925691232072,
H3a,L32-exit,1p6kW,Xe3,c_up=1/64_c_exit=1/100_c_plume=1/8,vacuum,success,4.380485799089129,6.946746435450754,-0.36941907412446207,70.55692805629714,86.8,-0.18713216525003298,-3.3149126415720125,1.2705817890411928,5.135147274735494,6992.999999999998,0.979274269695632,0.4143155597249739,
H3a,L32-exit,1p6kW,Xe3,c_up=1/64_c_exit=1/300_c_plume=1/16,vacuum,success,2.9818828964005237,6.946746435450754,-0.5707511532041347,40.22833278499859,86.8,-0.5365399448732882,-9.504421880612531,1.8050195999298795,8.566409611466174,5993.999999999999,1.1183002087470864,0.19785529470215155,
H3a,L32-exit,1p6kW,Xe3,c_up=1/64_c_exit=1/300_c_plume=1/32,vacuum,success,3.017879116544983,6.946746435450754,-0.5655694151805957,35.909716340320536,86.8,-0.5862935905493026,-10.385772175444787,1.677396114527574,7.336764414574027,4994.999999999999,1.1315882656462497,0.155774476951642,
H3a,L32-exit,1p6kW,Xe3,c_up=1/64_c_exit=1/300_c_plume=1/8,vacuum,success,3.40891927854434,6.946746435450754,-0.5092782916117558,46.48766631722453,86.8,-0.46442780740524736,-8.22700687403581,1.6437631304609461,7.462996289103161,5993.999999999999,1.0628435782854617,0.23111757135256278,
H3a,L32-exit,1p6kW,Xe3,c_up=1/64_c_exit=1/800_c_plume=1/16,vacuum,success,3.369428731571564,6.946746435450754,-0.5149630459553499,43.59735345393372,86.8,-0.49772634269661614,-8.816866642054341,1.6374646301812734,7.1516176554370325,10988.999999999998,1.2303110255986867,0.20565447808922033,
H3a,L32-exit,1p6kW,Xe3,c_up=1/64_c_exit=1/800_c_plume=1/32,vacuum,success,2.907492067360902,6.946746435450754,-0.5814598827843579,36.96226397873282,86.8,-0.5741674656828016,-10.170966534952484,1.6204794291666949,6.997841246089951,4994.999999999999,1.265418657606351,0.17130608213347034,
H3a,L32-exit,1p6kW,Xe3,c_up=1/64_c_exit=1/800_c_plume=1/8,vacuum,success,2.849594201369083,6.946746435450754,-0.5897944127013208,38.33269121732796,86.8,-0.558379133440922,-9.891287506667762,1.8142486584277662,9.363852228033872,5993.999999999999,1.225668930198009,0.1879878563369621,
H3b,L32-exit,3p0kW,Xe1,c_up=1/160_c_exit=1/100_c_plume=1/16,vacuum,success,2.5029866058559542,6.960964151571712,-0.6404252986576858,36.08081730804863,72.8,-0.5043843776366946,-7.493710753459463,1.18686943500717,4.630386087965065,5993.999999999999,1.0386522788711812,0.2253504363271981,
H3b,L32-exit,3p0kW,Xe1,c_up=1/160_c_exit=1/100_c_plume=1/32,vacuum,success,2.541884232056598,6.960964151571712,-0.6348373333480439,33.70968582910951,72.8,-0.5369548649847594,-7.977615136916425,0.9295169975196301,3.108579362599573,4994.999999999999,1.0129994993540703,0.19369474500210013,
H3b,L32-exit,3p0kW,Xe1,c_up=1/160_c_exit=1/100_c_plume=1/8,vacuum,success,2.7400886706042424,6.960964151571712,-0.6063636285232759,37.970256178640355,72.8,-0.47843054699669846,-7.108110983950948,1.1839760661304979,4.298769282912845,6992.999999999998,0.9901686881459059,0.2279746895677607,
H3b,L32-exit,3p0kW,Xe1,c_up=1/160_c_exit=1/300_c_plume=1/16,vacuum,success,2.7645629518099057,6.960964151571712,-0.6028476958632668,30.667700153349276,72.8,-0.5787403825089386,-8.598428540132801,0.7831999206658621,3.192302484114289,5993.999999999999,1.147503184807379,0.14740089774162815,
H3b,L32-exit,3p0kW,Xe1,c_up=1/160_c_exit=1/300_c_plume=1/32,vacuum,success,2.5624896190861346,6.960964151571712,-0.6318771992946478,26.662981422234683,72.8,-0.6337502551890841,-9.415718077094963,0.7234258420011569,2.7773365198448996,5993.999999999999,1.1804278294946673,0.12020416085080207,
H3b,L32-exit,3p0kW,Xe1,c_up=1/160_c_exit=1/300_c_plume=1/8,vacuum,success,2.873391335132294,6.960964151571712,-0.587213599644309,34.67862281836878,72.8,-0.5236452909564728,-7.7798728942104525,0.8404994025184997,2.802328254382189,6992.999999999998,1.1547653461240768,0.18133978730640474,
H3b,L32-exit,3p0kW,Xe1,c_up=1/160_c_exit=1/800_c_plume=1/16,vacuum,success,2.5286818875827373,6.960964151571712,-0.6367339591869917,22.16459678854179,72.8,-0.6955412529046457,-10.33375575744045,1.0394493870329173,3.713394494360441,5993.999999999999,1.2169508762956038,0.08417626816723144,
H3b,L32-exit,3p0kW,Xe1,c_up=1/160_c_exit=1/800_c_plume=1/32,vacuum,success,2.4087746516406794,6.960964151571712,-0.6539596240993708,19.805419160301042,72.8,-0.7279475390068538,-10.815220579530399,0.9804121721926811,3.775405066619815,5993.999999999999,1.314596401026285,0.07055634898080225,
H3b,L32-exit,3p0kW,Xe1,c_up=1/160_c_exit=1/800_c_plume=1/8,vacuum,success,2.5585795915436598,6.960964151571712,-0.6324389070491104,26.445747577902353,72.8,-0.6367342365672753,-9.460051514713804,1.1305676454405804,4.062781066837877,6992.999999999998,1.3144596062278318,0.118434153616792,
H3b,L32-exit,3p0kW,Xe1,c_up=1/25_c_exit=1/100_c_plume=1/16,vacuum,success,4.711502623658233,6.960964151571712,-0.32315372970360356,66.30043584080357,72.8,-0.08927972746148946,-1.3264416651421291,1.6129214335245121,6.337047493149898,5993.999999999999,0.7968584434778716,0.4042383615051415,
H3b,L32-exit,3p0kW,Xe1,c_up=1/25_c_exit=1/100_c_plume=1/32,vacuum,success,3.9668618046019297,6.960964151571712,-0.4301275343148759,55.1994077695177,72.8,-0.24176637679233934,-3.5919575980576126,2.7437208976018064,14.386341872051608,3995.999999999999,0.9125863923550276,0.33280202561169686,
H3b,L32-exit,3p0kW,Xe1,c_up=1/25_c_exit=1/100_c_plume=1/8,vacuum,success,5.391872192155919,6.960964151571712,-0.22541302113465256,62.75769492598625,72.8,-0.13794375101667244,-2.049450015104848,1.5122686874777993,6.238048567177804,12986.999999999998,0.6156556072356146,0.3164889661378068,
H3b,L32-exit,3p0kW,Xe1,c_up=1/25_c_exit=1/300_c_plume=1/16,vacuum,success,3.527065865748276,6.960964151571712,-0.4933078537759885,54.24587662731772,72.8,-0.2548643320423391,-3.786555790343323,3.2243292846359255,18.133056500487967,3995.999999999999,0.9465858494843272,0.3614798466754481,
H3b,L32-exit,3p0kW,Xe1,c_up=1/25_c_exit=1/300_c_plume=1/32,vacuum,success,3.4511073984529266,6.960964151571712,-0.504219915042415,54.0609059418033,72.8,-0.2574051381620426,-3.8243049098360613,2.8112464412759843,14.629179811602038,6992.999999999998,0.9954192975479538,0.366920823256027,
H3b,L32-exit,3p0kW,Xe1,c_up=1/25_c_exit=1/300_c_plume=1/8,vacuum,success,4.4523617299347,6.960964151571712,-0.3603814596675658,67.96536738660032,72.8,-0.06640978864560004,-0.9866597170203435,3.0753197789307056,16.300454851668523,12986.999999999998,0.9007665371703291,0.44952007548661205,
H3b,L32-exit,3p0kW,Xe1,c_up=1/25_c_exit=1/800_c_plume=1/16,vacuum,failure,,,,,,,,,,,,,
H3b,L32-exit,3p0kW,Xe1,c_up=1/25_c_exit=1/800_c_plume=1/32,vacuum,success,3.1029063976937934,6.960964151571712,-0.5542418650449177,32.37623408090285,72.8,-0.5552715098777081,-8.24974814675452,1.1241499661222387,4.006433968507173,4994.999999999999,1.1139816483063816,0.14636868914422962,
H3b,L32-exit,3p0kW,Xe1,c_up=1/25_c_exit=1/800_c_plume=1/8,vacuum,failure,,,,,,,,,,,,,
H3b,L32-exit,3p0kW,Xe1,c_up=1/64_c_exit=1/100_c_plume=1/16,vacuum,success,3.4226645052522184,6.960964151571712,-0.5083059715974235,49.464330303043205,72.8,-0.3205449134197363,-4.76238157080751,1.46324424339831,5.994993203636603,5993.999999999999,0.983290752255991,0.3097306126612905,
H3b,L32-exit,3p0kW,Xe1,c_up=1/64_c_exit=1/100_c_plume=1/32,vacuum,success,3.302478243283615,6.960964151571712,-0.5255717209033536,48.6804934532998,72.8,-0.3313119031140137,-4.922348274836774,1.535872133963793,6.261240742241929,4994.999999999999,1.0423925795547966,0.31090963006976025,
H3b,L32-exit,3p0kW,Xe1,c_up=1/64_c_exit=1/100_c_plume=1/8,vacuum,success,3.9978534023615495,6.960964151571712,-0.42567533529692486,53.475065606227595,72.8,-0.2654523955188517,-3.9438641619943677,1.268880142504272,5.108915746736293,6992.999999999998,0.832607501530953,0.30991313463036074,
H3b,L32-exit,3p0kW,Xe1,c_up=1/64_c_exit=1/300_c_plume=1/16,vacuum,success,3.0133929459938016,6.960964151571712,-0.5671012117892592,45.60513241369617,72.8,-0.3735558734382395,-5.549972976796701,1.9159291343960223,8.058663027489505,8990.999999999998,0.9766420988712035,0.2990445350900389,
H3b,L32-exit,3p0kW,Xe1,c_up=1/64_c_exit=1/300_c_plume=1/32,vacuum,success,2.65892692927301,6.960964151571712,-0.6180231830855425,38.37152256131462,72.8,-0.47291864613578827,-7.026219885445996,1.5134580482473754,6.10729366514363,3995.999999999999,1.053879875051039,0.23992519542129004,
H3b,L32-exit,3p0kW,Xe1,c_up=1/64_c_exit=1/300_c_plume=1/8,vacuum,success,3.055910648883295,6.960964151571712,-0.5609931925603578,45.978959307184184,72.8,-0.36842088863758,-5.473681774044045,1.8644677905525342,7.939134641035132,4994.999999999999,1.001350192249507,0.29973800887994767,
H3b,L32-exit,3p0kW,Xe1,c_up=1/64_c_exit=1/800_c_plume=1/16,vacuum,success,2.871521117249262,6.960964151571712,-0.5874822718917604,32.78754228978927,72.8,-0.5496216718435539,-8.165807695961373,1.02289214810663,3.8101314428334274,5993.999999999999,1.173941931540601,0.16220711819090994,
H3b,L32-exit,3p0kW,Xe1,c_up=1/64_c_exit=1/800_c_plume=1/32,vacuum,success,2.3738993176876595,6.960964151571712,-0.6589697539023157,14.33016130276062,72.8,-0.8031571249620794,-11.93262014229375,0.8184264894798489,4.728597400045316,998.9999999999998,1.2379885380200677,0.037480386242995066,
H3b,L32-exit,3p0kW,Xe1,c_up=1/64_c_exit=1/800_c_plume=1/8,vacuum,success,2.4469464027324785,6.960964151571712,-0.6484759367450579,39.64703943674896,72.8,-0.4553978099347671,-6.765910319030825,1.8296491314627217,7.807772645959339,3995.999999999999,1.002193120611709,0.27833079771445907,
H3b,L32-exit,3p0kW,Xe2,c_up=1/160_c_exit=1/100_c_plume=1/16,vacuum,success,3.184104894655278,8.044447084198758,-0.6041859855216613,44.11448679300995,83.4,-0.47104931902865765,-8.017451674895927,1.09083607920339,3.859787712149221,6992.999999999998,1.0095433921876116,0.2441823373026667,
H3b,L32-exit,3p0kW,Xe2,c_up=1/160_c_exit=1/100_c_plume=1/32,vacuum,success,2.949714836795058,8.044447084198758,-0.6333228616061118,41.14130551043542,83.4,-0.5066989746950189,-8.62422336521726,1.0165901870212688,3.5296292532724616,5993.999999999999,1.0546939178507828,0.2292531202032677,
H3b,L32-exit,3p0kW,Xe2,c_up=1/160_c_exit=1/100_c_plume=1/8,vacuum,success,3.385362215116303,8.044447084198758,-0.5791678185358476,48.61146692416389,83.4,-0.41712869395486946,-7.0997006277216546,1.1723525805693804,4.244326402252414,7991.999999999998,1.0169822433515356,0.27887620592791,
H3b,L32-exit,3p0kW,Xe2,c_up=1/160_c_exit=1/300_c_plume=1/16,vacuum,success,3.0337362619941524,8.044447084198758,-0.6228782127297295,38.530605345220025,83.4,-0.5380023339901676,-9.157019317302035,0.8789880899679942,2.9777406670074567,6992.999999999998,1.2106644775943292,0.19551180807114937,
H3b,L32-exit,3p0kW,Xe2,c_up=1/160_c_exit=1/300_c_plume=1/32,vacuum,success,3.0745097542328987,8.044447084198758,-0.6178096863522192,33.99331370761139,83.4,-0.5924063104602951,-10.082997202528286,0.748832164295786,2.5123905812910423,6992.999999999998,1.1721336263212374,0.15015862386174955,
H3b,L32-exit,3p0kW,Xe2,c_up=1/160_c_exit=1/300_c_plume=1/8,vacuum,success,3.1800699289135834,8.044447084198758,-0.6046875694962291,38.32898987566876,83.4,-0.5404197856634442,-9.19816533149617,0.9388391656104603,3.2975778230206374,6992.999999999998,1.1052873807824342,0.18456834936550892,
H3b,L32-exit,3p0kW,Xe2,c_up=1/160_c_exit=1/800_c_plume=1/16,vacuum,success,2.655319554281447,8.044447084198758,-0.66991894825225,25.247198070021287,83.4,-0.6972758025177304,-11.867918761220144,1.136577076362266,3.8320482694339506,6992.999999999998,1.2261246899858267,0.09590665212915496,
H3b,L32-exit,3p0kW,Xe2,c_up=1/160_c_exit=1/800_c_plume=1/32,vacuum,success,2.7191957929068575,8.044447084198758,-0.6619785344541558,23.792087146304905,83.4,-0.7147231757037782,-12.164880174223487,0.972159835337148,3.3016982275106104,5993.999999999999,1.271592971638018,0.08316943565646757,
H3b,L32-exit,3p0kW,Xe2,c_up=1/160_c_exit=1/800_c_plume=1/8,vacuum,success,2.846366950442779,8.044447084198758,-0.6461699703347253,27.359068413905735,83.4,-0.671953616140219,-11.436924813488623,1.2047648019337998,4.244843395173126,6992.999999999998,1.2094415193960666,0.10506326017958184,
H3b,L32-exit,3p0kW,Xe2,c_up=1/25_c_exit=1/100_c_plume=1/16,vacuum,success,5.057237554192902,8.044447084198758,-0.371338079390622,65.15937149973493,83.4,-0.21871257194562438,-3.7225772449520553,1.348990172561024,5.431100087795491,5993.999999999999,0.6899559658171098,0.3354127515591642,
H3b,L32-exit,3p0kW,Xe2,c_up=1/25_c_exit=1/100_c_plume=1/32,vacuum,success,4.889462709476821,8.044447084198758,-0.3921940615308528,71.77374275173882,83.4,-0.13940356412783184,-2.3727055608696275,2.293974182880222,10.634163020202562,8990.999999999998,0.8682165185776374,0.4209293412683346,
H3b,L32-exit,3p0kW,Xe2,c_up=1/25_c_exit=1/100_c_plume=1/8,vacuum,success,5.84533826866363,8.044447084198758,-0.27336979067892814,78.7176061753488,83.4,-0.05614381084713671,-0.9555905764594287,1.3891967200998934,5.779367067821018,6992.999999999998,0.6359955744770781,0.423519351380554,
H3b,L32-exit,3p0kW,Xe2,c_up=1/25_c_exit=1/300_c_plume=1/16,vacuum,success,3.627719830748842,8.044447084198758,-0.5490405005118919,56.22453930729372,83.4,-0.325844852430531,-5.546012386266589,3.420461396846622,20.240006320723186,3995.999999999999,0.9062328399754785,0.34814264339168355,
H3b,L32-exit,3p0kW,Xe2,c_up=1/25_c_exit=1/300_c_plume=1/32,vacuum,success,2.670037694478037,8.044447084198758,-0.6680893457895152,37.57203104048715,83.4,-0.5494960306896025,-9.352646726431194,3.5257443493446656,23.375175195220365,3995.999999999999,0.9542566592553929,0.21122781311348593,
H3b,L32-exit,3p0kW,Xe2,c_up=1/25_c_exit=1/300_c_plume=1/8,vacuum,success,4.211052464250574,8.044447084198758,-0.47652679914793644,62.112266116188714,83.4,-0.2552486077195598,-4.3444354864921,1.5470892149528455,5.955574581935218,5993.999999999999,0.8673904455447521,0.3660186771116247,
H3b,L32-exit,3p0kW,Xe2,c_up=1/25_c_exit=1/800_c_plume=1/16,vacuum,success,3.1008297893723755,8.044447084198758,-0.6145378598532699,44.80802541664423,83.4,-0.46273350819371434,-7.8759131802766875,1.526333659327122,6.37354915955522,4994.999999999999,1.1468742188698282,0.2586859459812345,
H3b,L32-exit,3p0kW,Xe2,c_up=1/25_c_exit=1/800_c_plume=1/32,vacuum,success,3.125579377070853,8.044447084198758,-0.6114612546572346,35.20154130118558,83.4,-0.5779191690505326,-9.836420142615188,1.2690062823601655,5.467825892577577,4994.999999999999,1.0509796015991688,0.15839153829612884,
H3b,L32-exit,3p0kW,Xe2,c_up=1/25_c_exit=1/800_c_plume=1/8,vacuum,success,3.178095015337439,8.044447084198758,-0.604933069722096,46.260966573756505,83.4,-0.44531215139380687,-7.579394576784385,1.5546709081621748,7.024632739010532,4994.999999999999,1.1077022873254636,0.26903059897276954,
H3b,L32-exit,3p0kW,Xe2,c_up=1/64_c_exit=1/100_c_plume=1/16,vacuum,success,4.46398205439262,8.044447084198758,-0.44508528582890905,61.391179791659965,83.4,-0.2638947267187055,-4.491595960885721,1.1127216598985978,3.8709098996176112,5993.999999999999,0.8123732445063632,0.3373095750542532,
H3b,L32-exit,3p0kW,Xe2,c_up=1/64_c_exit=1/100_c_plume=1/32,vacuum,success,3.5424219718171575,8.044447084198758,-0.5596438220377716,55.638660614272126,83.4,-0.3328697768072887,-5.665579466475076,1.3780886355003903,5.545607905706334,4994.999999999999,1.0926658361359736,0.34913403759252837,
H3b,L32-exit,3p0kW,Xe2,c_up=1/64_c_exit=1/100_c_plume=1/8,vacuum,success,4.661484751559369,8.044447084198758,-0.4205338536298344,65.29105524984006,83.4,-0.21713363009784112,-3.695703010236724,1.0927736714629832,4.1471748198687655,6992.999999999998,0.815718955025985,0.36536105962278204,
H3b,L32-exit,3p0kW,Xe2,c_up=1/64_c_exit=1/300_c_plume=1/16,vacuum,success,3.1699453484237226,8.044447084198758,-0.6059461495308656,45.61658826430099,83.4,-0.45303851002037193,-7.710900354224289,1.683704861629372,6.874375217430976,4994.999999999999,0.9948550963688934,0.2622605555044362,
H3b,L32-exit,3p0kW,Xe2,c_up=1/64_c_exit=1/300_c_plume=1/32,vacuum,success,3.2448810631096072,8.044447084198758,-0.5966309394360565,53.05214805709468,83.4,-0.36388311682140667,-6.193439172021493,1.4929468789112201,5.802482273211252,8990.999999999998,1.1635549409127992,0.34653436848595986,
H3b,L32-exit,3p0kW,Xe2,c_up=1/64_c_exit=1/300_c_plume=1/8,vacuum,success,3.585802289537921,8.044447084198758,-0.5542512428751871,62.92147671423129,83.4,-0.24554584275502053,-4.17929046648341,1.5624160191130754,6.29575469490627,10988.999999999998,1.1674558454209654,0.44111377841964755,
H3b,L32-exit,3p0kW,Xe2,c_up=1/64_c_exit=1/800_c_plume=1/16,vacuum,success,3.1753969532888506,8.044447084198758,-0.6052684640655914,37.25360355667557,83.4,-0.5533141060350651,-9.417631927209067,1.1235225658395105,4.4305916629478705,5993.999999999999,1.1562209119228373,0.17461345428703237,
H3b,L32-exit,3p0kW,Xe2,c_up=1/64_c_exit=1/800_c_plume=1/32,vacuum,success,3.011816078557523,8.044447084198758,-0.625603096516918,35.80423499158472,83.4,-0.5706926260001832,-9.71342143028883,0.9487696247331504,3.7181592505670293,4994.999999999999,1.1342065134820827,0.17005112155979787,
H3b,L32-exit,3p0kW,Xe2,c_up=1/64_c_exit=1/800_c_plume=1/8,vacuum,success,3.0483866755371456,8.044447084198758,-0.6210570293233808,50.95329674249807,83.4,-0.38904919973023905,-6.621776175000394,1.568102624803852,6.076363568919363,4994.999999999999,1.0690428356231394,0.3402621744416156,
H3b,L32-exit,3p0kW,Xe3,c_up=1/160_c_exit=1/100_c_plume=1/16,vacuum,success,3.4805307304132183,6.946746435450754,-0.49896965971705615,50.11683357517009,86.8,-0.422617124710022,-7.486360494863246,1.1603819350308369,4.413327821895854,7991.999999999998,1.0046364489528845,0.2630849278065458,
H3b,L32-exit,3p0kW,Xe3,c_up=1/160_c_exit=1/100_c_plume=1/32,vacuum,success,3.2577886888623793,6.946746435450754,-0.5310338848360469,43.97517727035503,86.8,-0.49337353375167015,-8.73975974074387,1.1093617333118932,4.109655957397721,6992.999999999998,1.0283214585674596,0.2164045954562934,
H3b,L32-exit,3p0kW,Xe3,c_up=1/160_c_exit=1/100_c_plume=1/8,vacuum,success,3.703800958098385,6.946746435450754,-0.46682940099884956,54.984102341385295,86.8,-0.36654259975362563,-6.493040338492796,1.1444250564383047,4.4580494712018774,8990.999999999998,0.9806394596418392,0.2975780072748218,
H3b,L32-exit,3p0kW,Xe3,c_up=1/160_c_exit=1/300_c_plume=1/16,vacuum,success,3.3766340364415335,6.946746435450754,-0.5139258258787398,44.654001744681544,86.8,-0.4855529752916873,-8.601224133738459,0.9575324680011719,3.424159789830459,7991.999999999998,1.119125666099294,0.21528361062411355,
H3b,L32-exit,3p0kW,Xe3,c_up=1/160_c_exit=1/300_c_plume=1/32,vacuum,success,3.1939906627831727,6.946746435450754,-0.5402177562601759,39.60734229004646,86.8,-0.5436942132483127,-9.631154634684394,0.8450773598845678,2.9661779048033083,6992.999999999998,1.1181913495157088,0.17905726779603567,
H3b,L32-exit,3p0kW,Xe3,c_up=1/160_c_exit=1/300_c_plume=1/8,vacuum,success,3.2978316084785964,6.946746435450754,-0.5252696151900628,43.061096056570506,86.8,-0.5039044233113997,-8.926306927230508,1.0853677769075094,3.6955897731593566,7991.999999999998,1.071962068875984,0.20498207072880548,
H3b,L32-exit,3p0kW,Xe3,c_up=1/160_c_exit=1/800_c_plume=1/16,vacuum,success,3.026458221606106,6.946746435450754,-0.5643344334318245,27.239940885486202,86.8,-0.686175796250159,-12.155114105002815,1.227716340657,4.112426525431926,6992.999999999998,1.1722262013672893,0.08938236277047089,
H3b,L32-exit,3p0kW,Xe3,c_up=1/160_c_exit=1/800_c_plume=1/32,vacuum,success,2.7092488385894304,6.946746435450754,-0.6099974479040222,24.913425400630345,86.8,-0.7129789700388209,-12.629913183544826,1.0920573742946957,4.039157089832047,5993.999999999999,1.2470659916658169,0.08352032660922913,
H3b,L32-exit,3p0kW,Xe3,c_up=1/160_c_exit=1/800_c_plume=1/8,vacuum,success,2.789767639454964,6.946746435450754,-0.5984065827970667,27.786757980433688,86.8,-0.6798760601332524,-12.043518779503328,1.448715884614401,5.451715549047321,7991.999999999998,1.2191668779123144,0.10089785113747556,
H3b,L32-exit,3p0kW,Xe3,c_up=1/25_c_exit=1/100_c_plume=1/16,vacuum,success,5.693783521615492,6.946746435450754,-0.18036687037274318,79.58174739466023,86.8,-0.08315959222741673,-1.4731127765999534,1.3379341418110775,5.086913261880901,5993.999999999999,0.681498676741995,0.4055087061693241,
H3b,L32-exit,3p0kW,Xe3,c_up=1/25_c_exit=1/100_c_plume=1/32,vacuum,success,4.681825079952889,6.946746435450754,-0.3260405970685039,61.03168425670077,86.8,-0.29686999704261785,-5.258839947612087,1.4645515556102522,5.222471329382495,4994.999999999999,0.6855356526263459,0.2900478955822981,
H3b,L32-exit,3p0kW,Xe3,c_up=1/25_c_exit=1/100_c_plume=1/8,vacuum,success,5.5894836601080335,6.946746435450754,-0.19538107342112185,76.04921175776836,86.8,-0.12385700739898196,-2.1940384167819658,2.150618218605032,9.732267616757953,12986.999999999998,0.5744179520362276,0.37721758947421935,
H3b,L32-exit,3p0kW,Xe3,c_up=1/25_c_exit=1/300_c_plume=1/16,vacuum,success,4.167024664439216,6.946746435450754,-0.40014729151851786,64.22130314740308,86.8,-0.26012323562899675,-4.607897316856514,1.4940551285968457,5.977356523701893,5993.999999999999,0.8617498507540577,0.3608330829806322,
H3b,L32-exit,3p0kW,Xe3,c_up=1/25_c_exit=1/300_c_plume=1/32,vacuum,success,3.585482629728611,6.946746435450754,-0.48386159433844955,57.249705535756654,86.8,-0.34044118046363303,-6.030672339641499,3.149767937991363,17.817907968286253,3995.999999999999,1.0340807243263284,0.33325224515515084,
H3b,L32-exit,3p0kW,Xe3,c_up=1/25_c_exit=1/300_c_plume=1/8,vacuum,success,4.346396478990285,6.946746435450754,-0.374326309535399,64.67665493149059,86.8,-0.2548772473330577,-4.51496838132845,1.6962864171181884,7.525531205068395,5993.999999999999,0.8175488971420322,0.3508649228561932,
H3b,L32-exit,3p0kW,Xe3,c_up=1/25_c_exit=1/800_c_plume=1/16,vacuum,success,3.3096563397413417,6.946746435450754,-0.5235674181439174,43.88300333383424,86.8,-0.49443544546273915,-8.758570748197092,1.2695013097813126,5.009181081681649,5993.999999999999,1.026028643784705,0.21212115208297466,
H3b,L32-exit,3p0kW,Xe3,c_up=1/25_c_exit=1/800_c_plume=1/32,vacuum,success,3.5179073344938705,6.946746435450754,-0.4935892122762353,41.364874957978316,86.8,-0.5234461410371162,-9.272474498371771,1.1367126720232543,4.277054580700025,5993.999999999999,1.0573982765583063,0.17731816511629156,
H3b,L32-exit,3p0kW,Xe3,c_up=1/25_c_exit=1/800_c_plume=1/8,vacuum,success,3.7016959231364046,6.946746435450754,-0.46713242558475326,57.51972137976356,86.8,-0.3373303988506503,-5.975567065354376,1.0029637190167502,3.5776128081713874,5993.999999999999,1.0300035199815014,0.3258419522751143,
H3b,L32-exit,3p0kW,Xe3,c_up=1/64_c_exit=1/100_c_plume=1/16,vacuum,success,4.523711159413251,6.946746435450754,-0.3488014567038503,68.62868873105582,86.8,-0.20934690402009426,-3.708430871213098,0.9448017368215061,3.423308009610929,6992.999999999998,0.8510030029236282,0.379568992558066,
H3b,L32-exit,3p0kW,Xe3,c_up=1/64_c_exit=1/100_c_plume=1/32,vacuum,success,3.8289348720454295,6.946746435450754,-0.44881608856405864,56.16525877118154,86.8,-0.35293480678362277,-6.251988005881317,1.187277734751915,4.911352964965863,5993.999999999999,0.8951947444124215,0.3003528390327853,
H3b,L32-exit,3p0kW,Xe3,c_up=1/64_c_exit=1/100_c_plume=1/8,vacuum,success,4.706634442704735,6.946746435450754,-0.3224692326920472,64.17804345691275,86.8,-0.2606216191599914,-4.616725825119847,1.0794737503326544,3.6624039624397238,7991.999999999998,0.7297855425815947,0.31903378014944944,
H3b,L32-exit,3p0kW,Xe3,c_up=1/64_c_exit=1/300_c_plume=1/16,vacuum,success,3.7192564406895166,6.946746435450754,-0.4646045490145798,62.51143183850577,86.8,-0.27982221384209943,-4.956850645202904,1.3867696629456152,5.010962404453709,10988.999999999998,1.1067972756025368,0.3830336790376096,
H3b,L32-exit,3p0kW,Xe3,c_up=1/64_c_exit=1/300_c_plume=1/32,vacuum,success,3.30813766511174,6.946746435450754,-0.5237860348220578,46.641539587088396,86.8,-0.46265507388147015,-8.195604165900328,1.4655885100491244,5.773775032997962,4994.999999999999,0.9714207960551389,0.23973772156518777,
H3b,L32-exit,3p0kW,Xe3,c_up=1/64_c_exit=1/300_c_plume=1/8,vacuum,success,3.783310873097807,6.946746435450754,-0.45538376731432845,59.264220182698104,86.8,-0.3172324863744458,-5.619546901490182,1.0894793860143324,4.127446067258091,5993.999999999999,0.9737087712404353,0.3384443841726848,
H3b,L32-exit,3p0kW,Xe3,c_up=1/64_c_exit=1/800_c_plume=1/16,vacuum,success,3.3238633415762204,6.946746435450754,-0.5215222878132092,38.109587889229246,86.8,-0.5609494482807691,-9.93681879811648,1.1409592621624096,4.49038316947698,5993.999999999999,1.0318719236177127,0.15929404385930554,
H3b,L32-exit,3p0kW,Xe3,c_up=1/64_c_exit=1/800_c_plume=1/32,vacuum,success,3.4733224360836013,6.946746435450754,-0.5000073101332038,41.246132964383925,86.8,-0.5248141363550239,-9.296707558288993,0.9854611537096406,4.354005380904556,5993.999999999999,1.055706597585066,0.17856468239382517,
H3b,L32-exit,3p0kW,Xe3,c_up=1/64_c_exit=1/800_c_plume=1/8,vacuum,success,3.130529905218333,6.946746435450754,-0.5493530771121053,41.99605736911347,86.8,-0.5161744542728863,-9.143661761405413,1.3139944464174549,4.957313375119122,5993.999999999999,1.1062468131566956,0.20538720088996887,
